# ************************************************************
# Sequel Pro SQL dump
# Versión 4541
#
# http://www.sequelpro.com/
# https://github.com/sequelpro/sequelpro
#
# Host: cimogsys.espoch.edu.ec (MySQL 5.7.30)
# Base de datos: portal_fade
# Tiempo de Generación: 2020-08-20 15:39:34 +0000
# ************************************************************


/*!40101 SET @OLD_CHARACTER_SET_CLIENT=@@CHARACTER_SET_CLIENT */;
/*!40101 SET @OLD_CHARACTER_SET_RESULTS=@@CHARACTER_SET_RESULTS */;
/*!40101 SET @OLD_COLLATION_CONNECTION=@@COLLATION_CONNECTION */;
/*!40101 SET NAMES utf8 */;
/*!40014 SET @OLD_FOREIGN_KEY_CHECKS=@@FOREIGN_KEY_CHECKS, FOREIGN_KEY_CHECKS=0 */;
/*!40101 SET @OLD_SQL_MODE=@@SQL_MODE, SQL_MODE='NO_AUTO_VALUE_ON_ZERO' */;
/*!40111 SET @OLD_SQL_NOTES=@@SQL_NOTES, SQL_NOTES=0 */;


# Volcado de tabla asociacion
# ------------------------------------------------------------

DROP TABLE IF EXISTS `asociacion`;

CREATE TABLE `asociacion` (
  `id_asociacion` int(11) NOT NULL AUTO_INCREMENT,
  `nombre_asociacion` varchar(45) COLLATE utf8_unicode_ci NOT NULL,
  `vision_asociacion` text COLLATE utf8_unicode_ci NOT NULL,
  `mision_asociacion` text COLLATE utf8_unicode_ci NOT NULL,
  `telefono_asociacion` varchar(10) COLLATE utf8_unicode_ci NOT NULL,
  `creacion_asociacion` date NOT NULL,
  `cierre_asociacion` date DEFAULT NULL,
  `logo_asociacion` varchar(200) COLLATE utf8_unicode_ci DEFAULT NULL,
  `carrera_asociacion` int(11) NOT NULL,
  `alias_asociacion` varchar(150) COLLATE utf8_unicode_ci NOT NULL,
  `correo_asociacion` varchar(200) COLLATE utf8_unicode_ci NOT NULL,
  `facebook_asociacion` varchar(200) CHARACTER SET utf8 DEFAULT 'https://www.facebook.com/FacultadMecanicaEspoch/',
  PRIMARY KEY (`id_asociacion`),
  UNIQUE KEY `nombre_asociacion_UNIQUE` (`nombre_asociacion`),
  KEY `fk_asociacion_carrera1_idx` (`carrera_asociacion`),
  CONSTRAINT `fk_asociacion_carrera1` FOREIGN KEY (`carrera_asociacion`) REFERENCES `carrera` (`id_carrera`) ON DELETE NO ACTION ON UPDATE NO ACTION
) ENGINE=InnoDB DEFAULT CHARSET=utf8 COLLATE=utf8_unicode_ci;

LOCK TABLES `asociacion` WRITE;
/*!40000 ALTER TABLE `asociacion` DISABLE KEYS */;

INSERT INTO `asociacion` (`id_asociacion`, `nombre_asociacion`, `vision_asociacion`, `mision_asociacion`, `telefono_asociacion`, `creacion_asociacion`, `cierre_asociacion`, `logo_asociacion`, `carrera_asociacion`, `alias_asociacion`, `correo_asociacion`, `facebook_asociacion`)
VALUES
	(1,'Aso. Escuela de Administración de Empresas','Ser Precursores del desarrollo de la Carrera de Administración de empresas con acciones que respalden a la formación Académica deportiva social y cultural; Siendo así referentes de representación dentro y fuera de la carrera.','Representar a los estudiantes de administración de empresas con igualdad, liderazgo mediante el respaldo de sus derechos así también la gestión de eventos para que contribuyan de manera positiva al desarrollo académico y humanístico de las personas que cursan la carrera.','0984696010','2009-10-31',NULL,'Aso_Esc_Empresas.jpeg',1,'Empresas','carlosruiz1997.cr@gmail.com','https://www.facebook.com/ASOEIE/'),
	(2,'Aso. Contabilidad y Auditoría','Promover la excelencia y el liderazgo individual y colectivo de todos sus miembros para que participen activamente en la búsqueda de las soluciones más apropiadas a los problemas de nuestra sociedad.','Representar a los y las estudiantes de la escuela de Contabilidad y Auditoría para velar por sus intereses y a la vez generar un ambiente de confianza, basado en el respeto hacia los demás, fomentando así la unión y buenas relaciones entre los estudiantes de la escuela de contabilidad y auditoría.','0979382864','2005-04-20',NULL,'aso. contabilidad y auditoria.jpeg',1,'Contabilidad','gregory1999parreno@gmail.com','https://www.facebook.com/profile.php?id=100001755831308'),
	(3,'Aso. Marketing','La asociación de Marketing siempre buscara el reconocimiento de todos los allegados como una escuela prestigiosa llena de personas con calidad en donde se desenvolverán de manera activa y positiva ya sean en campos académicos, de entretenimiento, deportivos, políticos, etc. Sus beneficios serán aprovechados y explotados por quienes lo rodean, pues el estudiante marketero siempre será pieza fundamental de un grupo.','Somos los representantes de los estudiantes de la escuela de ingeniería en Marketing que busca el crecimiento especifico y el progreso en general de todos, siempre comprometidos con realizar un trabajo digno de ser apreciado por docentes y alumnos.','0982576362','2005-04-20','0000-00-00','aso_mkt.jpg',10,'Marketing','mauricio_ale12@hotmail.com','https://www.facebook.com/Asociaci%C3%B3n-de-Marketing-138453820239095/'),
	(4,'Aso. Finanzas','Ser un referente interno y externo de los valores y pensamientos de los estudiantes para el año 2020, para hacer de finanzas una carrera formadora de profesionales emprendedores e independientes con pensamiento crítico y conciencia social.','Somos representantes estudiantiles de la carrera de finanzas comprometidos a  velar por los intereses de los estudiantes de manera oportuna y  responsable, fomentando una mejor formación académica y defendiendo con firmeza sus derechos y obligaciones.','0995784213','1990-04-10',NULL,'aso_finanzas.png',8,'Comercio','anddy94be@gmail.com','https://www.facebook.com/carreradefinanzas/'),
	(5,'Aso. Gestión de Transporte','Ser una Asociación de estudiantes, líder y referente de la representación estudiantil  en la ESPOCH, promoviendo el desarrollo e investigación en los estudiantes, mediante la búsqueda de la excelencia, innovando con proyectos que permitan dar soluciones a muchas de las problemáticas de la sociedad, permitiendo a los estudiantes convertir su vida universitaria en una experiencia de calidad que lo lleve a ser un  profesional líder, competente y socialmente responsable.','Representar activamente a los estudiantes de la escuela de Gestión en Transporte para velar por el bienestar y los derechos de los estudiantes, conformándose como un organismo autónomo, pluralista, para asegurar a todos y cada uno de sus miembros el derecho al desarrollo personal, y a la vez fomentar una mejor formación académica y humana para mejorar el desarrollo integral de nuestros compañeros.','0998946181','2019-01-24',NULL,'ASO EGT.jpeg',12,'Aso. Gestión de Transporte','fcevallos1@hotmail.com','https://www.facebook.com/Aso-Escuela-Ingenier%C3%ADa-en-Gesti%C3%B3n-de-Transporte-1093178517394447/');

/*!40000 ALTER TABLE `asociacion` ENABLE KEYS */;
UNLOCK TABLES;


# Volcado de tabla autoridad
# ------------------------------------------------------------

DROP TABLE IF EXISTS `autoridad`;

CREATE TABLE `autoridad` (
  `id_autoridad` int(11) NOT NULL AUTO_INCREMENT,
  `nombres_autoridad` varchar(45) COLLATE utf8_unicode_ci NOT NULL,
  `apellidos_autoridad` varchar(45) COLLATE utf8_unicode_ci NOT NULL,
  `alta_autoridad` date NOT NULL,
  `foto_autoridad` varchar(200) COLLATE utf8_unicode_ci DEFAULT NULL,
  `hoja_vida_autoridad` varchar(100) COLLATE utf8_unicode_ci DEFAULT NULL,
  `baja_autoridad` date DEFAULT NULL,
  `facultad_autoridad` int(11) NOT NULL,
  `tipo_autoridad` int(11) NOT NULL,
  `escuela_autoridad` int(11) DEFAULT NULL,
  PRIMARY KEY (`id_autoridad`),
  UNIQUE KEY `foto_autoridad_UNIQUE` (`foto_autoridad`),
  UNIQUE KEY `hoja_vida_autoridad_UNIQUE` (`hoja_vida_autoridad`),
  KEY `fk_autoridad_facultad1_idx` (`facultad_autoridad`),
  KEY `fk_autoridad_escuela1_idx` (`escuela_autoridad`),
  KEY `fk_autoridad_tipo_autoridad1_idx` (`tipo_autoridad`),
  CONSTRAINT `FK_locations` FOREIGN KEY (`tipo_autoridad`) REFERENCES `tipo_autoridad` (`id_tipo_autoridad`) ON DELETE CASCADE,
  CONSTRAINT `fk_autoridad_escuela1` FOREIGN KEY (`escuela_autoridad`) REFERENCES `escuela` (`id_escuela`) ON DELETE NO ACTION ON UPDATE NO ACTION,
  CONSTRAINT `fk_autoridad_facultad1` FOREIGN KEY (`facultad_autoridad`) REFERENCES `facultad` (`id_facultad`) ON DELETE NO ACTION ON UPDATE NO ACTION,
  CONSTRAINT `fk_autoridad_tipo_autoridad1` FOREIGN KEY (`tipo_autoridad`) REFERENCES `tipo_autoridad` (`id_tipo_autoridad`) ON DELETE NO ACTION ON UPDATE NO ACTION
) ENGINE=InnoDB DEFAULT CHARSET=utf8 COLLATE=utf8_unicode_ci;

LOCK TABLES `autoridad` WRITE;
/*!40000 ALTER TABLE `autoridad` DISABLE KEYS */;

INSERT INTO `autoridad` (`id_autoridad`, `nombres_autoridad`, `apellidos_autoridad`, `alta_autoridad`, `foto_autoridad`, `hoja_vida_autoridad`, `baja_autoridad`, `facultad_autoridad`, `tipo_autoridad`, `escuela_autoridad`)
VALUES
	(1,'Ing. Jenny','Basantes PhD.','0000-00-00','Ing_Jenni_BF.jpg','Ing Jenny Basantes DECANA FADE.pdf',NULL,1,8,NULL),
	(2,'Ing. Rodrigo','Moreno, Mgs.','0000-00-00','Ing Rodrigo Moreno.jpg','hoja.pdf',NULL,1,13,NULL),
	(3,'Ing. Wiliam','Pilco, PhD.','0000-00-00','WILIAN PILCO.jpg','Hoja de vida WILIAN PILCO.pdf',NULL,1,4,NULL),
	(4,'Ing. Juan Alberto','Ávalos Reyes, Mgs.','0000-00-00','mgs.jpg','JAAR_38ea7.pdf',NULL,1,10,NULL),
	(5,'Ing. Carlos','Delgado, Mgs.','0000-00-00','director-marketin.jpg','Ing. Carlos Delgado MARKETING.pdf',NULL,1,9,NULL),
	(6,'Ing. Homero','Suárez, Mgs.','0000-00-00','director-conta.jpg','HOJA DE VIDA 2.pdf',NULL,1,3,NULL),
	(8,'Ing. César','Villa, Mgs.','0000-00-00','ing. cesar.jpg','HOJA DE VIDA 2018.pdf',NULL,1,11,NULL),
	(9,'Ing. Fernando','Esparza Paz MDE.','0000-00-00','Ing. Fernando Esparza.jpg','Hoja de Vida Fernando Esparza. ESPOCH. Enero 2019 (1).pdf',NULL,1,14,NULL);

/*!40000 ALTER TABLE `autoridad` ENABLE KEYS */;
UNLOCK TABLES;


# Volcado de tabla cache
# ------------------------------------------------------------

DROP TABLE IF EXISTS `cache`;

CREATE TABLE `cache` (
  `key` varchar(255) COLLATE utf8_unicode_ci NOT NULL,
  `value` text COLLATE utf8_unicode_ci NOT NULL,
  `expiration` int(11) NOT NULL,
  UNIQUE KEY `cache_key_unique` (`key`)
) ENGINE=InnoDB DEFAULT CHARSET=utf8 COLLATE=utf8_unicode_ci;



# Volcado de tabla carrera
# ------------------------------------------------------------

DROP TABLE IF EXISTS `carrera`;

CREATE TABLE `carrera` (
  `id_carrera` int(11) NOT NULL AUTO_INCREMENT,
  `alias_carrera` varchar(150) COLLATE utf8_unicode_ci NOT NULL,
  `nombre_carrera` varchar(150) COLLATE utf8_unicode_ci NOT NULL,
  `mision_carrera` text COLLATE utf8_unicode_ci,
  `vision_carrera` text COLLATE utf8_unicode_ci,
  `malla_carrera` varchar(45) COLLATE utf8_unicode_ci DEFAULT '',
  `duracion_carrera` varchar(45) COLLATE utf8_unicode_ci DEFAULT '',
  `creacion_carrera` date DEFAULT NULL,
  `logo_carrera` varchar(200) COLLATE utf8_unicode_ci DEFAULT '',
  `cierre_carrera` date DEFAULT NULL,
  `perfil_carrera` text COLLATE utf8_unicode_ci,
  `campo_carrera` text COLLATE utf8_unicode_ci,
  `escuela_carrera` int(11) DEFAULT NULL,
  `titulo_carrera` varchar(200) COLLATE utf8_unicode_ci DEFAULT '',
  `modalidad_carrera` varchar(200) COLLATE utf8_unicode_ci DEFAULT '',
  `logo_ocupacional` varchar(200) CHARACTER SET utf8 DEFAULT '',
  `logo_perfil` varchar(200) CHARACTER SET utf8 DEFAULT '',
  `logo_malla` varchar(200) CHARACTER SET utf8 DEFAULT '',
  `fondo_carrera` varchar(80) CHARACTER SET utf8 DEFAULT NULL COMMENT 'campo para guardar el nombre del archivo imagen para el fondo',
  `estado_carrera` int(11) NOT NULL DEFAULT '0',
  `correo_carrera` varchar(50) COLLATE utf8_unicode_ci DEFAULT NULL,
  PRIMARY KEY (`id_carrera`),
  UNIQUE KEY `nombre_carrera|_UNIQUE` (`nombre_carrera`),
  UNIQUE KEY `alias_carrera_UNIQUE` (`alias_carrera`),
  KEY `fk_carrera_escuela1_idx` (`escuela_carrera`),
  CONSTRAINT `fk_carrera_escuela1` FOREIGN KEY (`escuela_carrera`) REFERENCES `escuela` (`id_escuela`) ON DELETE NO ACTION ON UPDATE NO ACTION
) ENGINE=InnoDB DEFAULT CHARSET=utf8 COLLATE=utf8_unicode_ci;

LOCK TABLES `carrera` WRITE;
/*!40000 ALTER TABLE `carrera` DISABLE KEYS */;

INSERT INTO `carrera` (`id_carrera`, `alias_carrera`, `nombre_carrera`, `mision_carrera`, `vision_carrera`, `malla_carrera`, `duracion_carrera`, `creacion_carrera`, `logo_carrera`, `cierre_carrera`, `perfil_carrera`, `campo_carrera`, `escuela_carrera`, `titulo_carrera`, `modalidad_carrera`, `logo_ocupacional`, `logo_perfil`, `logo_malla`, `fondo_carrera`, `estado_carrera`, `correo_carrera`)
VALUES
	(1,'empresas','Administración de Empresas','Formar profesionales competentes en Administración de Empresas, con criterio humanista, científico;\r\nmediante la actualización constante en docencia, investigación y vinculación con la colectividad, en un marco\r\nde calidez y calidad, para contribuir en la construcción de una sociedad más justa, productiva, innovadora, con\r\nprofundo impacto, en el entorno regional y nacional, así como su desarrollo socio económico sostenible y del\r\nbuen vivir.','Ser una carrera reconocida por su calidad académica e investigativa en Administración de Empresas, líder a\r\nnivel regional y nacional, acreditada, competitiva, con infraestructura física y tecnológica moderna,\r\nfortalecida mediante alianzas estratégicas para el cumplimiento de su rol en la sociedad.','Malla_Lic_Empresas.pdf','9','2016-10-31','logo-empresas-color.png',NULL,'El perfil de egreso del profesional en Administración de Empresas está enfocado en base a los logros del\r\naprendizaje en tres características (personal, social y profesional) para consolidar sus valores referentes a la\r\npertinencia, la bio-conciencia, la participación responsable, la honestidad, y otros, tomando en consideración\r\nque el ser humano es un ente bio-sico-social, que requiere de motivación, oportunidades y espacios en los\r\ncuales pueda demostrar su aptitud y actitud, reflejadas en el desarrollo de las responsabilidades sobre todo\r\nprofesionales.','Conocimientos.- Contabilidad, Finanzas, mercados, economía operaciones, estadística, planeamiento\r\nestratégico,\r\n• Administración el Talento Humano, producción, gestión y Tecnologías de la información (software\r\naplicado a la administración), investigador de los problemas en el ámbito de la administración de\r\nempresas públicas, privadas y de la economía social y solidaria, vinculado con la realidad empresarial,\r\nautogestión, relaciones humanas.',1,'Licenciado/a de Empresas','Presencial','conta1.jpg','conta3.jpg','conta2.jpg','empresas.png',0,'empresas.matricula@espoch.edu.ec'),
	(2,'contabilidad','Contabilidad y Auditoría','Formar profesionales en Contabilidad y Auditoría con un nivel científico, investigativo y humanístico; líderes, creativos, transformadores, capaces de evaluar, proponer e implementar soluciones a la gestión  económico-financiera, con valores éticos,  para  contribuir  al desarrollo sustentable del país en el marco del buen vivir.','Ser líderes en la formación académica, investigativa  e integral de profesionales en Contabilidad y Auditoría, promoviendo el desarrollo y generando cambios en la gestión del sector público y privado con criterios de calidad, excelencia, pertinencia y reconocimiento social.','Malla_Lic_Contabilidad_Auditoria.pdf','9','2016-10-31','contabilidad.png',NULL,'El Ingeniero en Contabilidad y Auditoría CPA, al término de su carrera, estará en capacidad de: Aplicar conocimientos de contabilidad y auditoría, cálculo matemático, estadístico y computación para resolver problemas empresariales y contribuir con calidad a la toma de decisiones en las organizaciones. Evaluar los sistemas de gestión y control interno, para garantizar la calidad y eficiencia en los aspectos empresariales, sociales, económicos, tributarios y áreas relacionadas. Analizar problemas, interpretar datos y presentar soluciones en temas referentes a las áreas: contable, financiera, tributaria y operativa de las empresas. Realizar auditorías financieras aplicando los principios y normas nacionales e internacionales, para la toma de decisiones en las empresas u organizaciones. Formar parte de equipos multidisciplinarios para el desarrollo de auditorías integrales, sistemas de control y formulación de proyectos de investigación Manejar con habilidad las Tics y software especializado como una herramienta práctica de la ingeniería para análisis, diseño, investigación y comunicación. Demostrar y practicar los valores éticos y morales en su actividad profesional.','El campo de actuación profesional  del Licenciado de Contabilidad y Auditoría es el Sector privado y  el Sector público;  la actividad profesional puede  desarrollarse tanto en forma Independiente como de manera Dependiente.\r\n\r\n1.	Rol de Contador:\r\n      Contador General\r\n      Contador de Costos\r\n      Asistente Contable\r\n \r\n2.	Rol de Auditor:\r\nAuditor Interno\r\nAuditor Externo\r\nSupervisor\r\nAuditor Senior\r\nAsistente de Auditoría\r\n \r\n3.	Rol de Director:\r\nDirector Financiero,\r\nDirector de Presupuestos\r\n \r\n4.	Rol de Asesor Empresarial:\r\nNiveles Directivo,\r\nNivel Ejecutivos\r\nNiveles  Operativos\r\n \r\n5.	Rol de Consultor:\r\nÁreas: Tributaria, Contable, Auditoría, Finanzas\r\n \r\n6.	Rol de Contralor:\r\nInstituciones Públicas\r\nContraloría General del Estado\r\n \r\n7.	Rol de Comisario:\r\nInterventor\r\n \r\n8.	Rol de Empresario\r\nEmprendedor\r\n    \r\n9.	Rol de Docente Investigador:\r\nNivel Superior,\r\nNivel Medio\r\nNivel Tecnológico',2,'Licenciado/a en Contabilidad y Auditoría','Presencial','conta1.jpg','conta3.jpg','conta4.jpg','contabilidad.png',0,'contabilidad.matricula@espoch.edu.ec'),
	(7,'comercio','Comercio Exterior','Formar profesionales competentes y humanistas, con habilidades y destrezas emprendedoras, en el contexto nacional e internacional destacando el espíritu de responsabilidad social y ética profesional, para responder, a los requerimientos del buen vivir.','Ser una carrera con referente nacional e internacional, en el comercio exterior, alcanzando estándares de calidad en docencia universitaria e investigativa, cumpliendo las expectativas del buen vivir.','malla_mantenimiento.pdf','9','1999-06-22','fade-color.png',NULL,'El ingeniero (a) en Comercio Exterior está capacitado para: Comprender el funcionamiento de los mercados internacionales, en general, para obtener las mayores ventajas competitivas en las empresas y organizaciones donde se desempeñe laboralmente o como empresario o profesionista independiente, siempre apegándose a los principios de la ética profesional. Entender el entorno económico nacional e internacional en el ámbito, político, social y cultural, permitiéndole identificar oportunidades de negocios a favor de las empresas y las organizaciones que requieran de sus servicios, contribuyendo al logro de los objetivos organizacionales y a la propia definición de los mismos. Analizar y aplicar técnicas de negociaciones internacionales, para resolver los problemas derivados de las relaciones comerciales, que pudiera existir entre las organizaciones del país y sus contrapartes en los países extranjeros. Elaborar planes de negocios internacionales que permita','Director de equipos de investigación. Directivo o ejecutivo a nivel superior. Funcionario comercial en asuntos internacionales. Agente de aduanas y de otros servicios. Agente naviero. Consultor analítico propositivo en el área de comercio exterior. y aduanas. Asesor de comercio exterior y aduanas. Empresario independiente de comercio exterior y aduanas. Perito en su ámbito. Especialista en logística y transporte nacional e internacional Docente educación media y superior, Ocupaciones afines, entre otras.',3,'Licenciado en Comercio Exterior','Presencial','','','','comercio.png',2,NULL),
	(8,'finanzas','Finanzas','Formar Licenciados(as) en finanzas con conocimientos, habilidades y actitudes\r\nvinculados al área que permitan ser aplicados en las organizaciones, ya sea en forma\r\nexterna o interna respondiendo a las exigencias del Plan Nacional del Buen Vivir,\r\ncontribuyendo al desarrollo socio económico y cultural del país.','Ser una carrera con referente nacional en el desarrollo académico y empresarial en el\r\npróximo quinqueño de las ciencias administrativas, gestiòn y vinculación, en los\r\námbitos económicos financieros alcanzando estándares de calidad y calidez\r\ninternacionales de docencia universitaria e investigativa, cumpliento las espectativas\r\ndel buen vivir','Malla_LIC_FINANZAS.pdf','9','2004-09-13','finanzas.png',NULL,'El estudiante al finalizar su formación será capaz de:\r\nEl Licenciado Financiero es un profesional capacitado con conocimientos básicos sólidamente establecidos y una formación\r\nfinanciera - humanística equilibrada que le permite acceder a los requerimientos del sector público y privado. Además, de su\r\nformación en el proceso financiero, participa en análisis e interpretación de balances con alta capacidad de análisis crítico de\r\nlas situaciones problémicas relacionadas con la profesión y que permitan una correcta toma de decisiones en la organización.\r\nSus valores, actitudes y conductas le permiten participar en forma activa y consciente en la transformación de la sociedad y del\r\nsector.\r\nSu formación lo proyecta para continuar su carrera en temas de investigación sobre distintas especialidades del campo de la\r\nlicenciatura en finanzas pudiendo acceder a los más altos niveles de postgrado.','El Licenciado Financiero puede trabajar profesionalmente como:\r\nGerente General\r\nJefe Financiero\r\nAsesor Financiero.\r\nAsesor Tributario.\r\nJefe de Presupuestos\r\nAsesor de Inversiones\r\nEmprendedor de PYMES\r\nLogística Financiera\r\nTesorero\r\nOficial de créditos.\r\nJefe de Adquisiciones.\r\nAuditor Financiero\r\nPeritos Financieros\r\nConsultor especializado.\r\nJefe de Planificación\r\nAsistente Administrativo.\r\nTécnico de proyectos.\r\nComercializador.\r\nDocencia\r\nOtros.',4,'Licenciado/a en finanzas','Presencial','finanzase4.jpg','finanzas3.jpg','finanzas2.jpg','finanzas.png',0,'criss9064@gmail.com'),
	(10,'marketing','Marketing','Formar académica y axiológicamente profesionales íntegros, competentes, con capacidad emprendedora en las dimensiones de análisis y acción del Marketing para garantizar el desarrollo sustentable y sostenible del país respondiendo a los objetivos del Plan Nacional para el Buen Vivir.','Hacer del marketing una ciencia administrativa social eficiente, eficaz, económica, diferenciadora y estratégica, que actúe bajo la filosofía de la Responsabilidad Social Corporativa para que las empresas locales y nacionales puedan enfrentar los desafíos y los retos que presenta el mercado de bienes y servicios en general.','Proyecto1.mpp','10 semestres','2018-07-13','marketing.png',NULL,'El Ingeniero en Marketing de la ESPOCH tendrá sólidas destrezas cualitativas y cuantitativas con un alto espíritu innovador y de trabajo en equipo que le permitirá adaptarse con facilidad a los cambios a partir de una formación integral y emprendedora, liderará los procesos de mercadeo de bienes y servicios en empresas privadas y públicas , a través de la planificación, organización, ejecución, supervisión y evaluación de las estrategias de marketing a través de planes, en base del estudio y análisis del entorno económico, político, social del país y cultural de la organización asumiendo sus decisiones empresariales con responsabilidad y ética social.','Nuestro profesional politécnico cuenta con las competencias necesarias para desempeñarse como gerente, director, jefe, coordinador de: Marketing - Mercadeo Producto o marca Medios masivos Medios y áreas directas de comunicación, promoción, publicidad y merchandising Relaciones Públicas Jefe de Proyectos Supervisor de Ventas Ejecutivo en Ventas Investigación de mercados Consultor de PYMES Proveedor de servicios de marketing – consultor Gerente de logística y distribución Gerente de promociones Empresario Universidades',1,'Ingeniería en Marketing','presencial','Sirenas-300x223.jpg','perros-en-computadora.jpg','gold-fish-masoud-saadatmand.jpg','marketing.png',2,NULL),
	(11,'mercadotecnia','Mercadotecnia','Formar académica y axiológicamente profesionales íntegros, competentes, con\r\ncapacidad emprendedora en las dimensiones de análisis y acción de la Mercadotecnia\r\npara garantizar el desarrollo sustentable y sostenible del país respondiendo con alta\r\npertinencia a los objetivos del Plan Nacional para el Buen Vivir.','Ser el referente nacional e internacional en el desarrollo académico y empresarial de\r\nla Mercadotecnia en la próxima década con aplicación de investigación, gestión y\r\nvinculación; alcanzando estándares de calidad y calidez de docencia e investigación\r\nuniversitaria.','marketing.png','9','2018-10-01','marketing.png',NULL,'Garantizar un comportamiento ético para motivar una contribución especializada pero a la vez humanística a la sociedad\r\nen el ejercicio profesional.\r\n• Practicar la solidaridad, responsabilidad, tolerancia y honestidad en su desempeño profesional.\r\n• Promover el cuidado y protección del medio ambiente por medio del establecimiento de estrategias y planes, que\r\ngaranticen un desarrollo sostenible y sustentable.\r\n• Proponer soluciones a los problemas de la mercadotecnia mediante un análisis crítico del entorno.\r\nReconocer el enfoque de la mercadotecnia como ciencia social y la importancia de los principios administrativos, legales,\r\neconómicos y contables y su aplicación de forma adecuada en las actividades empresariales.\r\n• Diferenciar los elementos que componen la identidad, los orígenes y tendencias de la realidad social, económica y política\r\ndel Ecuador y su entorno internacional.\r\n• Conocer la realidad del entorno local, regional y nacional, analizando cuál es la contribución de la carrera de\r\nmercadotecnia con el cambio de la matriz productiva y el desarrollo del Buen Vivir.\r\n• Comprender las diferentes áreas del conocimiento de la mercadotecnia integrando conceptos fundamentales sobre la\r\ngestión del producto, la gestión comercial, la gestión comunicacional y la gestión de precios para enfrentar los desafíos de la\r\ndinámica empresarial.\r\nDemostrar capacidad de razonamiento lógico, verbal, numérico y abstracto para enfrentar con éxito el ejercicio\r\nprofesional.\r\n• Lograr una comunicación efectiva escrita, oral y digital tanto en su lengua materna como en una extranjera.\r\n• Fundamentar una correcta toma de decisiones por medio del manejo de las TIC´s y software especializado como una\r\nherramienta práctica de la carrera que facilite la investigación, elaboración, implementación y evaluación de estrategias.\r\n• Trabajar en equipos multidisciplinarios e interculturales con elevado nivel de pertenencia empresarial e involucramiento\r\nsocial.\r\n• Identificar problemas del entorno para procesarlos metodológicamente.\r\n• Asumir una cultura de perfeccionamiento cognitivo para enfrentar con oportunidad y pertinencia los retos del mundo\r\ncontemporáneo.\r\nDesarrollar estrategias de mercadotecnia financieramente sólidas que fomenten relaciones duraderas entre la empresa, sus\r\nclientes y proveedores.','Sin datos',4,'Licenciado/a en Mercadotecnia','Presencial','gestion1.jpg','marketing2.jpg','marketing1.jpg','mercadotecnia.png',0,'mercadotecnia.matricula@espoch.edu.ec'),
	(12,'transporte','Gestión de Transporte','Formar profesionales líderes en la operacionalidad y funcionalidad del tránsito, transporte y seguridad vial, aplicando herramientas científicas y tecnológicas modernas, orientadas a contribuir al desarrollo socio económico, al mejoramiento del sistema del transporte en bien de la sociedad y la conservación del ambiente.','La carrera de licenciatura en Gestión de Transporte será líder en la formación\r\nde profesionales éticos, con sólidos conocimientos en la ciencia, tecnología,\r\ncultura e investigación, aplicadas a las diferentes modalidades del transporte\r\ngarantizando una eficiente movilidad, así contribuir al desarrollo sustentable\r\ndel País.','Malla_Gestion_Trasnporte_2018.pdf','9 semestres','2014-05-06','logo-transportes.png',NULL,'El estudiante al finalizar su formación profesional, debe ser capaz de demostrar sus capacidades relacionadas con conocimientos (saber), habilidades y destrezas (saber hacer) y actitudes (saber ser) en relación con las necesidades del contexto, particularmente: Planificar y administrar en forma eficiente, eficaz y económica los recursos financieros en las organizaciones con actitud y visión emprendedora. Gestionar la diversidad de procesos en el ámbito financiero, aplicando adecuadamente las normativas legales y técnicas vigentes para generar información financiera de calidad, que facilite la toma de decisiones en la organización. Comunicarse correctamente de manera verbal y escrita. Proporcionar asesoría financiera y de control, utilizando herramientas tecnológicas que faciliten el manejo de la información. Capacidad para identificar las oportunidades de aprendizaje continuo para el desarrollo y mejoramiento profesional. Habilidad para comunicarse en más de un idioma como medio de interrelación profesional con el contexto. Demostrar y practicar los valores éticos y morales en su actividad profesional.','El Licenciado en Gestión de Transporte de la ESPOCH, está capacitado para: Planificar, diseñar, controlar y mantener sistemas de transporte terrestre, marítimo, fluvial, aéreo, multimodal. Desagregar e innovar alternativas científicas, tecnológicas relacionadas al transporte en beneficio del País, implementar u optimizar modelos, procesos de transportación y de reingeniería, conjugando para ello conocimientos actualizados de ingeniería del transporte, automatización, sistematización, modelación de procesos, gestión y administración del transporte. Por lo que el Ingeniero en Gestión del Transporte garantiza a la sociedad la movilidad de personas y bienes en forma eficiente y segura. Para cumplir con sus funciones deberá: Trabajar en equipos multi e interdisciplinarios en investigación de bienes y servicios; Comunicarse escrita y oralmente con suficiencia en más de un idioma; Tomar decisiones técnica y económicamente sustentadas en el ámbito.',4,'Licenciado/a en Gestión de Transporte','Presencial','gestiona4.jpg','gestion2.jpg','gestion1.jpg','transporte.png',0,'gtransporte.matricula@espoch.edu.ec'),
	(19,'Ingeniería de Empresas','Ingeniería de Empresas','Formar profesionales competentes en ciencias administrativas, con criterio humanista, científico; mediante la actualización y adecuación constantes de la docencia, la investigación y la vinculación con la colectividad. Mismos que en un marco de calidad, contribuyan a construir una sociedad productiva, innovadora, con profundo Impacto, en el entorno regional y nacional, así como su desarrollo socioeconómico, sostenible y del buen vivir','Ser una carrera reconocida por su calidad académica e investigativa en ciencias administrativas, con liderazgo a nivel regional y nacional, acreditada, talento humano competitivo, infraestructura física y tecnológica moderna, fortalecida mediante alianzas estratégicas nacionales e internacionales en sus funciones esenciales','Malla_Empresas_2013.pdf','10','1978-08-24','empresas.png',NULL,'Se tiende a la formación de un perfil profesional donde los ámbitos disciplinarios y profesionales específicos se articulen con una formación intelectual, ética y cultural propia de la realidad nacional e internacional.\r\nDicho perfil debe mantener:\r\n* Énfasis en el desarrollo de habilidades y actitudes para innovar, emprender consciente de su responsabilidad social.\r\n* Vincular la academia y la empresa con miras al desarrollo sustentable\r\n* Incorporar los cambios, avances e innovaciones que se producen en el campo de la administración.\r\n* Avanzar hacia niveles internacionales de calidad en la educación superior.\r\n* Insertar a los profesionales de la administración dentro de las tendencias actuales a través de la investigación y la formación de “administradores empresarios”.\r\n* Incorporar los nuevos conceptos al perfil profesional, enfocándolas hacia la tecnología, sin olvidar la ética, los valores y la responsabilidad social.\r\n* Liderar el talento humano involucrado en función al mejoramiento de la eficiencia organizativa.\r\n* Comunicarse en forma clara, precisa y oportuna, en su desempeño personal y profesional.\r\n* Generar, facilitar e incentivar procesos de cambios que permitan sostener a las organizaciones en un alto nivel competitivo.\r\n* Orientación hacia resultados y emprendedor, abierto al cambio e innovación.','Diseño e implementación de estructuras organizacionales.\r\nESCUELA INGENIERIA DE EMPRESAS. \r\nDiseño de distribución en planta.\r\nImplementación de procesos productivos.\r\nAdministración de Sistemas de Recursos Humanos.\r\nDesarrollo e implementación de sistemas de contabilidad.\r\nAnálisis financiero.\r\nInvestigación y formulación de modelos matemáticos para la toma de decisiones.\r\nEvaluación y control de los impactos económicos, sociales en el desarrollo de proyectos.\r\nActualización de conocimientos según los requerimientos científicos, tecnológicos y socio humanísticos de su actividad.\r\nEmprendimiento y Administración de empresas, relacionada con las áreas funcionales.\r\nInvestigación y docencia en centros de de investigación y de educación superior en áreas de la Administración.\r\nAsesorías y consultorías en las áreas de la Administración.\r\nGestión y mercadeo de bienes y servicios en diferentes sectores de la economía.',1,'INGENIERIA DE EMPRESAS','Presencial','empresas3.jpg','empresas2.jpg','empresas1.jpg',NULL,1,NULL),
	(20,'Ingeniería en Contabilidad y Auditoría CPA','Ingeniería en Contabilidad y Auditoría CPA','Formar profesionales en Contabilidad y Auditoría con un alto nivel científico, investigativo y humanístico, líderes, creativos, transformadores, capaces de evaluar, proponer e implementar soluciones a la gestión económico-financiera, con valores éticos, para contribuir al desarrollo sustentable del país en el marco del buen vivir.','Líder en la formación académica, Investigativa e integral de profesionales en Contabilidad y Auditoría, agentes de desarrollo y generadores de cambio en la gestión del sector público y privado con criterios de calidad, excelencia, pertinencia y reconocimiento social.','Malla_Curricular_Ing_Contabilidad.pdf','10','2003-07-29','Ing_contabilidad_Auditoria.png',NULL,'El Ingeniero en Contabilidad y Auditoría CPA, al término de su carrera, estará en capacidad de:\r\nAplicar conocimientos de contabilidad y auditoría, cálculo matemático, estadístico y computación para resolver problemas empresariales y contribuir con calidad a la toma de decisiones en las organizaciones.\r\nEvaluar los sistemas de gestión y control interno, para garantizar la calidad y eficiencia en los aspectos empresariales, sociales, económicos, tributarios y áreas relacionadas.\r\nAnalizar problemas, interpretar datos y presentar soluciones en temas referentes a las áreas: contable, financiera, tributaria y operativa de las empresas.\r\nRealizar auditorías financieras aplicando los principios y normas nacionales e internacionales, para la toma de decisiones en las empresas u organizaciones\r\nFormar parte de equipos multidisciplinarios para el desarrollo de auditorías integrales, sistemas de control y formulación de proyectos de investigación\r\nManejar con habilidad las Tics y software especializado como una herramienta práctica de la ingeniería para análisis, diseño, investigación y comunicación.\r\nDemostrar y practicar los valores éticos y morales en su actividad profesional.','Aplicar conocimientos de contabilidad y auditoría, cálculo matemático, estadístico y computación para resolver problemas empresariales y contribuir con la toma de decisiones en las organizaciones.\r\nEvaluar los sistemas de gestión y control interno, para garantizar la calidad y eficiencia en los aspectos empresariales, sociales, económicos, tributarios y áreas relacionadas.\r\nAnalizar problemas, interpretar datos y presentar soluciones en temas referentes a las áreas: contable, financiera, tributaria y operativa de las empresas.\r\nRealizar auditorías financieras aplicando Normas de Información Financiera, nacionales e internacionales, para la toma de decisiones en las empresas u organizaciones\r\nFormar parte de equipos multidisciplinarios para el desarrollo de auditorías integrales, sistemas de control y formulación de proyectos de investigación',2,'Ingeniero/a en Contabilidad y Auditoría CPA','Presencial','conta2.jpg','contaa2.jpg','conta1.jpg',NULL,1,NULL),
	(21,'Ingeniería en Comercio Exterior','Ingeniería en Comercio Exterior','Formar profesionales competentes y humanistas, con habilidades y destrezas emprendedoras, en el contexto nacional e internacional destacando el espíritu de responsabilidad social y ética profesional, para responder, a los requerimientos del buen vivir.','Ser una carrera con referente nacional e internacional, en el comercio exterior, alcanzando estándares de calidad en docencia universitaria e investigativa, cumpliendo las expectativas del buen vivir.','Malla_Ing_Finanzas_2013.pdf','10','2000-03-29','fade-color.png',NULL,'El ingeniero (a) en Comercio Exterior está capacitado para:\r\nComprender el funcionamiento de los mercados internacionales, en general, para obtener las mayores ventajas competitivas en las empresas y organizaciones donde se desempeñe laboralmente o como empresario o profesionista independiente, siempre apegándose a los principios de la ética profesional.\r\nEntender el entorno económico nacional e internacional en el ámbito, político, social y cultural, permitiéndole identificar oportunidades de negocios a favor de las empresas y las organizaciones que requieran de sus servicios, contribuyendo al logro de los objetivos organizacionales y a la propia definición de los mismos.\r\nAnalizar y aplicar técnicas de negociaciones internacionales, para resolver los problemas derivados de las relaciones comerciales, que pudiera existir entre las organizaciones del país y sus contrapartes en los países extranjeros.\r\nElaborar planes de negocios internacionales que permitan lograr resultados económicos, financieros y tecnológicos favorables, con otros países, sin perder de vista la dimensión ética y la necesidad de protección del medio ambiente para posibilitar la sustentabilidad de nuestro país.\r\nHabilidad para comunicarse en más de un idioma como medio de interrelación profesional con el contexto.\r\nDemostrar y practicar los valores éticos y morales en su actividad profesional.','Director de equipos de investigación. Directivo o ejecutivo a nivel superior. Funcionario comercial en asuntos internacionales. Agente de aduanas y de otros servicios. Agente naviero. Consultor analítico propositivo en el área de comercio exterior. y aduanas. Asesor de comercio exterior y aduanas. Empresario independiente de comercio exterior y aduanas. Perito en su ámbito. Especialista en logística y transporte nacional e internacional Docente educación media y superior, Ocupaciones afines, entre otras.',8,'Ingeniero/a en Comercio Exterior','Presencial','finanzasea4.jpg','finanzasa3.jpg','finanzasa2.jpg',NULL,1,NULL),
	(22,'Ingeniería Financiera','Ingeniería Financiera','Formar profesionales competentes, humanistas, y emprendedores, que contribuyan al desarrollo sostenible del país, respondiendo a las exigencias del buen vivir bajo el entorno globalizado.','“Ser una carrera con referente nacional en el desarrollo académico y empresarial en el próximo quinquenio de las ciencias administrativas, gestión y vinculación, en los ámbitos económicos financieros alcanzando estándares de calidad y calidez internacionales de docencia universitaria e investigativa, cumpliendo las expectativas del buen vivir.”','Malla_Ing_Finanzas_2013.pdf','10','2000-03-28','finanzas.png',NULL,'El estudiante al finalizar su formación profesional, debe ser capaz de demostrar sus capacidades relacionadas con conocimientos (saber), habilidades y destrezas (saber hacer) y actitudes (saber ser) en relación con las necesidades del contexto, particularmente:\r\nPlanificar y administrar en forma eficiente, eficaz y económica los recursos financieros en las organizaciones con actitud y visión emprendedora.\r\nGestionar la diversidad de procesos en el ámbito financiero, aplicando adecuadamente las normativas legales y técnicas vigentes para generar información financiera de calidad, que facilite la toma de decisiones en la organización.\r\nComunicarse correctamente de manera verbal y escrita.\r\nProporcionar asesoría financiera y de control, utilizando herramientas tecnológicas que faciliten el manejo de la información.\r\nCapacidad para identificar las oportunidades de aprendizaje continuo para el desarrollo y mejoramiento profesional.\r\nHabilidad para comunicarse en más de un idioma como medio de interrelación profesional con el contexto.\r\nDemostrar y practicar los valores éticos y morales en su actividad profesional.','Gerente Financiero, Director Financiero, Analista Financiero, Contador de Costos, Jefe de Presupuestos, Jefe de Cartera, Jefe de Inversiones, Jefe de Riesgos, Tesorero, Contralor, Contador General, Auditor Interno, Auditor Externo, Comisario, Perito en su ámbito, Consultor en los campos financiero, contable y de auditoría, Empresario Independiente, Docente de educación superior, Gerente de empresas, Asesoría Contable, financiera, Ocupaciones afines, entre otras.',8,'Ingeniero/a en Finanzas','Presencial','finanzaseaa4.jpg','finanzasaa2.jpg','finanzasa1.jpg',NULL,1,NULL),
	(23,'Ingeniería Comercial','Ingeniería Comercial','Formar profesionales competentes y eficientes con responsabilidad social en gestión comercial de las organizaciones, mediante la investigación y análisis en el campo científico y técnico empresarial , con capacidad para generar e identificar oportunidades de negocios competitivos a través de un proceso educativo de excelencia académica que incorpora los instrumentos y tendencias modernas de la gestión; promoviendo el emprendimiento de los negocios de actualidad e innovadores, para el desarrollo local, nacional e internacional, garantizando el desarrollo sustentable y sostenible del país de acuerdo a los objetivos del Plan Nacional para el Buen Vivir.','Ser una carrera reconocida por la calidad de profesionales en el ámbito local, nacional e internacional, basado en el compromiso social, la investigación y la formación académica, alcanzando estándares de calidad y calidez de docencia e investigación universitaria.','Malla_Ing_Comercial_2012.pdf','10','2005-09-21','fade-color.png',NULL,'La Ingeniera o Ingeniero Comercial será capaz de:\r\nComunicarse correctamente de manera verbal y escrita\r\nInvestigar las necesidades y deseos de los consumidores, detectando oportunidades y tendencias cualitativas y cuantitativas en el mercado a través de herramientas estadísticas.\r\nEl Ingeniero Comercial de la ESPOCH-FADE será un profesional con capacidad para actuar en una economía global, su preparación académica e investigativa, está orientada a formar personas con liderazgo y espíritu emprendedor; dotado de habilidades, destrezas, actitudes, valores y de una alta responsabilidad social para desempeñarse profesionalmente en una forma creativa e innovadora en cualquier tipo de organizaciones, con visión local, nacional e internacional de los negocios.\r\nDesarrollar habilidades emprendedoras y de liderazgo en las empresas públicas,','El ingeniero en Comercio Exterior aprenderá a optimizar el comercio internacional, desarrollar negocios y estrategias comerciales competitivas, contribuir en el diseño y la aplicación de la política comercial internacional, promover la imagen de su País en los mercados internacionales y competir mundialmente con sus productos y servicios, sus empresas y su gente.\r\nEn este sentido, el egresado puede desempeñarse en:\r\n\r\nEmpresas privadas nacionales, internacionales, globales de cualquier tamaño.\r\nConsultorías de comercio exterior.\r\nCámaras u organismos empresariales.\r\nDependencias de gobierno.\r\nInstituciones financieras.\r\nEmbajadas.\r\nSistema aduanal.',10,'Ingeniero/a Comercial','Presencial','comercio3.jpg','comercio2.jpg','comercio1.jpg',NULL,1,NULL),
	(24,'Ingeniería en Marketing','Ingeniería en Marketing','Formar académica y axiológicamente profesionales íntegros, competentes, con capacidad emprendedora en las dimensiones de análisis y acción del Marketing para garantizar el desarrollo sustentable y sostenible del país respondiendo a los objetivos del Plan Nacional para el Buen Vivir.','Ser el referente nacional e internacional en el desarrollo académico y empresarial en la próxima década con aplicación de investigación, gestión y vinculación; alcanzando estándares de calidad y calidez de docencia e investigación universitaria.','Malla_Ing_Marketing_2014.pdf','10','1997-07-31','marketing.png',NULL,'El Ingeniero en Marketing de la ESPOCH tendrá sólidas destrezas cualitativas y cuantitativas con un alto espíritu innovador y de trabajo en equipo que le permitirá adaptarse con facilidad a los cambios a partir de una formación integral y emprendedora, liderará los procesos de mercadeo de bienes y servicios en empresas privadas y públicas , a través de la planificación, organización, ejecución, supervisión y evaluación de las estrategias de marketing a través de planes, en base del estudio y análisis del entorno económico, político, social del país y cultural de la organización asumiendo sus decisiones empresariales con responsabilidad y ética social.','Nuestro profesional politécnico cuenta con las competencias necesarias para desempeñarse como gerente, director, jefe, coordinador de: Marketing - Mercadeo Producto o marca Medios masivos Medios y áreas directas de comunicación, promoción, publicidad y merchandising Relaciones Públicas Jefe de Proyectos Supervisor de Ventas Ejecutivo en Ventas Investigación de mercados Consultor de PYMES Proveedor de servicios de marketing – consultor Gerente de logística y distribución Gerente de promociones Empresario Universidades',9,'Ingeniero/a en Marketing','Presencial','marketinga3.jpg','marketing2.jpg','marketing1.jpg',NULL,1,NULL),
	(25,'Ingeniería en Gestión de Transporte','Ingeniería en Gestión de Transporte','Formar profesionales líderes en la operacionalidad y funcionalidad del tránsito, transporte y seguridad vial, aplicando herramientas científicas y tecnológicas modernas, orientadas a contribuir al desarrollo socio económico, al mejoramiento del sistema del transporte en bien de la sociedad y la conservación del ambiente.','La carrera de Ingeniería en Gestión de Transporte será líder en la formación de profesionales éticos, con sólidos conocimientos en la ciencia, tecnología, cultura e investigación, aplicadas a las diferentes modalidades del transporte garantizando una eficiente movilidad, así contribuir al desarrollo sustentable, en cumplimiento del Plan Nacional de Desarrollo.','Malla_Ing_Curricular_2014.pdf','10','2008-09-25','logo-transportes.png',NULL,'El estudiante al finalizar su formación profesional, debe ser capaz de demostrar sus capacidades relacionadas con conocimientos (saber), habilidades y destrezas (saber hacer) y actitudes (saber ser) en relación con las necesidades del contexto, particularmente: Planificar y administrar en forma eficiente, eficaz y económica los recursos financieros en las organizaciones con actitud y visión emprendedora. Gestionar la diversidad de procesos en el ámbito financiero, aplicando adecuadamente las normativas legales y técnicas vigentes para generar información financiera de calidad, que facilite la toma de decisiones en la organización. Comunicarse correctamente de manera verbal y escrita. Proporcionar asesoría financiera y de control, utilizando herramientas tecnológicas que faciliten el manejo de la información. Capacidad para identificar las oportunidades de aprendizaje continuo para el desarrollo y mejoramiento profesional. Habilidad para comunicarse en más de un idioma como medio de interrelación profesional con el contexto. Demostrar y practicar los valores éticos y morales en su actividad profesional.','El Ingeniero en Gestión de Transporte de la ESPOCH, está capacitado para: Planificar, diseñar, controlar y mantener sistemas de transporte terrestre, marítimo, fluvial, aéreo, multimodal. Desagregar e innovar alternativas científicas, tecnológicas relacionadas al transporte en beneficio del País, implementar u optimizar modelos, procesos de transportación y de reingeniería, conjugando para ello conocimientos actualizados de ingeniería del transporte, automatización, sistematización, modelación de procesos, gestión y administración del transporte. Por lo que el Ingeniero en Gestión del Transporte garantiza a la sociedad la movilidad de personas y bienes en forma eficiente y segura. Para cumplir con sus funciones deberá: Trabajar en equipos multi e interdisciplinarios en investigación de bienes y servicios; Comunicarse escrita y oralmente con suficiencia en más de un idioma; Tomar decisiones técnica y económicamente sustentadas en el ámbito.',11,'Ingeniero/a en Gestión de Transporte','Presencial','gestiona4.jpg','gestion2.jpg','gestion1.jpg','transporte.png',1,NULL),
	(26,'Ingeniería de Empresas DUAL','Ingeniería de Empresas DUAL','Formar profesionales en las ciencias administrativas, para contribuir al desarrollo sustentable del país y el buen vivir.','Ser la carrera líder en la formación de futuros profesionales competentes y comprometidos con su entorno económico, social y ambiental, resultado de la aplicación efectiva de la convergencia didáctica, 50% teórico – 50% práctica.','','8','2008-04-01','empresas.png',NULL,'El Administrador egresado del programa es un profesional:\r\nOrientado hacia el cliente, fuente y razón de ser de la empresa u organización.\r\nCapaz de actuar en el mundo de los negocios y las relaciones internacionales propios de este mundo globalizado y de economía abierta y comprometido con la búsqueda de la competitividad.\r\nProfesionalmente competente en los procesos de negociación, diseño de ofertas y servicios competitivos, planeación y control de compras, control y valoración de inventarios, procesos de facturación y control contable y logística física de entrega, gestión de la operación de los servicios, gestión humana, entre otros, de empresas industriales, comerciales o de servicios.\r\nCompetente para el desempeño productivo en equipos interdisciplinarios o multifuncionales de trabajo y en la búsqueda de sinergias de interacción entre áreas.\r\nCapaz de tomar decisiones debidamente fundamentadas y de calculado riesgo.\r\nOrientado hacia el progresivo desarrollo de la autonomía: capaz de auto dirección personal y en el trabajo.\r\nCapaz de un compromiso ético en las relaciones con clientes, los colegas y la empresa, los proveedores y la comunidad en general, que surge de rectos valores personales y ciudadanos.\r\nOrientado hacia el cuidado del medio ambiente y la búsqueda de alternativas de desarrollo sostenible nacional y del entorno.\r\nEn su desempeño profesional el administrador está dispuesto a aprender continuamente, es competente para asumir roles en nuevas áreas, es creativo para implantar innovaciones y es flexible para el cambio.','El Ingeniero en Administración de Empresas, se desempeña en niveles intermedios y superiores, apoyando la gestión superior u ocupando funciones directivas dentro de instituciones.\r\nEl campo ocupacional del Ingeniero de Empresas se encuentra en:\r\n1. La gestión empresarial.\r\n2. La creación de nuevas empresas.\r\n3. La investigación, asesoría y consultoría empresarial en términos del libre ejercicio profesional\r\n4. Los niveles ocupacionales operativos y directivos de los sectores privado y público.',1,'Ingeniero/a de Empresas','DUAL','dual2.jpg','im_fad.jpg','empresasd4.jpg',NULL,1,NULL),
	(27,'decanato','Decanato',NULL,NULL,'','',NULL,'',NULL,NULL,NULL,NULL,'','','','','',NULL,2,'decanatofade.matricula@espoch.edu.ec'),
	(28,'subdecanato','Subdecanato',NULL,NULL,'','',NULL,'',NULL,NULL,NULL,NULL,'','','','','',NULL,2,'valeria.guadalupe@espoch.edu.ec');

/*!40000 ALTER TABLE `carrera` ENABLE KEYS */;
UNLOCK TABLES;


# Volcado de tabla categoria
# ------------------------------------------------------------

DROP TABLE IF EXISTS `categoria`;

CREATE TABLE `categoria` (
  `id_categoria` int(11) NOT NULL AUTO_INCREMENT,
  `descripcion_categoria` varchar(100) COLLATE utf8_unicode_ci NOT NULL,
  `padre_categoria` int(11) DEFAULT NULL,
  PRIMARY KEY (`id_categoria`),
  UNIQUE KEY `descripcion_tipo_area_UNIQUE` (`descripcion_categoria`),
  KEY `fk_categoria_categoria1_idx` (`padre_categoria`),
  CONSTRAINT `fk_categoria_categoria1` FOREIGN KEY (`padre_categoria`) REFERENCES `categoria` (`id_categoria`) ON DELETE NO ACTION ON UPDATE NO ACTION
) ENGINE=InnoDB DEFAULT CHARSET=utf8 COLLATE=utf8_unicode_ci;

LOCK TABLES `categoria` WRITE;
/*!40000 ALTER TABLE `categoria` DISABLE KEYS */;

INSERT INTO `categoria` (`id_categoria`, `descripcion_categoria`, `padre_categoria`)
VALUES
	(1,'Areas',NULL),
	(2,'Investigación',NULL),
	(3,'Docentes',1),
	(4,'Graduados',1),
	(5,'Centros',2),
	(6,'Revistas',2);

/*!40000 ALTER TABLE `categoria` ENABLE KEYS */;
UNLOCK TABLES;


# Volcado de tabla enlace
# ------------------------------------------------------------

DROP TABLE IF EXISTS `enlace`;

CREATE TABLE `enlace` (
  `id_enlace` int(11) NOT NULL AUTO_INCREMENT,
  `nombre_enlace` varchar(45) COLLATE utf8_unicode_ci NOT NULL,
  `url_enlace` varchar(200) COLLATE utf8_unicode_ci NOT NULL,
  `estado_enlace` tinyint(1) NOT NULL,
  `descripcion_enlace` text COLLATE utf8_unicode_ci,
  `facultad_enlace` int(11) NOT NULL,
  `categoria_enlace` int(11) NOT NULL,
  PRIMARY KEY (`id_enlace`),
  UNIQUE KEY `nombre_revista_UNIQUE` (`nombre_enlace`),
  UNIQUE KEY `url_area_investigacion_UNIQUE` (`url_enlace`),
  KEY `fk_revista_facultad1_idx` (`facultad_enlace`),
  KEY `fk_area_investigacion_tipo_area1_idx` (`categoria_enlace`),
  CONSTRAINT `fk_area_investigacion_tipo_area1` FOREIGN KEY (`categoria_enlace`) REFERENCES `categoria` (`id_categoria`) ON DELETE NO ACTION ON UPDATE NO ACTION,
  CONSTRAINT `fk_revista_facultad1` FOREIGN KEY (`facultad_enlace`) REFERENCES `facultad` (`id_facultad`) ON DELETE NO ACTION ON UPDATE NO ACTION
) ENGINE=InnoDB DEFAULT CHARSET=utf8 COLLATE=utf8_unicode_ci;

LOCK TABLES `enlace` WRITE;
/*!40000 ALTER TABLE `enlace` DISABLE KEYS */;

INSERT INTO `enlace` (`id_enlace`, `nombre_enlace`, `url_enlace`, `estado_enlace`, `descripcion_enlace`, `facultad_enlace`, `categoria_enlace`)
VALUES
	(1,'Revista CSSN','http://cssn.espoch.edu.ec/',1,'Revista CSSN',1,6),
	(2,'Cimogsys','http://cimogsys.com/',1,'Centro de Investigación',1,5);

/*!40000 ALTER TABLE `enlace` ENABLE KEYS */;
UNLOCK TABLES;


# Volcado de tabla escuela
# ------------------------------------------------------------

DROP TABLE IF EXISTS `escuela`;

CREATE TABLE `escuela` (
  `id_escuela` int(11) NOT NULL AUTO_INCREMENT,
  `logo_escuela` varchar(100) COLLATE utf8_unicode_ci NOT NULL,
  `nombre_escuela` varchar(45) COLLATE utf8_unicode_ci NOT NULL,
  `creacion_escuela` date NOT NULL,
  `cierre_escuela` date DEFAULT NULL,
  `facultad_escuela` int(11) NOT NULL,
  PRIMARY KEY (`id_escuela`),
  UNIQUE KEY `nombre_escuela_UNIQUE` (`nombre_escuela`),
  KEY `fk_escuela_facultad1_idx` (`facultad_escuela`),
  CONSTRAINT `fk_escuela_facultad1` FOREIGN KEY (`facultad_escuela`) REFERENCES `facultad` (`id_facultad`) ON DELETE NO ACTION ON UPDATE NO ACTION
) ENGINE=InnoDB DEFAULT CHARSET=utf8 COLLATE=utf8_unicode_ci;

LOCK TABLES `escuela` WRITE;
/*!40000 ALTER TABLE `escuela` DISABLE KEYS */;

INSERT INTO `escuela` (`id_escuela`, `logo_escuela`, `nombre_escuela`, `creacion_escuela`, `cierre_escuela`, `facultad_escuela`)
VALUES
	(1,'','Empresas','1978-08-24',NULL,1),
	(2,'logo_nutricion.png','Contabilidad y Auditoría','1993-07-13',NULL,1),
	(3,'logo_educacion_salud.png','Finanzas y Comercio Exterior','2018-10-01',NULL,1),
	(4,'logo_gastronomia.png','Gestión de Transporte','2010-03-03',NULL,1),
	(7,'marketing.png','Marketing','2018-10-01',NULL,1),
	(8,'','Ingeniería Financiera y Comercio Exterior','2019-01-24',NULL,1),
	(9,'','Ingeniería en Marketing','2019-01-24',NULL,1),
	(10,'','Ingeniería Comercial','2019-01-24',NULL,1),
	(11,'','Ingeniería en Gestión de Transporte','2019-01-24',NULL,1),
	(12,'','Ingeniería de Empresas','2019-01-24',NULL,1);

/*!40000 ALTER TABLE `escuela` ENABLE KEYS */;
UNLOCK TABLES;


# Volcado de tabla facultad
# ------------------------------------------------------------

DROP TABLE IF EXISTS `facultad`;

CREATE TABLE `facultad` (
  `id_facultad` int(11) NOT NULL AUTO_INCREMENT,
  `nombre_facultad` varchar(45) COLLATE utf8_unicode_ci NOT NULL,
  `logo_facultad` varchar(200) COLLATE utf8_unicode_ci DEFAULT NULL,
  `creacion_facultad` date DEFAULT NULL,
  `telefono_facultad` varchar(20) COLLATE utf8_unicode_ci DEFAULT NULL,
  `mapa_facultad` varchar(800) COLLATE utf8_unicode_ci DEFAULT NULL,
  `mision_facultad` text COLLATE utf8_unicode_ci,
  `vision_facultad` text COLLATE utf8_unicode_ci,
  `direccion_facultad` varchar(250) COLLATE utf8_unicode_ci DEFAULT NULL,
  `imagen_facultad` varchar(200) COLLATE utf8_unicode_ci DEFAULT NULL,
  `correo_facultad` varchar(250) COLLATE utf8_unicode_ci DEFAULT NULL,
  `cierre_facultad` date DEFAULT NULL,
  PRIMARY KEY (`id_facultad`),
  UNIQUE KEY `nombre_facultad_UNIQUE` (`nombre_facultad`),
  UNIQUE KEY `logo_facultad_UNIQUE` (`logo_facultad`),
  UNIQUE KEY `correo_facultad_UNIQUE` (`correo_facultad`),
  UNIQUE KEY `imagen_facultad_UNIQUE` (`imagen_facultad`)
) ENGINE=InnoDB DEFAULT CHARSET=utf8 COLLATE=utf8_unicode_ci;

LOCK TABLES `facultad` WRITE;
/*!40000 ALTER TABLE `facultad` DISABLE KEYS */;

INSERT INTO `facultad` (`id_facultad`, `nombre_facultad`, `logo_facultad`, `creacion_facultad`, `telefono_facultad`, `mapa_facultad`, `mision_facultad`, `vision_facultad`, `direccion_facultad`, `imagen_facultad`, `correo_facultad`, `cierre_facultad`)
VALUES
	(1,'Facultad de Administración de Empresas','FADE-COLOR.png','2015-10-18','593(03)2998-200','https://www.google.com/maps/embed?pb=!1m14!1m8!1m3!1d15952.5304317186!2d-78.67390065000001!3d-1.66559!3m2!1i1024!2i768!4f13.1!3m3!1m2!1s0x0%3A0x6ad1a526f47e5b0c!2sEscuela+Superior+Polit%C3%A9cnica+de+Chimborazo!5e0!3m2!1ses!2sec!4v1499170395921','Somos una Unidad Académica de educación superior que forma profesionales en ciencias\r\nadministrativas, con capacidad emprendedora e innovadora, con formación humanística y\r\ncientífica bajo estándares de calidad en cumplimiento de sus funciones sustantivas que\r\ncontribuyan a enfrentar los cambios del desarrollo socioeconómico y sustentable del país\r\nen el marco de los nuevos retos que impone la sociedad...','Ser referente nacional en el desarrollo efectivo de las funciones sustantivas de la educación\r\nsuperior en las Ciencias Administrativas alcanzando estándares internacionales de calidad,\r\ncon libertad, respeto, transparencia, confiabilidad y responsabilidad social.','Panamericana Sur Km 1 1/2, Riobamba – Ecuador','biblioteca-fade.jpg',' fade.espoch@gmail.com',NULL);

/*!40000 ALTER TABLE `facultad` ENABLE KEYS */;
UNLOCK TABLES;


# Volcado de tabla galeria
# ------------------------------------------------------------

DROP TABLE IF EXISTS `galeria`;

CREATE TABLE `galeria` (
  `id_galeria` int(11) NOT NULL AUTO_INCREMENT,
  `nombre_galeria` varchar(100) COLLATE utf8_unicode_ci NOT NULL,
  `creacion_galeria` date NOT NULL,
  `descripcion_galeria` text COLLATE utf8_unicode_ci,
  `baja_galeria` date DEFAULT NULL,
  `facultad_galeria` int(11) NOT NULL,
  PRIMARY KEY (`id_galeria`),
  UNIQUE KEY `nombre_galeria_UNIQUE` (`nombre_galeria`),
  KEY `fk_galeria_facultad1_idx` (`facultad_galeria`),
  CONSTRAINT `fk_galeria_facultad1` FOREIGN KEY (`facultad_galeria`) REFERENCES `facultad` (`id_facultad`) ON DELETE NO ACTION ON UPDATE NO ACTION
) ENGINE=InnoDB DEFAULT CHARSET=utf8 COLLATE=utf8_unicode_ci;

LOCK TABLES `galeria` WRITE;
/*!40000 ALTER TABLE `galeria` DISABLE KEYS */;

INSERT INTO `galeria` (`id_galeria`, `nombre_galeria`, `creacion_galeria`, `descripcion_galeria`, `baja_galeria`, `facultad_galeria`)
VALUES
	(1,'Escuela de Administración de Empresas','2017-07-03','Empresas',NULL,1),
	(2,'Escuela de Marketing','2017-07-04','Marketing',NULL,1),
	(4,'Escuela de Comercio Exterior','0000-00-00','Comercio',NULL,1),
	(5,'Escuela Contabilidad y Auditoría','0000-00-00','Contabilidad',NULL,1),
	(6,'Escuela de Gestión de Transporte','0000-00-00','Transporte',NULL,1),
	(7,'Escuela de Financiera','0000-00-00','Financiera',NULL,1),
	(8,'Rumbo a la Acreditación','0000-00-00','Fotografías de la evaluación del CACES en la FADE.',NULL,1);

/*!40000 ALTER TABLE `galeria` ENABLE KEYS */;
UNLOCK TABLES;


# Volcado de tabla graduado
# ------------------------------------------------------------

DROP TABLE IF EXISTS `graduado`;

CREATE TABLE `graduado` (
  `id_graduado` int(11) NOT NULL AUTO_INCREMENT,
  `hoja_vida` varchar(255) COLLATE utf8_unicode_ci DEFAULT NULL,
  `foto` varchar(255) COLLATE utf8_unicode_ci DEFAULT NULL,
  `cedula` varchar(10) COLLATE utf8_unicode_ci NOT NULL,
  `apellidos` varchar(50) COLLATE utf8_unicode_ci NOT NULL,
  `nombres` varchar(50) COLLATE utf8_unicode_ci NOT NULL,
  `edad` int(3) NOT NULL,
  `titulo` varchar(200) COLLATE utf8_unicode_ci NOT NULL,
  `genero` varchar(1) COLLATE utf8_unicode_ci NOT NULL,
  `telefono` varchar(10) COLLATE utf8_unicode_ci DEFAULT NULL,
  `estado` varchar(50) COLLATE utf8_unicode_ci NOT NULL,
  `escuela` int(11) NOT NULL,
  `graduacion` int(4) NOT NULL,
  `trabajo` varchar(100) COLLATE utf8_unicode_ci NOT NULL,
  `direccion` varchar(200) COLLATE utf8_unicode_ci NOT NULL,
  PRIMARY KEY (`id_graduado`),
  KEY `fk_graduado_escuela` (`escuela`),
  CONSTRAINT `fk_graduado_escuela` FOREIGN KEY (`escuela`) REFERENCES `escuela` (`id_escuela`) ON DELETE NO ACTION ON UPDATE NO ACTION
) ENGINE=InnoDB DEFAULT CHARSET=utf8 COLLATE=utf8_unicode_ci;

LOCK TABLES `graduado` WRITE;
/*!40000 ALTER TABLE `graduado` DISABLE KEYS */;

INSERT INTO `graduado` (`id_graduado`, `hoja_vida`, `foto`, `cedula`, `apellidos`, `nombres`, `edad`, `titulo`, `genero`, `telefono`, `estado`, `escuela`, `graduacion`, `trabajo`, `direccion`)
VALUES
	(41,NULL,'0604042451.jpg','0604042451','Santander','Cristhian',27,'Ing. Mecánico','m','0976854932','Casado',1,2014,'Riobamba','Ayacucho y Venezuela'),
	(42,NULL,'0604042452.jpg','0604042452','Oñate','Alex',30,'Ing. Mecánico','m','0976854546','Soltero',1,2011,'Quito','Quito'),
	(43,NULL,'0604042453.jpg','0604042453','Daquilema','Richard',32,'Ing. Mecánico','m','0976855867','Casado',1,2011,'Riobamba','Chimborazo y Loja'),
	(44,NULL,'0604042454.jpg','0604042454','Torres','José Luis',27,'Ing. Automotriz','m','0986758492','Divorciado',4,2013,'Cuenca','Cuenca'),
	(45,NULL,'0604042455.jpg','0604042455','Castillo','William',34,'Ing. Mecánico','m','0976854222','Casado',1,2009,'Cerámica','Junin y Rocafuerte');

/*!40000 ALTER TABLE `graduado` ENABLE KEYS */;
UNLOCK TABLES;


# Volcado de tabla integrante
# ------------------------------------------------------------

DROP TABLE IF EXISTS `integrante`;

CREATE TABLE `integrante` (
  `id_integrante` int(11) NOT NULL AUTO_INCREMENT,
  `correo_integrante` varchar(45) COLLATE utf8_unicode_ci DEFAULT NULL,
  `nombres_integrante` varchar(45) COLLATE utf8_unicode_ci NOT NULL,
  `apellidos_integrante` varchar(45) COLLATE utf8_unicode_ci NOT NULL,
  `foto_integrante` varchar(200) COLLATE utf8_unicode_ci DEFAULT 'silueta.png',
  `alta_integrante` date DEFAULT NULL,
  `baja_integrante` date DEFAULT NULL,
  `asociacion_integrante` int(11) NOT NULL,
  `tipo_integrante` int(11) NOT NULL,
  PRIMARY KEY (`id_integrante`),
  KEY `fk_integrante_asociacion1_idx` (`asociacion_integrante`),
  KEY `fk_integrante_tipo_integrante1_idx` (`tipo_integrante`),
  CONSTRAINT `integrante_ibfk_1` FOREIGN KEY (`asociacion_integrante`) REFERENCES `asociacion` (`id_asociacion`) ON DELETE CASCADE ON UPDATE CASCADE,
  CONSTRAINT `integrante_ibfk_2` FOREIGN KEY (`tipo_integrante`) REFERENCES `tipo_integrante` (`id_tipo_integrante`) ON DELETE CASCADE ON UPDATE CASCADE
) ENGINE=InnoDB DEFAULT CHARSET=utf8 COLLATE=utf8_unicode_ci;

LOCK TABLES `integrante` WRITE;
/*!40000 ALTER TABLE `integrante` DISABLE KEYS */;

INSERT INTO `integrante` (`id_integrante`, `correo_integrante`, `nombres_integrante`, `apellidos_integrante`, `foto_integrante`, `alta_integrante`, `baja_integrante`, `asociacion_integrante`, `tipo_integrante`)
VALUES
	(1,'carlosruiz1997.cr@gmail.com','Carlos Andrés','Ruiz Becerra','silueta.png',NULL,NULL,1,1),
	(2,NULL,'Jessenia Lizbeth','Sánchez Mora','silueta.png',NULL,NULL,1,10),
	(3,NULL,'Jennifer Xiomara','Gutiérrez Chávez','silueta.png',NULL,NULL,1,3),
	(4,NULL,'Andrea Juliana','Barragán Villacis','silueta.png',NULL,NULL,1,4),
	(5,NULL,'Camilo Ernesto','Pabón González','silueta.png',NULL,NULL,1,7),
	(6,NULL,'Yadira Elizabeth','Elizalde','silueta.png',NULL,NULL,1,8),
	(7,NULL,'José Salomón','Jácome Ruiz','silueta.png',NULL,NULL,1,5),
	(8,NULL,'Lizet Virginia','Chantera Tituaña','silueta.png',NULL,NULL,1,11),
	(9,NULL,'Sara Noemi','Bonifaz Sinchiguano','silueta.png',NULL,NULL,1,9),
	(10,'gregory1999parreno@gmail.com','Gregory Alexander','Calvache Parreño','silueta.png',NULL,NULL,2,1),
	(11,NULL,'Freddy Saúl','Chango Cují','silueta.png',NULL,NULL,2,10),
	(12,NULL,'Alisson Micaela','Durán Cáceres','silueta.png',NULL,NULL,2,3),
	(13,NULL,'Edwin Omar','Rojas Pilco','silueta.png',NULL,NULL,2,4),
	(14,NULL,'Eduardo Saúl','Cano Poveda','silueta.png',NULL,NULL,2,7),
	(15,NULL,'Jhonny Ricardo','Pardo Condoy','silueta.png',NULL,NULL,2,8),
	(16,NULL,'Kevin Darío','Altamirano Ramírez','silueta.png',NULL,NULL,2,5),
	(17,NULL,'Lisset Julisa','Usca Palma','silueta.png',NULL,NULL,2,9),
	(18,NULL,'Anderson  Fabián ','Yánez Idrovo  ','silueta.png',NULL,NULL,4,1),
	(19,NULL,'Daniela Poulet','Cali Ochoa ','silueta.png',NULL,NULL,4,10),
	(20,NULL,'Enma Gabriela','Ordoñez Salazar ','silueta.png',NULL,NULL,4,3),
	(21,NULL,'Noemi Estrella','Perez Yambi','silueta.png',NULL,NULL,4,4),
	(22,NULL,'Bryan Luis','Bravo Gonzalez ','silueta.png',NULL,NULL,4,5),
	(23,NULL,'Anthony William','Naranjo Quizhpe ','silueta.png',NULL,NULL,4,7),
	(24,NULL,'Adrian Francisco','Segovia Moreno ','silueta.png',NULL,NULL,4,8),
	(25,NULL,'Josselyn Alexandra','Ilbay Sanchez ','silueta.png',NULL,NULL,4,9),
	(26,NULL,'Mauricio Alejandro','Jaramillo Moreira','silueta.png',NULL,NULL,3,1),
	(27,NULL,'Ana Cristina','Romero Espinoza','silueta.png',NULL,NULL,3,10),
	(28,NULL,'Patricia Elizabeth','Rodriguez Romero','silueta.png',NULL,NULL,3,3),
	(29,NULL,'Karen Ayelem','Maldonado Fernàndez','silueta.png',NULL,NULL,3,4),
	(30,NULL,'Rolando Javier','Cedeño Avila','silueta.png',NULL,NULL,3,5),
	(31,NULL,'Esteban Josue','Hidalgo Pumagualle','silueta.png',NULL,NULL,3,11),
	(32,NULL,'Katty Lisbeth','Padilla Medranda','silueta.png',NULL,NULL,3,7),
	(33,NULL,'Steeven José','Maldonado González','silueta.png',NULL,NULL,3,8),
	(34,NULL,'Fernanda Gissella','Chicaiza Llumipanta','silueta.png',NULL,NULL,3,9),
	(35,NULL,'Luis Fernando','Cevallos Gallegos','silueta.png',NULL,NULL,5,1),
	(36,NULL,'Karina Antonella','Ortega Ortega','silueta.png',NULL,NULL,5,10),
	(37,NULL,'Gissela Andrea','Zambrano Montes','silueta.png',NULL,NULL,5,3),
	(38,NULL,'Karla Mishell','Naranjo Cuestas','silueta.png',NULL,NULL,5,4),
	(39,NULL,'Geovanna Elizabeth','Vallejo Mata','silueta.png',NULL,NULL,5,5),
	(40,NULL,'Xavier Eloy','Silva Quiroz','silueta.png',NULL,NULL,5,11),
	(41,NULL,'Bryan Patricio','Díaz Parra','silueta.png',NULL,NULL,5,7),
	(42,NULL,'Jefferson Alexander','Díaz Castillo','silueta.png',NULL,NULL,5,8),
	(43,NULL,'Jonathan Alexander','Landacay Ortega','silueta.png',NULL,NULL,5,9),
	(44,NULL,'CINTHIA STEFANIA','ILBAY VALDEZ','silueta.png',NULL,NULL,4,11);

/*!40000 ALTER TABLE `integrante` ENABLE KEYS */;
UNLOCK TABLES;


# Volcado de tabla kryptonit3_counter_page
# ------------------------------------------------------------

DROP TABLE IF EXISTS `kryptonit3_counter_page`;

CREATE TABLE `kryptonit3_counter_page` (
  `id` bigint(20) unsigned NOT NULL AUTO_INCREMENT,
  `page` varchar(255) COLLATE utf8_unicode_ci NOT NULL,
  PRIMARY KEY (`id`),
  UNIQUE KEY `kryptonit3_counter_page_page_unique` (`page`)
) ENGINE=InnoDB DEFAULT CHARSET=utf8 COLLATE=utf8_unicode_ci;

LOCK TABLES `kryptonit3_counter_page` WRITE;
/*!40000 ALTER TABLE `kryptonit3_counter_page` DISABLE KEYS */;

INSERT INTO `kryptonit3_counter_page` (`id`, `page`)
VALUES
	(1,'77461b5f-d7ed-56a5-a2c2-a99aba7ce4f9');

/*!40000 ALTER TABLE `kryptonit3_counter_page` ENABLE KEYS */;
UNLOCK TABLES;


# Volcado de tabla kryptonit3_counter_page_visitor
# ------------------------------------------------------------

DROP TABLE IF EXISTS `kryptonit3_counter_page_visitor`;

CREATE TABLE `kryptonit3_counter_page_visitor` (
  `page_id` bigint(20) unsigned NOT NULL,
  `visitor_id` bigint(20) unsigned NOT NULL,
  `created_at` timestamp NOT NULL DEFAULT CURRENT_TIMESTAMP ON UPDATE CURRENT_TIMESTAMP,
  KEY `kryptonit3_counter_page_visitor_page_id_index` (`page_id`),
  KEY `kryptonit3_counter_page_visitor_visitor_id_index` (`visitor_id`),
  CONSTRAINT `kryptonit3_counter_page_visitor_page_id_foreign` FOREIGN KEY (`page_id`) REFERENCES `kryptonit3_counter_page` (`id`) ON DELETE CASCADE ON UPDATE CASCADE,
  CONSTRAINT `kryptonit3_counter_page_visitor_visitor_id_foreign` FOREIGN KEY (`visitor_id`) REFERENCES `kryptonit3_counter_visitor` (`id`) ON DELETE CASCADE ON UPDATE CASCADE
) ENGINE=InnoDB DEFAULT CHARSET=utf8 COLLATE=utf8_unicode_ci;

LOCK TABLES `kryptonit3_counter_page_visitor` WRITE;
/*!40000 ALTER TABLE `kryptonit3_counter_page_visitor` DISABLE KEYS */;

INSERT INTO `kryptonit3_counter_page_visitor` (`page_id`, `visitor_id`, `created_at`)
VALUES
	(1,1,'2016-11-02 02:35:12'),
	(1,2,'2018-07-20 03:03:45'),
	(1,3,'2016-11-02 02:34:56'),
	(1,4,'2016-11-02 02:38:19'),
	(1,5,'2017-07-10 21:32:29'),
	(1,6,'2018-07-17 13:11:39'),
	(1,7,'2018-08-08 13:13:02'),
	(1,8,'2018-07-28 04:39:27'),
	(1,9,'2018-10-03 01:19:49'),
	(1,10,'2018-10-02 20:52:04'),
	(1,11,'2018-12-12 13:47:09'),
	(1,12,'2020-05-27 23:14:29'),
	(1,13,'2018-11-21 23:00:12'),
	(1,14,'2020-08-05 01:12:15'),
	(1,15,'2018-12-18 14:52:49'),
	(1,16,'2018-12-20 14:48:15'),
	(1,17,'2019-01-18 14:07:38'),
	(1,18,'2019-05-09 01:30:43'),
	(1,19,'2019-01-07 17:37:17'),
	(1,20,'2019-01-08 13:57:23'),
	(1,21,'2019-01-10 10:11:20'),
	(1,22,'2019-01-11 09:26:06'),
	(1,23,'2019-01-14 12:54:05'),
	(1,24,'2019-08-03 03:35:58'),
	(1,25,'2019-01-15 14:51:01'),
	(1,26,'2019-01-16 23:04:23'),
	(1,27,'2019-01-17 16:13:06'),
	(1,28,'2019-01-18 19:46:58'),
	(1,29,'2019-04-16 16:00:36'),
	(1,30,'2019-01-28 23:35:14'),
	(1,31,'2019-03-29 15:51:21'),
	(1,32,'2019-01-22 15:55:19'),
	(1,33,'2019-07-20 19:11:19'),
	(1,34,'2019-02-12 13:51:13'),
	(1,35,'2019-02-19 13:46:00'),
	(1,36,'2019-09-03 17:18:36'),
	(1,37,'2019-07-26 22:28:44'),
	(1,38,'2019-01-25 05:13:35'),
	(1,39,'2019-09-25 02:32:41'),
	(1,40,'2019-01-27 00:16:17'),
	(1,41,'2019-03-13 22:13:54'),
	(1,42,'2019-02-02 23:20:07'),
	(1,43,'2019-02-03 17:15:06'),
	(1,44,'2019-02-04 05:45:33'),
	(1,45,'2019-02-04 06:52:54'),
	(1,46,'2019-02-04 15:36:45'),
	(1,47,'2019-02-07 00:30:42'),
	(1,48,'2019-02-08 19:25:06'),
	(1,49,'2019-02-09 16:11:48'),
	(1,50,'2019-02-10 19:01:18'),
	(1,51,'2019-02-28 14:05:55'),
	(1,52,'2019-03-13 21:06:04'),
	(1,53,'2019-02-13 00:36:21'),
	(1,54,'2019-02-13 22:08:17'),
	(1,55,'2019-02-14 16:45:41'),
	(1,56,'2019-02-15 14:58:34'),
	(1,57,'2019-02-17 21:30:28'),
	(1,58,'2019-02-18 15:41:42'),
	(1,59,'2019-02-18 18:12:21'),
	(1,60,'2019-02-20 03:21:13'),
	(1,61,'2019-02-28 21:11:15'),
	(1,62,'2019-02-20 22:08:03'),
	(1,63,'2019-02-21 02:35:37'),
	(1,64,'2019-02-21 03:01:37'),
	(1,65,'2019-02-21 16:08:17'),
	(1,66,'2019-02-21 16:34:51'),
	(1,67,'2019-02-21 17:06:54'),
	(1,68,'2019-02-22 03:58:29'),
	(1,69,'2019-02-22 16:42:52'),
	(1,70,'2019-02-22 22:08:23'),
	(1,71,'2019-02-25 03:44:07'),
	(1,72,'2019-02-23 21:49:15'),
	(1,73,'2019-02-25 00:56:38'),
	(1,74,'2019-02-25 20:49:46'),
	(1,75,'2019-02-25 17:44:35'),
	(1,76,'2019-02-25 18:05:21'),
	(1,77,'2019-02-25 19:04:50'),
	(1,78,'2019-02-25 22:15:35'),
	(1,79,'2019-02-26 16:37:37'),
	(1,80,'2019-07-16 04:34:13'),
	(1,81,'2019-02-28 22:24:14'),
	(1,82,'2019-03-01 02:37:07'),
	(1,83,'2019-03-06 04:14:07'),
	(1,84,'2019-03-06 22:34:42'),
	(1,85,'2019-03-08 00:46:06'),
	(1,86,'2019-03-08 03:35:52'),
	(1,87,'2019-03-08 15:34:55'),
	(1,88,'2019-03-08 18:41:42'),
	(1,89,'2019-03-09 17:38:43'),
	(1,90,'2019-03-10 02:12:52'),
	(1,91,'2019-03-11 13:57:50'),
	(1,92,'2019-03-12 03:31:57'),
	(1,93,'2019-03-12 17:56:43'),
	(1,94,'2019-03-13 01:05:25'),
	(1,95,'2019-03-18 15:26:13'),
	(1,96,'2019-06-26 15:36:43'),
	(1,97,'2019-03-21 01:04:09'),
	(1,98,'2019-03-25 16:28:30'),
	(1,99,'2019-03-28 16:35:51'),
	(1,100,'2019-03-30 01:38:02'),
	(1,101,'2019-04-01 01:51:57'),
	(1,102,'2019-04-03 17:29:12'),
	(1,103,'2019-04-08 00:22:07'),
	(1,104,'2019-04-09 08:38:37'),
	(1,105,'2019-04-10 16:22:53'),
	(1,106,'2019-04-11 05:11:26'),
	(1,107,'2019-09-25 21:51:22'),
	(1,108,'2019-04-12 20:58:01'),
	(1,109,'2019-04-17 22:04:38'),
	(1,110,'2019-04-15 20:07:23'),
	(1,111,'2019-04-15 21:43:27'),
	(1,112,'2019-04-15 22:22:01'),
	(1,113,'2020-02-03 20:31:27'),
	(1,114,'2019-05-08 14:54:59'),
	(1,115,'2019-05-09 15:06:01'),
	(1,116,'2019-04-16 18:20:52'),
	(1,117,'2019-07-19 15:26:48'),
	(1,118,'2019-04-29 20:27:50'),
	(1,119,'2019-04-18 04:38:34'),
	(1,120,'2019-05-19 00:27:27'),
	(1,121,'2019-07-18 19:17:55'),
	(1,122,'2019-04-18 16:16:31'),
	(1,123,'2019-04-23 20:17:01'),
	(1,124,'2019-04-19 14:06:16'),
	(1,125,'2019-04-19 14:34:13'),
	(1,126,'2019-04-19 14:51:47'),
	(1,127,'2019-04-19 19:41:05'),
	(1,128,'2019-04-20 01:37:43'),
	(1,129,'2019-04-20 02:10:22'),
	(1,130,'2019-04-22 00:45:03'),
	(1,131,'2019-05-07 14:20:28'),
	(1,132,'2019-05-09 15:59:41'),
	(1,133,'2019-04-23 17:04:05'),
	(1,134,'2019-06-13 20:18:01'),
	(1,135,'2019-04-29 20:44:10'),
	(1,136,'2019-04-24 13:25:15'),
	(1,137,'2019-04-30 15:26:14'),
	(1,138,'2019-06-10 22:20:47'),
	(1,139,'2019-04-25 12:21:57'),
	(1,140,'2019-04-24 23:43:43'),
	(1,141,'2019-04-24 22:21:14'),
	(1,142,'2019-12-30 22:46:13'),
	(1,143,'2019-12-19 16:42:41'),
	(1,144,'2019-04-26 14:35:32'),
	(1,145,'2019-06-11 20:26:16'),
	(1,146,'2019-06-17 13:53:07'),
	(1,147,'2019-04-26 17:24:44'),
	(1,148,'2019-05-27 15:04:03'),
	(1,149,'2019-04-28 02:12:55'),
	(1,150,'2019-04-28 02:48:22'),
	(1,151,'2019-04-28 13:43:37'),
	(1,152,'2019-04-28 23:31:17'),
	(1,153,'2019-04-29 11:59:41'),
	(1,154,'2019-04-30 17:12:07'),
	(1,155,'2019-06-21 13:51:28'),
	(1,156,'2019-04-29 16:20:39'),
	(1,157,'2019-04-30 15:25:02'),
	(1,158,'2019-04-29 20:26:42'),
	(1,159,'2019-04-29 20:31:46'),
	(1,160,'2019-05-06 14:30:19'),
	(1,161,'2019-04-29 20:44:59'),
	(1,162,'2019-04-29 21:50:04'),
	(1,163,'2019-04-30 00:06:11'),
	(1,164,'2019-04-30 00:17:59'),
	(1,165,'2019-04-30 08:14:55'),
	(1,166,'2019-04-30 12:34:35'),
	(1,167,'2019-06-01 12:11:48'),
	(1,168,'2019-05-29 13:41:30'),
	(1,169,'2019-06-12 13:53:54'),
	(1,170,'2019-04-30 15:27:39'),
	(1,171,'2020-03-09 19:28:22'),
	(1,172,'2019-04-30 22:31:16'),
	(1,173,'2019-05-01 07:06:25'),
	(1,174,'2019-05-19 14:10:37'),
	(1,175,'2019-05-02 02:25:57'),
	(1,176,'2019-05-06 02:08:12'),
	(1,177,'2019-05-02 19:20:50'),
	(1,178,'2019-05-02 20:55:35'),
	(1,179,'2019-05-04 15:44:04'),
	(1,180,'2019-05-03 16:25:24'),
	(1,181,'2019-05-03 23:34:11'),
	(1,182,'2019-05-04 03:33:05'),
	(1,183,'2019-05-05 02:51:28'),
	(1,184,'2019-05-05 05:56:37'),
	(1,185,'2019-05-05 17:53:47'),
	(1,186,'2019-05-06 01:38:02'),
	(1,187,'2019-05-06 03:17:45'),
	(1,188,'2019-05-06 04:10:30'),
	(1,189,'2019-12-04 21:59:01'),
	(1,190,'2019-05-06 19:27:21'),
	(1,191,'2019-05-06 21:10:20'),
	(1,192,'2019-05-06 22:38:06'),
	(1,193,'2019-05-07 03:51:01'),
	(1,194,'2019-05-07 13:40:26'),
	(1,195,'2019-05-07 15:38:07'),
	(1,196,'2019-05-07 17:10:35'),
	(1,197,'2019-05-07 16:04:30'),
	(1,198,'2019-05-07 16:57:59'),
	(1,199,'2019-05-07 19:15:27'),
	(1,200,'2019-08-06 03:17:00'),
	(1,201,'2019-05-08 01:12:30'),
	(1,202,'2019-05-08 02:30:38'),
	(1,203,'2019-06-18 06:19:27'),
	(1,204,'2019-05-08 15:26:34'),
	(1,205,'2019-05-08 19:33:15'),
	(1,206,'2019-05-08 21:05:41'),
	(1,207,'2019-05-09 00:36:38'),
	(1,208,'2019-05-09 01:20:53'),
	(1,209,'2019-05-09 03:30:17'),
	(1,210,'2019-05-09 14:00:12'),
	(1,211,'2019-05-10 15:10:12'),
	(1,212,'2019-05-13 21:30:50'),
	(1,213,'2019-10-02 05:41:15'),
	(1,214,'2019-05-11 07:03:36'),
	(1,215,'2019-05-11 15:56:25'),
	(1,216,'2019-12-10 14:15:33'),
	(1,217,'2019-05-11 22:40:32'),
	(1,218,'2019-05-12 01:17:30'),
	(1,219,'2019-05-13 20:26:47'),
	(1,220,'2019-05-13 16:30:42'),
	(1,221,'2020-01-28 21:09:43'),
	(1,222,'2019-12-17 00:19:31'),
	(1,223,'2019-05-14 14:15:33'),
	(1,224,'2020-02-05 14:03:57'),
	(1,225,'2019-05-14 21:31:38'),
	(1,226,'2019-05-14 15:31:25'),
	(1,227,'2019-05-14 16:11:32'),
	(1,228,'2019-05-17 20:30:56'),
	(1,229,'2019-05-15 13:43:28'),
	(1,230,'2019-05-14 21:16:13'),
	(1,231,'2019-05-15 04:54:04'),
	(1,232,'2019-05-15 07:36:43'),
	(1,233,'2019-05-15 11:11:32'),
	(1,234,'2019-07-07 20:50:01'),
	(1,235,'2019-05-16 02:22:43'),
	(1,236,'2019-05-16 02:58:22'),
	(1,237,'2019-12-09 01:43:30'),
	(1,238,'2019-06-12 12:24:36'),
	(1,239,'2019-05-16 09:35:58'),
	(1,240,'2019-05-16 21:29:58'),
	(1,241,'2019-05-17 05:28:23'),
	(1,242,'2019-05-20 14:56:51'),
	(1,243,'2019-05-19 02:24:35'),
	(1,244,'2019-05-19 03:56:32'),
	(1,245,'2019-05-19 07:03:06'),
	(1,246,'2019-05-20 00:04:38'),
	(1,247,'2019-05-21 03:14:15'),
	(1,248,'2019-05-20 16:50:19'),
	(1,249,'2019-05-20 18:09:56'),
	(1,250,'2019-05-20 18:57:44'),
	(1,251,'2019-05-20 19:23:51'),
	(1,252,'2019-05-21 15:22:28'),
	(1,253,'2020-03-12 22:16:53'),
	(1,254,'2019-05-22 01:17:43'),
	(1,255,'2019-05-22 02:09:18'),
	(1,256,'2020-01-13 01:00:42'),
	(1,257,'2019-05-22 02:56:02'),
	(1,258,'2019-05-22 02:47:29'),
	(1,259,'2019-05-22 02:54:25'),
	(1,260,'2019-05-22 03:09:27'),
	(1,261,'2019-05-28 02:55:40'),
	(1,262,'2019-07-16 20:46:59'),
	(1,263,'2019-06-06 10:50:50'),
	(1,264,'2019-05-23 09:13:58'),
	(1,265,'2019-10-27 01:20:28'),
	(1,266,'2019-05-25 01:00:05'),
	(1,267,'2019-05-26 01:53:29'),
	(1,268,'2019-05-26 02:41:09'),
	(1,269,'2019-05-26 07:30:14'),
	(1,270,'2019-05-27 20:10:35'),
	(1,271,'2019-05-27 22:32:19'),
	(1,272,'2019-05-28 05:11:38'),
	(1,273,'2019-05-28 08:16:24'),
	(1,274,'2019-05-28 14:33:10'),
	(1,275,'2019-06-03 21:54:46'),
	(1,276,'2019-05-29 13:12:35'),
	(1,277,'2019-06-15 14:14:49'),
	(1,278,'2019-05-29 16:15:47'),
	(1,279,'2019-06-04 15:23:04'),
	(1,280,'2019-05-29 21:29:48'),
	(1,281,'2019-05-30 17:43:05'),
	(1,282,'2019-05-30 22:23:36'),
	(1,283,'2019-11-25 21:34:37'),
	(1,284,'2019-07-02 20:58:37'),
	(1,285,'2019-06-03 19:52:34'),
	(1,286,'2019-05-31 23:55:40'),
	(1,287,'2019-06-01 00:09:59'),
	(1,288,'2019-06-12 19:51:08'),
	(1,289,'2019-06-02 02:19:41'),
	(1,290,'2019-06-02 02:58:56'),
	(1,291,'2019-06-02 16:05:35'),
	(1,292,'2019-06-02 16:45:40'),
	(1,293,'2019-06-03 00:42:40'),
	(1,294,'2019-06-03 04:17:52'),
	(1,295,'2019-06-04 17:22:12'),
	(1,296,'2020-01-15 19:22:55'),
	(1,297,'2019-06-05 14:41:45'),
	(1,298,'2019-06-27 16:32:39'),
	(1,299,'2019-06-24 20:26:33'),
	(1,300,'2019-06-05 23:01:19'),
	(1,301,'2019-06-06 13:15:14'),
	(1,302,'2019-06-16 00:58:37'),
	(1,303,'2019-08-03 08:18:01'),
	(1,304,'2019-06-07 02:09:36'),
	(1,305,'2019-06-07 03:19:53'),
	(1,306,'2019-06-07 04:41:03'),
	(1,307,'2019-06-07 17:35:30'),
	(1,308,'2019-06-07 23:21:04'),
	(1,309,'2019-06-09 02:11:20'),
	(1,310,'2019-06-09 02:36:25'),
	(1,311,'2019-06-09 15:51:18'),
	(1,312,'2019-06-09 19:08:44'),
	(1,313,'2019-06-09 18:49:16'),
	(1,314,'2019-06-09 19:54:02'),
	(1,315,'2019-06-09 21:31:40'),
	(1,316,'2019-06-09 21:35:40'),
	(1,317,'2019-06-10 15:26:15'),
	(1,318,'2019-06-28 16:17:50'),
	(1,319,'2019-06-10 21:45:23'),
	(1,320,'2019-06-10 21:51:20'),
	(1,321,'2019-06-11 02:38:27'),
	(1,322,'2019-06-11 16:31:06'),
	(1,323,'2020-02-05 14:08:09'),
	(1,324,'2019-06-12 02:46:45'),
	(1,325,'2019-06-12 03:21:54'),
	(1,326,'2019-06-12 03:38:51'),
	(1,327,'2019-06-12 11:08:07'),
	(1,328,'2019-06-12 15:01:51'),
	(1,329,'2019-06-13 14:46:54'),
	(1,330,'2019-06-13 15:38:02'),
	(1,331,'2019-06-25 01:28:14'),
	(1,332,'2019-07-08 13:21:17'),
	(1,333,'2019-06-14 00:13:56'),
	(1,334,'2019-06-14 12:40:15'),
	(1,335,'2019-06-14 22:50:18'),
	(1,336,'2019-06-15 21:52:13'),
	(1,337,'2019-06-15 19:04:27'),
	(1,338,'2019-06-15 20:57:14'),
	(1,339,'2019-06-15 23:56:44'),
	(1,340,'2019-06-16 08:35:41'),
	(1,341,'2019-06-16 19:21:13'),
	(1,342,'2019-06-16 21:48:39'),
	(1,343,'2019-06-16 22:23:22'),
	(1,344,'2019-06-17 12:13:01'),
	(1,345,'2019-06-17 17:14:03'),
	(1,346,'2019-06-17 20:02:38'),
	(1,347,'2019-06-17 21:27:27'),
	(1,348,'2019-06-18 01:04:37'),
	(1,349,'2019-06-18 05:09:53'),
	(1,350,'2019-06-18 06:44:54'),
	(1,351,'2019-08-27 00:11:15'),
	(1,352,'2019-06-18 09:19:27'),
	(1,353,'2019-08-28 02:54:13'),
	(1,354,'2019-06-19 01:05:18'),
	(1,355,'2019-10-11 02:55:51'),
	(1,356,'2019-06-19 09:30:52'),
	(1,357,'2019-06-20 01:13:18'),
	(1,358,'2019-06-20 01:45:25'),
	(1,359,'2019-06-20 03:36:01'),
	(1,360,'2019-06-20 15:45:40'),
	(1,361,'2019-06-20 22:50:58'),
	(1,362,'2019-06-21 00:35:49'),
	(1,363,'2019-06-21 11:48:33'),
	(1,364,'2019-06-22 17:30:20'),
	(1,365,'2019-06-23 04:22:31'),
	(1,366,'2019-06-23 05:08:19'),
	(1,367,'2019-06-24 15:48:26'),
	(1,368,'2019-06-24 18:35:40'),
	(1,369,'2019-06-25 14:21:02'),
	(1,370,'2019-06-25 14:22:17'),
	(1,371,'2019-06-25 23:01:53'),
	(1,372,'2019-06-26 14:17:11'),
	(1,373,'2019-06-26 19:57:09'),
	(1,374,'2019-06-26 21:31:11'),
	(1,375,'2019-06-26 22:49:50'),
	(1,376,'2019-06-27 00:41:17'),
	(1,377,'2019-06-27 02:39:13'),
	(1,378,'2019-06-27 16:04:02'),
	(1,379,'2019-06-29 00:36:03'),
	(1,380,'2019-06-27 23:36:38'),
	(1,381,'2019-06-28 01:10:05'),
	(1,382,'2019-06-28 02:14:53'),
	(1,383,'2019-06-28 05:09:43'),
	(1,384,'2019-11-24 17:43:55'),
	(1,385,'2019-06-30 20:21:57'),
	(1,386,'2019-06-28 15:02:39'),
	(1,387,'2019-07-04 16:30:54'),
	(1,388,'2019-06-28 18:29:18'),
	(1,389,'2019-06-29 02:47:23'),
	(1,390,'2019-06-30 01:43:40'),
	(1,391,'2019-06-30 04:47:29'),
	(1,392,'2019-06-30 05:00:50'),
	(1,393,'2019-06-30 23:02:03'),
	(1,394,'2019-07-01 12:50:24'),
	(1,395,'2019-07-01 14:03:06'),
	(1,396,'2019-07-01 20:55:34'),
	(1,397,'2019-07-02 03:25:00'),
	(1,398,'2019-07-02 04:01:49'),
	(1,399,'2019-07-02 04:57:13'),
	(1,400,'2019-07-04 02:13:12'),
	(1,401,'2019-07-03 16:38:45'),
	(1,402,'2019-07-04 01:31:08'),
	(1,403,'2019-07-04 03:44:00'),
	(1,404,'2019-07-04 04:25:57'),
	(1,405,'2019-07-04 06:43:19'),
	(1,406,'2019-07-04 10:56:30'),
	(1,407,'2019-07-04 13:17:13'),
	(1,408,'2019-07-04 16:25:24'),
	(1,409,'2019-09-26 00:26:00'),
	(1,410,'2019-07-04 16:28:40'),
	(1,411,'2019-07-04 17:50:21'),
	(1,412,'2019-07-04 18:54:44'),
	(1,413,'2020-04-17 03:45:32'),
	(1,414,'2019-07-04 23:58:22'),
	(1,415,'2019-07-05 01:06:29'),
	(1,416,'2019-07-05 01:59:30'),
	(1,417,'2019-07-05 03:29:26'),
	(1,418,'2019-07-05 19:40:16'),
	(1,419,'2019-07-05 23:55:47'),
	(1,420,'2019-07-06 01:26:14'),
	(1,421,'2019-08-14 22:44:28'),
	(1,422,'2019-07-07 00:09:57'),
	(1,423,'2019-07-07 00:29:27'),
	(1,424,'2019-07-08 14:48:00'),
	(1,425,'2019-07-08 14:48:42'),
	(1,426,'2019-07-08 15:39:21'),
	(1,427,'2019-07-09 16:00:17'),
	(1,428,'2019-07-10 22:53:32'),
	(1,429,'2020-03-12 19:38:19'),
	(1,430,'2019-07-11 15:54:29'),
	(1,431,'2019-07-11 18:37:52'),
	(1,432,'2019-08-14 23:08:29'),
	(1,433,'2019-07-11 22:55:16'),
	(1,434,'2019-07-11 23:44:49'),
	(1,435,'2019-07-12 14:59:23'),
	(1,436,'2019-07-12 16:57:03'),
	(1,437,'2019-07-12 20:30:48'),
	(1,438,'2019-07-13 23:44:15'),
	(1,439,'2019-07-14 00:00:42'),
	(1,440,'2019-07-14 00:26:30'),
	(1,441,'2019-07-14 16:45:28'),
	(1,442,'2019-07-15 01:18:19'),
	(1,443,'2019-07-15 18:29:35'),
	(1,444,'2019-07-15 20:24:35'),
	(1,445,'2019-07-15 23:53:37'),
	(1,446,'2019-07-16 15:46:00'),
	(1,447,'2019-07-17 00:51:18'),
	(1,448,'2019-07-17 02:44:24'),
	(1,449,'2019-07-17 03:08:45'),
	(1,450,'2019-07-29 07:47:28'),
	(1,451,'2019-07-18 00:44:38'),
	(1,452,'2019-10-01 01:33:08'),
	(1,453,'2019-07-24 00:36:42'),
	(1,454,'2019-07-19 14:48:56'),
	(1,455,'2019-07-19 19:37:21'),
	(1,456,'2020-02-04 15:56:41'),
	(1,457,'2019-07-20 10:04:47'),
	(1,458,'2019-07-20 16:36:33'),
	(1,459,'2019-07-20 19:17:13'),
	(1,460,'2019-07-20 22:35:43'),
	(1,461,'2019-07-21 01:38:19'),
	(1,462,'2019-07-21 02:12:56'),
	(1,463,'2019-07-22 19:33:11'),
	(1,464,'2019-07-22 20:41:31'),
	(1,465,'2019-07-22 22:22:48'),
	(1,466,'2019-07-23 11:25:09'),
	(1,467,'2019-07-23 15:16:28'),
	(1,468,'2019-07-23 15:02:34'),
	(1,469,'2019-07-23 21:19:58'),
	(1,470,'2019-07-23 22:31:47'),
	(1,471,'2019-07-23 23:06:26'),
	(1,472,'2019-08-09 00:50:18'),
	(1,473,'2019-07-24 21:12:00'),
	(1,474,'2019-07-24 21:33:26'),
	(1,475,'2019-07-26 11:52:36'),
	(1,476,'2019-07-26 14:44:25'),
	(1,477,'2019-07-26 15:12:12'),
	(1,478,'2019-07-26 16:46:54'),
	(1,479,'2019-07-27 05:10:28'),
	(1,480,'2019-07-28 01:07:52'),
	(1,481,'2019-07-28 01:28:30'),
	(1,482,'2019-07-28 16:09:07'),
	(1,483,'2019-07-28 16:09:46'),
	(1,484,'2019-07-28 18:28:41'),
	(1,485,'2019-07-28 20:54:42'),
	(1,486,'2019-07-29 14:23:21'),
	(1,487,'2019-07-29 14:23:33'),
	(1,488,'2019-07-29 14:23:38'),
	(1,489,'2019-07-29 14:23:48'),
	(1,490,'2019-07-29 23:17:50'),
	(1,491,'2019-08-04 16:32:34'),
	(1,492,'2019-07-31 22:45:36'),
	(1,493,'2019-08-01 01:51:59'),
	(1,494,'2019-08-01 02:14:41'),
	(1,495,'2019-08-14 12:19:38'),
	(1,496,'2019-08-01 18:40:53'),
	(1,497,'2019-08-02 12:10:08'),
	(1,498,'2019-08-02 16:07:04'),
	(1,499,'2019-08-02 17:03:51'),
	(1,500,'2019-08-03 00:10:08'),
	(1,501,'2019-08-04 01:58:31'),
	(1,502,'2019-08-04 02:26:45'),
	(1,503,'2019-08-04 22:47:25'),
	(1,504,'2019-08-05 01:14:40'),
	(1,505,'2019-08-05 05:21:36'),
	(1,506,'2019-08-05 13:36:59'),
	(1,507,'2019-08-05 14:25:51'),
	(1,508,'2019-08-06 01:37:52'),
	(1,509,'2019-08-06 12:50:18'),
	(1,510,'2019-08-06 13:10:52'),
	(1,511,'2019-08-06 16:11:01'),
	(1,512,'2019-08-06 16:14:30'),
	(1,513,'2019-08-06 19:05:41'),
	(1,514,'2019-08-07 00:29:26'),
	(1,515,'2019-08-07 16:33:49'),
	(1,516,'2019-09-15 13:01:24'),
	(1,517,'2019-08-07 20:52:59'),
	(1,518,'2019-08-08 15:53:52'),
	(1,519,'2019-08-08 04:36:16'),
	(1,520,'2019-08-08 04:38:12'),
	(1,521,'2019-08-08 12:18:54'),
	(1,522,'2019-08-08 12:54:51'),
	(1,523,'2019-08-08 15:19:26'),
	(1,524,'2019-08-08 20:25:28'),
	(1,525,'2019-08-09 15:30:25'),
	(1,526,'2019-08-09 17:44:46'),
	(1,527,'2019-08-10 09:39:26'),
	(1,528,'2019-08-10 17:14:16'),
	(1,529,'2019-08-11 00:32:31'),
	(1,530,'2019-08-11 00:56:46'),
	(1,531,'2019-08-11 01:49:10'),
	(1,532,'2019-08-11 02:10:13'),
	(1,533,'2019-08-11 15:33:57'),
	(1,534,'2019-08-12 00:04:18'),
	(1,535,'2020-06-19 14:41:50'),
	(1,536,'2019-08-12 02:26:43'),
	(1,537,'2019-08-12 07:43:22'),
	(1,538,'2019-08-19 21:20:25'),
	(1,539,'2019-08-12 20:30:35'),
	(1,540,'2019-08-12 21:07:59'),
	(1,541,'2019-08-12 21:46:38'),
	(1,542,'2019-08-13 01:12:22'),
	(1,543,'2019-08-13 20:57:31'),
	(1,544,'2019-08-14 00:12:23'),
	(1,545,'2019-08-14 00:15:53'),
	(1,546,'2019-08-14 04:43:35'),
	(1,547,'2019-08-14 17:40:39'),
	(1,548,'2019-08-15 03:32:17'),
	(1,549,'2019-08-15 12:15:59'),
	(1,550,'2019-08-15 12:49:50'),
	(1,551,'2019-08-15 14:05:04'),
	(1,552,'2019-08-15 18:37:33'),
	(1,553,'2019-08-15 18:39:59'),
	(1,554,'2019-08-15 19:19:13'),
	(1,555,'2019-08-15 21:49:31'),
	(1,556,'2019-11-04 23:38:45'),
	(1,557,'2019-08-16 01:18:24'),
	(1,558,'2019-08-16 12:28:18'),
	(1,559,'2019-09-25 16:56:52'),
	(1,560,'2019-08-16 22:01:05'),
	(1,561,'2019-08-17 07:39:14'),
	(1,562,'2019-08-18 01:33:57'),
	(1,563,'2019-08-18 01:37:00'),
	(1,564,'2019-08-18 01:37:01'),
	(1,565,'2019-08-18 01:49:08'),
	(1,566,'2019-08-18 02:01:48'),
	(1,567,'2019-08-18 19:39:53'),
	(1,568,'2019-08-19 02:31:24'),
	(1,569,'2019-08-21 12:23:47'),
	(1,570,'2019-08-21 22:08:45'),
	(1,571,'2019-08-21 23:06:19'),
	(1,572,'2019-08-22 04:57:13'),
	(1,573,'2019-08-22 19:52:09'),
	(1,574,'2019-08-24 16:13:33'),
	(1,575,'2019-08-25 05:48:20'),
	(1,576,'2019-11-19 23:18:27'),
	(1,577,'2019-11-12 13:42:43'),
	(1,578,'2019-08-27 00:20:02'),
	(1,579,'2019-08-27 00:58:42'),
	(1,580,'2019-08-27 12:18:30'),
	(1,581,'2019-08-27 12:18:35'),
	(1,582,'2019-08-27 12:18:39'),
	(1,583,'2019-08-27 12:18:48'),
	(1,584,'2019-08-27 19:46:20'),
	(1,585,'2019-08-28 13:15:23'),
	(1,586,'2019-08-29 16:11:24'),
	(1,587,'2019-08-30 04:02:19'),
	(1,588,'2019-08-30 18:14:54'),
	(1,589,'2019-09-01 02:32:50'),
	(1,590,'2019-09-01 04:36:01'),
	(1,591,'2019-09-01 08:52:20'),
	(1,592,'2019-09-01 11:56:04'),
	(1,593,'2019-09-01 22:30:33'),
	(1,594,'2019-09-02 00:08:53'),
	(1,595,'2019-09-02 01:19:54'),
	(1,596,'2019-09-07 14:28:15'),
	(1,597,'2019-09-02 21:34:57'),
	(1,598,'2019-09-02 22:44:30'),
	(1,599,'2019-09-03 08:14:22'),
	(1,600,'2019-09-03 08:14:47'),
	(1,601,'2019-09-03 08:14:52'),
	(1,602,'2019-09-03 08:15:10'),
	(1,603,'2019-09-03 08:15:30'),
	(1,604,'2019-09-03 08:15:40'),
	(1,605,'2019-09-03 08:16:03'),
	(1,606,'2019-09-03 08:16:12'),
	(1,607,'2019-09-03 08:16:52'),
	(1,608,'2019-09-03 08:16:56'),
	(1,609,'2019-09-03 08:17:23'),
	(1,610,'2019-09-03 08:17:49'),
	(1,611,'2019-09-03 08:17:51'),
	(1,612,'2019-09-03 21:56:45'),
	(1,613,'2019-09-21 16:03:45'),
	(1,614,'2019-09-06 23:48:13'),
	(1,615,'2019-09-03 22:03:03'),
	(1,616,'2019-09-04 02:31:32'),
	(1,617,'2019-09-04 06:03:54'),
	(1,618,'2019-09-04 06:03:55'),
	(1,619,'2019-09-04 06:10:52'),
	(1,620,'2019-09-04 06:11:03'),
	(1,621,'2019-09-04 06:11:07'),
	(1,622,'2019-09-04 06:11:15'),
	(1,623,'2019-09-04 06:11:33'),
	(1,624,'2019-09-04 06:11:38'),
	(1,625,'2019-09-04 06:11:43'),
	(1,626,'2019-09-04 06:11:45'),
	(1,627,'2019-09-04 06:11:53'),
	(1,628,'2019-09-04 06:12:25'),
	(1,629,'2019-09-04 06:12:27'),
	(1,630,'2019-09-04 06:12:40'),
	(1,631,'2019-09-04 06:12:41'),
	(1,632,'2019-09-04 06:12:42'),
	(1,633,'2019-09-04 06:12:43'),
	(1,634,'2019-09-04 06:12:49'),
	(1,635,'2019-09-04 06:12:54'),
	(1,636,'2019-09-04 06:13:00'),
	(1,637,'2019-09-04 06:13:10'),
	(1,638,'2019-09-04 06:13:15'),
	(1,639,'2019-09-04 06:13:16'),
	(1,640,'2019-09-04 06:13:27'),
	(1,641,'2019-09-04 06:13:31'),
	(1,642,'2019-09-04 06:13:35'),
	(1,643,'2019-09-04 06:13:39'),
	(1,644,'2019-09-04 06:13:50'),
	(1,645,'2019-09-04 06:13:55'),
	(1,646,'2019-09-04 06:13:57'),
	(1,647,'2019-09-04 06:14:03'),
	(1,648,'2019-09-04 06:14:10'),
	(1,649,'2019-09-04 06:14:15'),
	(1,650,'2019-09-04 06:14:21'),
	(1,651,'2019-09-04 06:14:26'),
	(1,652,'2019-09-04 06:14:29'),
	(1,653,'2019-09-04 06:14:31'),
	(1,654,'2019-09-04 06:14:36'),
	(1,655,'2019-09-04 06:14:38'),
	(1,656,'2019-09-04 06:14:48'),
	(1,657,'2019-09-04 06:14:50'),
	(1,658,'2019-09-04 06:14:52'),
	(1,659,'2019-09-04 06:14:53'),
	(1,660,'2019-09-04 06:15:03'),
	(1,661,'2019-09-04 06:15:08'),
	(1,662,'2019-09-04 06:15:13'),
	(1,663,'2019-09-04 06:15:17'),
	(1,664,'2019-09-04 06:15:20'),
	(1,665,'2019-09-04 06:15:27'),
	(1,666,'2019-09-04 06:15:28'),
	(1,667,'2019-09-04 06:15:30'),
	(1,668,'2019-09-04 06:15:34'),
	(1,669,'2019-09-04 06:15:35'),
	(1,670,'2019-09-04 06:15:39'),
	(1,671,'2019-09-04 06:15:44'),
	(1,672,'2019-09-04 06:15:48'),
	(1,673,'2019-09-04 06:16:06'),
	(1,674,'2019-09-04 06:16:07'),
	(1,675,'2019-09-04 06:16:11'),
	(1,676,'2019-09-04 06:16:13'),
	(1,677,'2019-09-04 06:16:26'),
	(1,678,'2019-09-04 06:16:33'),
	(1,679,'2019-09-04 06:16:39'),
	(1,680,'2019-09-04 06:16:43'),
	(1,681,'2019-09-04 06:16:45'),
	(1,682,'2019-09-04 06:16:50'),
	(1,683,'2019-09-04 06:16:52'),
	(1,684,'2019-09-04 06:16:55'),
	(1,685,'2019-09-04 06:16:56'),
	(1,686,'2019-09-04 06:16:58'),
	(1,687,'2019-09-04 06:17:01'),
	(1,688,'2019-09-04 06:17:05'),
	(1,689,'2019-09-04 06:17:19'),
	(1,690,'2019-09-04 06:17:19'),
	(1,691,'2019-09-04 06:17:22'),
	(1,692,'2019-09-04 06:17:31'),
	(1,693,'2019-09-04 06:17:41'),
	(1,694,'2019-09-04 06:17:41'),
	(1,695,'2019-09-04 06:17:48'),
	(1,696,'2019-09-04 06:17:49'),
	(1,697,'2019-09-04 06:17:54'),
	(1,698,'2019-09-04 06:18:04'),
	(1,699,'2019-09-04 06:18:15'),
	(1,700,'2019-09-04 06:18:17'),
	(1,701,'2019-09-04 06:18:17'),
	(1,702,'2019-09-04 06:18:18'),
	(1,703,'2019-09-04 06:18:23'),
	(1,704,'2019-09-04 06:18:24'),
	(1,705,'2019-09-04 06:18:26'),
	(1,706,'2019-09-04 06:18:37'),
	(1,707,'2019-09-04 06:18:37'),
	(1,708,'2019-09-04 06:18:41'),
	(1,709,'2019-09-04 06:18:51'),
	(1,710,'2019-09-04 06:18:55'),
	(1,711,'2019-09-04 06:18:56'),
	(1,712,'2019-09-04 06:18:59'),
	(1,713,'2019-09-04 06:19:01'),
	(1,714,'2019-09-04 06:19:18'),
	(1,715,'2019-09-04 06:19:25'),
	(1,716,'2019-09-04 06:19:33'),
	(1,717,'2019-09-04 06:19:41'),
	(1,718,'2019-09-04 06:27:37'),
	(1,719,'2019-09-04 06:27:51'),
	(1,720,'2019-09-04 06:27:58'),
	(1,721,'2019-09-04 06:28:08'),
	(1,722,'2019-09-04 06:28:20'),
	(1,723,'2019-09-04 06:28:54'),
	(1,724,'2019-09-04 06:28:55'),
	(1,725,'2019-09-04 06:29:07'),
	(1,726,'2019-09-04 06:29:15'),
	(1,727,'2019-09-04 06:29:36'),
	(1,728,'2019-09-04 06:30:00'),
	(1,729,'2019-09-04 06:30:05'),
	(1,730,'2019-09-04 06:30:12'),
	(1,731,'2019-09-04 06:30:41'),
	(1,732,'2019-09-04 06:32:36'),
	(1,733,'2019-09-04 06:32:41'),
	(1,734,'2019-09-04 06:32:54'),
	(1,735,'2019-09-04 06:35:40'),
	(1,736,'2019-09-04 06:35:50'),
	(1,737,'2019-09-04 06:36:09'),
	(1,738,'2019-09-04 06:36:21'),
	(1,739,'2019-09-04 06:36:49'),
	(1,740,'2019-09-04 06:37:07'),
	(1,741,'2019-09-04 06:37:31'),
	(1,742,'2019-09-04 06:37:42'),
	(1,743,'2019-09-04 06:38:13'),
	(1,744,'2019-09-04 06:38:17'),
	(1,745,'2019-09-04 06:38:18'),
	(1,746,'2019-09-04 06:38:24'),
	(1,747,'2019-09-04 06:40:34'),
	(1,748,'2019-09-04 06:40:36'),
	(1,749,'2019-09-04 06:41:11'),
	(1,750,'2019-09-04 06:43:47'),
	(1,751,'2019-09-04 06:43:48'),
	(1,752,'2019-09-04 06:43:52'),
	(1,753,'2019-09-04 06:44:02'),
	(1,754,'2019-09-04 06:44:32'),
	(1,755,'2019-09-04 06:46:36'),
	(1,756,'2019-09-04 06:48:52'),
	(1,757,'2019-09-04 06:48:59'),
	(1,758,'2019-09-04 06:49:00'),
	(1,759,'2019-09-04 06:49:12'),
	(1,760,'2019-09-04 06:49:14'),
	(1,761,'2019-09-04 06:49:34'),
	(1,762,'2019-09-04 06:49:36'),
	(1,763,'2019-09-04 06:49:54'),
	(1,764,'2019-09-04 06:49:55'),
	(1,765,'2019-09-04 06:51:06'),
	(1,766,'2019-09-04 06:51:28'),
	(1,767,'2019-09-04 06:51:29'),
	(1,768,'2019-09-04 06:51:40'),
	(1,769,'2019-09-04 06:51:46'),
	(1,770,'2019-09-04 06:52:05'),
	(1,771,'2019-09-05 00:39:58'),
	(1,772,'2019-09-06 13:53:45'),
	(1,773,'2019-09-23 02:08:26'),
	(1,774,'2019-09-05 16:12:42'),
	(1,775,'2019-09-06 03:57:25'),
	(1,776,'2019-09-06 23:24:33'),
	(1,777,'2019-09-06 23:58:54'),
	(1,778,'2019-09-08 00:56:48'),
	(1,779,'2019-09-07 02:39:49'),
	(1,780,'2019-09-07 18:45:21'),
	(1,781,'2019-09-07 18:51:59'),
	(1,782,'2019-09-07 21:50:14'),
	(1,783,'2019-09-08 02:09:24'),
	(1,784,'2019-09-08 13:58:15'),
	(1,785,'2019-09-08 16:17:16'),
	(1,786,'2019-09-08 17:42:18'),
	(1,787,'2019-09-09 00:19:51'),
	(1,788,'2019-09-09 02:49:49'),
	(1,789,'2019-09-09 16:18:53'),
	(1,790,'2019-09-09 18:33:34'),
	(1,791,'2019-09-09 19:17:42'),
	(1,792,'2019-09-09 19:07:53'),
	(1,793,'2019-09-09 20:43:40'),
	(1,794,'2019-09-09 21:40:38'),
	(1,795,'2019-09-10 01:47:18'),
	(1,796,'2019-09-10 03:16:10'),
	(1,797,'2019-09-10 05:18:14'),
	(1,798,'2019-09-10 05:54:18'),
	(1,799,'2019-09-10 16:34:32'),
	(1,800,'2019-09-25 02:07:04'),
	(1,801,'2019-09-10 18:07:07'),
	(1,802,'2019-09-10 18:06:31'),
	(1,804,'2019-09-10 19:38:21'),
	(1,805,'2019-10-06 16:29:45'),
	(1,806,'2019-09-11 05:06:37'),
	(1,807,'2019-09-11 15:08:52'),
	(1,808,'2019-09-11 23:43:54'),
	(1,809,'2019-09-12 01:46:35'),
	(1,810,'2019-09-12 02:31:37'),
	(1,811,'2019-09-12 02:57:38'),
	(1,812,'2019-09-12 03:09:45'),
	(1,813,'2019-09-12 16:23:50'),
	(1,814,'2019-09-12 17:20:53'),
	(1,815,'2019-09-12 17:31:13'),
	(1,816,'2019-09-12 18:23:42'),
	(1,817,'2019-09-13 03:08:29'),
	(1,818,'2019-09-13 12:13:32'),
	(1,819,'2019-09-13 16:43:24'),
	(1,820,'2019-11-19 23:06:01'),
	(1,821,'2019-09-15 20:47:10'),
	(1,822,'2019-09-16 06:08:37'),
	(1,823,'2019-09-16 12:48:21'),
	(1,824,'2019-09-16 15:25:55'),
	(1,825,'2019-09-16 16:28:55'),
	(1,826,'2019-09-16 17:43:17'),
	(1,827,'2019-09-17 15:16:22'),
	(1,828,'2019-09-17 20:16:29'),
	(1,829,'2019-09-17 17:46:26'),
	(1,830,'2019-09-18 00:06:31'),
	(1,831,'2019-09-18 22:20:46'),
	(1,832,'2019-09-18 23:33:20'),
	(1,833,'2019-09-19 00:26:23'),
	(1,834,'2019-09-19 11:29:18'),
	(1,835,'2019-09-20 11:39:57'),
	(1,836,'2019-09-20 14:22:33'),
	(1,837,'2019-09-20 17:02:16'),
	(1,838,'2020-01-30 13:26:49'),
	(1,839,'2019-09-22 04:45:50'),
	(1,840,'2019-09-22 07:30:16'),
	(1,841,'2019-09-22 19:44:08'),
	(1,842,'2019-09-23 00:50:08'),
	(1,843,'2019-09-23 03:40:35'),
	(1,844,'2019-09-23 19:37:04'),
	(1,845,'2019-09-24 01:48:49'),
	(1,846,'2019-09-24 02:59:54'),
	(1,847,'2019-09-24 09:42:41'),
	(1,848,'2019-09-24 20:42:01'),
	(1,849,'2019-09-24 21:12:06'),
	(1,850,'2019-09-24 21:36:50'),
	(1,851,'2019-09-24 21:42:02'),
	(1,852,'2019-09-24 23:36:52'),
	(1,853,'2019-09-25 00:23:04'),
	(1,854,'2019-09-25 11:34:23'),
	(1,855,'2019-09-25 11:56:03'),
	(1,856,'2019-09-25 14:39:40'),
	(1,857,'2019-09-26 00:26:23'),
	(1,858,'2019-09-26 10:47:27'),
	(1,859,'2019-09-26 14:24:01'),
	(1,860,'2019-10-21 04:14:02'),
	(1,861,'2019-09-26 18:00:59'),
	(1,862,'2019-09-26 18:42:34'),
	(1,863,'2019-09-26 22:41:06'),
	(1,864,'2019-09-27 00:29:06'),
	(1,865,'2019-12-07 18:56:27'),
	(1,866,'2019-09-27 01:12:41'),
	(1,867,'2019-09-27 16:03:44'),
	(1,868,'2019-09-27 22:38:19'),
	(1,869,'2019-09-28 02:59:51'),
	(1,870,'2019-09-28 01:32:06'),
	(1,871,'2019-09-28 18:00:46'),
	(1,872,'2019-09-28 22:51:21'),
	(1,873,'2019-09-29 01:12:40'),
	(1,874,'2019-09-29 03:48:39'),
	(1,875,'2019-09-29 04:33:13'),
	(1,876,'2019-09-29 20:20:17'),
	(1,877,'2019-09-29 22:35:18'),
	(1,878,'2019-09-29 23:18:00'),
	(1,879,'2019-11-07 15:51:39'),
	(1,880,'2019-09-30 00:12:58'),
	(1,881,'2019-09-30 01:02:52'),
	(1,882,'2019-09-30 01:33:31'),
	(1,883,'2019-09-30 01:40:30'),
	(1,884,'2019-09-30 02:23:19'),
	(1,885,'2019-09-30 02:52:12'),
	(1,886,'2019-09-30 03:24:53'),
	(1,887,'2019-09-30 03:27:09'),
	(1,888,'2019-09-30 04:15:47'),
	(1,889,'2019-09-30 06:22:51'),
	(1,890,'2019-09-30 19:17:17'),
	(1,891,'2019-10-01 00:28:07'),
	(1,892,'2019-10-01 14:26:44'),
	(1,893,'2019-10-01 16:22:49'),
	(1,894,'2019-10-30 16:06:41'),
	(1,895,'2019-10-02 23:56:45'),
	(1,896,'2019-10-03 20:12:40'),
	(1,897,'2019-10-04 01:04:59'),
	(1,898,'2019-10-05 02:37:12'),
	(1,899,'2019-10-05 06:35:33'),
	(1,900,'2019-10-05 21:05:27'),
	(1,901,'2019-10-06 05:38:51'),
	(1,902,'2019-10-06 08:05:02'),
	(1,903,'2019-10-06 12:29:37'),
	(1,904,'2019-10-23 10:56:52'),
	(1,905,'2019-10-06 23:18:19'),
	(1,906,'2019-10-08 14:12:15'),
	(1,907,'2019-10-08 21:41:24'),
	(1,908,'2019-10-09 03:30:46'),
	(1,909,'2019-10-09 07:37:42'),
	(1,910,'2019-10-11 09:08:27'),
	(1,911,'2019-10-11 22:49:00'),
	(1,912,'2019-10-11 22:56:38'),
	(1,913,'2019-10-11 23:51:57'),
	(1,914,'2019-10-11 23:54:11'),
	(1,915,'2019-10-12 02:02:18'),
	(1,916,'2019-10-12 02:34:13'),
	(1,917,'2019-10-13 04:04:25'),
	(1,918,'2019-10-13 06:01:05'),
	(1,919,'2019-10-14 16:10:28'),
	(1,920,'2019-10-30 20:09:06'),
	(1,921,'2020-07-03 23:46:15'),
	(1,922,'2019-10-15 03:11:47'),
	(1,923,'2019-10-15 11:10:54'),
	(1,924,'2019-10-15 17:11:16'),
	(1,925,'2019-10-15 17:15:09'),
	(1,926,'2019-10-15 18:16:28'),
	(1,927,'2019-10-16 22:24:16'),
	(1,928,'2019-10-16 22:26:38'),
	(1,929,'2019-10-16 22:28:05'),
	(1,930,'2019-10-16 22:32:08'),
	(1,931,'2019-10-17 02:14:22'),
	(1,932,'2019-10-17 02:44:16'),
	(1,933,'2019-10-17 04:46:32'),
	(1,934,'2019-10-17 10:33:27'),
	(1,935,'2019-10-17 13:18:16'),
	(1,936,'2019-10-17 13:43:34'),
	(1,937,'2020-01-02 19:44:44'),
	(1,938,'2019-10-17 15:22:21'),
	(1,939,'2019-10-17 20:05:26'),
	(1,940,'2019-10-17 23:36:25'),
	(1,941,'2019-10-18 01:30:50'),
	(1,942,'2019-10-18 10:14:12'),
	(1,943,'2019-10-18 13:43:28'),
	(1,944,'2019-10-18 14:09:52'),
	(1,945,'2019-10-24 14:44:10'),
	(1,946,'2019-10-21 22:28:21'),
	(1,947,'2019-10-18 20:32:50'),
	(1,948,'2019-10-19 14:57:06'),
	(1,949,'2019-10-19 20:08:46'),
	(1,950,'2019-10-19 21:48:52'),
	(1,951,'2019-10-20 00:28:06'),
	(1,952,'2019-11-11 04:02:40'),
	(1,953,'2019-10-20 01:32:03'),
	(1,954,'2019-10-20 02:21:00'),
	(1,955,'2019-10-20 05:11:04'),
	(1,956,'2019-10-21 02:38:26'),
	(1,957,'2019-10-20 19:52:43'),
	(1,958,'2019-10-20 22:29:35'),
	(1,959,'2019-10-21 02:54:55'),
	(1,960,'2019-10-21 04:20:43'),
	(1,961,'2019-10-21 09:42:20'),
	(1,962,'2019-10-21 13:57:20'),
	(1,963,'2019-10-21 14:34:16'),
	(1,964,'2019-10-21 17:29:31'),
	(1,965,'2019-10-21 22:39:28'),
	(1,966,'2019-11-19 16:10:04'),
	(1,967,'2019-10-21 22:55:33'),
	(1,968,'2019-10-21 23:18:55'),
	(1,969,'2019-10-22 03:09:15'),
	(1,970,'2019-10-22 04:29:20'),
	(1,971,'2019-12-23 22:50:53'),
	(1,972,'2019-10-22 19:09:47'),
	(1,973,'2019-10-22 14:52:39'),
	(1,974,'2019-10-22 15:06:36'),
	(1,975,'2019-10-22 15:08:12'),
	(1,976,'2019-10-22 15:31:12'),
	(1,977,'2019-10-22 16:20:55'),
	(1,978,'2019-10-22 21:12:12'),
	(1,979,'2019-10-22 22:07:49'),
	(1,980,'2019-10-23 05:18:51'),
	(1,981,'2019-10-27 01:51:30'),
	(1,982,'2019-10-23 15:33:43'),
	(1,983,'2019-10-23 17:26:23'),
	(1,984,'2019-10-23 19:42:13'),
	(1,985,'2019-10-24 10:53:28'),
	(1,986,'2019-10-24 15:03:03'),
	(1,987,'2019-12-19 13:42:12'),
	(1,988,'2019-10-24 19:47:32'),
	(1,989,'2019-10-24 20:59:33'),
	(1,990,'2019-10-25 02:19:09'),
	(1,991,'2019-10-25 15:00:51'),
	(1,992,'2019-10-25 19:31:14'),
	(1,993,'2019-10-26 00:17:09'),
	(1,994,'2019-10-26 10:26:47'),
	(1,995,'2020-06-22 16:13:40'),
	(1,996,'2019-10-27 22:24:33'),
	(1,997,'2019-10-27 01:13:15'),
	(1,998,'2019-10-29 13:46:06'),
	(1,999,'2019-10-27 02:45:56'),
	(1,1000,'2019-10-27 03:07:12'),
	(1,1001,'2019-10-27 06:12:15'),
	(1,1002,'2019-10-27 09:20:03'),
	(1,1003,'2019-10-27 09:20:08'),
	(1,1004,'2019-10-27 09:20:42'),
	(1,1005,'2019-10-27 09:20:50'),
	(1,1006,'2019-10-27 17:44:10'),
	(1,1007,'2019-10-27 18:52:58'),
	(1,1008,'2019-10-27 23:04:54'),
	(1,1009,'2019-10-27 23:47:56'),
	(1,1010,'2019-10-28 03:01:10'),
	(1,1011,'2019-10-28 03:31:06'),
	(1,1012,'2019-10-28 03:41:20'),
	(1,1013,'2019-10-28 05:35:56'),
	(1,1014,'2019-12-04 00:04:16'),
	(1,1015,'2019-10-28 20:46:28'),
	(1,1016,'2019-10-29 01:56:51'),
	(1,1017,'2019-10-29 02:29:36'),
	(1,1018,'2019-10-29 02:59:09'),
	(1,1019,'2019-10-29 03:29:16'),
	(1,1020,'2019-12-11 02:17:06'),
	(1,1021,'2019-11-09 01:45:51'),
	(1,1022,'2019-10-29 15:12:57'),
	(1,1023,'2019-10-29 20:22:36'),
	(1,1024,'2019-10-29 21:16:03'),
	(1,1025,'2019-10-29 21:16:54'),
	(1,1026,'2019-10-29 22:49:38'),
	(1,1027,'2019-10-29 22:38:10'),
	(1,1028,'2019-10-30 02:51:36'),
	(1,1029,'2019-10-30 04:12:35'),
	(1,1030,'2019-10-30 04:13:00'),
	(1,1031,'2019-10-30 04:13:24'),
	(1,1032,'2019-10-30 04:13:55'),
	(1,1033,'2019-10-30 13:45:59'),
	(1,1034,'2019-10-30 15:24:21'),
	(1,1035,'2019-10-30 17:04:15'),
	(1,1036,'2019-10-30 18:48:02'),
	(1,1037,'2019-10-30 20:11:59'),
	(1,1038,'2019-10-31 02:46:38'),
	(1,1039,'2019-10-31 02:49:39'),
	(1,1040,'2019-11-02 23:17:09'),
	(1,1041,'2019-10-31 04:50:37'),
	(1,1042,'2019-10-31 05:02:52'),
	(1,1043,'2019-10-31 11:52:11'),
	(1,1044,'2019-10-31 13:21:36'),
	(1,1045,'2019-10-31 18:07:13'),
	(1,1046,'2019-10-31 23:24:03'),
	(1,1047,'2019-11-01 07:24:36'),
	(1,1048,'2019-11-01 20:34:57'),
	(1,1049,'2019-11-02 02:21:58'),
	(1,1050,'2019-11-02 04:19:43'),
	(1,1051,'2019-11-02 13:48:43'),
	(1,1052,'2019-11-02 23:38:08'),
	(1,1053,'2019-11-03 03:05:39'),
	(1,1054,'2019-11-03 03:07:25'),
	(1,1055,'2019-11-03 20:25:15'),
	(1,1056,'2020-02-01 02:37:52'),
	(1,1057,'2019-11-04 01:25:18'),
	(1,1058,'2019-11-04 03:15:30'),
	(1,1059,'2019-11-04 13:50:29'),
	(1,1060,'2019-11-05 01:19:52'),
	(1,1061,'2019-11-05 04:49:50'),
	(1,1062,'2019-11-05 06:42:48'),
	(1,1063,'2019-11-05 09:28:14'),
	(1,1064,'2019-11-05 13:10:21'),
	(1,1065,'2019-11-05 14:29:16'),
	(1,1066,'2019-11-05 16:53:45'),
	(1,1067,'2019-11-06 02:13:08'),
	(1,1068,'2019-11-07 04:05:17'),
	(1,1069,'2020-03-06 02:38:05'),
	(1,1070,'2019-11-06 04:06:03'),
	(1,1071,'2019-11-07 17:28:06'),
	(1,1072,'2019-11-13 15:43:18'),
	(1,1073,'2019-11-06 12:14:15'),
	(1,1074,'2019-12-02 15:54:09'),
	(1,1075,'2019-11-06 16:04:40'),
	(1,1076,'2019-11-06 15:24:25'),
	(1,1077,'2019-11-11 01:05:56'),
	(1,1078,'2019-11-07 02:08:16'),
	(1,1079,'2019-11-07 03:36:50'),
	(1,1080,'2019-11-07 04:03:31'),
	(1,1081,'2019-11-07 17:00:02'),
	(1,1082,'2019-11-07 07:51:03'),
	(1,1083,'2019-11-07 10:19:28'),
	(1,1084,'2019-11-07 14:05:35'),
	(1,1085,'2019-11-07 14:02:52'),
	(1,1086,'2019-11-07 15:07:38'),
	(1,1087,'2019-11-07 15:44:47'),
	(1,1088,'2019-11-07 15:50:54'),
	(1,1089,'2019-11-08 00:44:18'),
	(1,1090,'2019-11-07 23:57:50'),
	(1,1091,'2019-11-08 00:23:07'),
	(1,1092,'2019-11-08 00:44:14'),
	(1,1093,'2019-11-08 00:47:05'),
	(1,1094,'2019-11-08 02:30:02'),
	(1,1095,'2019-11-08 03:13:08'),
	(1,1096,'2019-11-08 06:47:42'),
	(1,1097,'2019-11-08 08:26:58'),
	(1,1098,'2019-11-08 11:08:42'),
	(1,1099,'2019-11-08 14:48:36'),
	(1,1100,'2019-11-08 19:16:43'),
	(1,1101,'2019-11-09 00:31:53'),
	(1,1102,'2019-11-09 01:38:12'),
	(1,1103,'2019-11-09 22:33:39'),
	(1,1104,'2019-11-10 01:19:38'),
	(1,1105,'2019-11-10 01:42:11'),
	(1,1106,'2019-11-10 03:41:09'),
	(1,1107,'2019-11-10 16:52:37'),
	(1,1108,'2019-11-10 18:01:37'),
	(1,1109,'2019-11-10 19:12:52'),
	(1,1110,'2019-11-10 21:58:45'),
	(1,1111,'2019-11-10 23:02:50'),
	(1,1112,'2019-11-10 23:59:46'),
	(1,1113,'2019-11-11 12:31:19'),
	(1,1114,'2019-11-11 12:52:40'),
	(1,1115,'2019-11-11 13:37:55'),
	(1,1116,'2019-11-11 14:06:08'),
	(1,1117,'2019-11-11 14:13:00'),
	(1,1118,'2019-11-11 18:31:20'),
	(1,1119,'2019-11-11 18:50:53'),
	(1,1120,'2019-11-12 00:32:50'),
	(1,1121,'2019-11-12 01:46:33'),
	(1,1122,'2019-11-12 02:22:59'),
	(1,1123,'2019-11-12 04:53:50'),
	(1,1124,'2019-11-12 06:40:55'),
	(1,1125,'2019-11-12 07:31:45'),
	(1,1126,'2019-11-12 11:53:17'),
	(1,1127,'2020-03-29 20:37:41'),
	(1,1128,'2019-11-12 16:24:36'),
	(1,1129,'2019-11-12 16:25:29'),
	(1,1130,'2019-11-12 17:52:52'),
	(1,1131,'2019-11-13 14:48:11'),
	(1,1132,'2020-01-03 01:51:41'),
	(1,1133,'2019-11-13 18:59:14'),
	(1,1134,'2019-11-14 00:20:56'),
	(1,1135,'2019-11-14 01:48:31'),
	(1,1136,'2019-11-14 20:02:10'),
	(1,1137,'2019-11-15 00:37:21'),
	(1,1138,'2019-11-16 04:18:10'),
	(1,1139,'2019-11-17 06:57:28'),
	(1,1140,'2019-11-17 22:26:01'),
	(1,1141,'2019-11-17 23:18:06'),
	(1,1142,'2020-03-27 16:02:13'),
	(1,1143,'2019-11-19 01:11:18'),
	(1,1144,'2019-11-21 02:36:38'),
	(1,1145,'2019-11-21 17:20:44'),
	(1,1146,'2020-02-17 14:47:05'),
	(1,1147,'2019-11-20 22:07:56'),
	(1,1148,'2019-11-20 23:06:23'),
	(1,1149,'2019-11-21 02:37:40'),
	(1,1150,'2019-11-21 04:23:30'),
	(1,1151,'2019-11-21 15:18:50'),
	(1,1152,'2020-03-05 16:15:32'),
	(1,1153,'2019-11-22 03:38:00'),
	(1,1154,'2019-11-22 14:37:03'),
	(1,1155,'2019-11-22 20:28:19'),
	(1,1156,'2019-11-22 21:03:26'),
	(1,1157,'2019-11-23 13:40:53'),
	(1,1158,'2019-11-23 15:57:42'),
	(1,1159,'2019-11-24 01:28:54'),
	(1,1160,'2019-11-24 01:28:26'),
	(1,1161,'2019-11-25 01:36:29'),
	(1,1162,'2019-11-25 17:01:32'),
	(1,1163,'2019-11-25 19:01:18'),
	(1,1164,'2019-11-26 03:05:54'),
	(1,1165,'2019-11-26 12:19:21'),
	(1,1166,'2019-11-26 12:35:41'),
	(1,1167,'2019-11-26 17:12:14'),
	(1,1168,'2019-11-27 14:02:12'),
	(1,1169,'2019-11-28 05:46:39'),
	(1,1170,'2019-11-28 21:22:00'),
	(1,1171,'2019-11-29 13:10:36'),
	(1,1172,'2019-11-29 23:54:48'),
	(1,1173,'2019-11-30 02:57:00'),
	(1,1174,'2019-11-30 07:59:27'),
	(1,1175,'2019-11-30 21:41:36'),
	(1,1176,'2019-12-01 01:17:28'),
	(1,1177,'2019-12-01 03:01:04'),
	(1,1178,'2019-12-01 04:14:19'),
	(1,1179,'2019-12-01 23:54:55'),
	(1,1180,'2019-12-02 00:45:43'),
	(1,1181,'2019-12-02 02:10:21'),
	(1,1182,'2019-12-02 14:09:11'),
	(1,1183,'2019-12-02 14:45:40'),
	(1,1184,'2019-12-02 15:38:49'),
	(1,1185,'2019-12-02 21:58:09'),
	(1,1186,'2019-12-03 03:15:19'),
	(1,1187,'2019-12-03 05:54:28'),
	(1,1188,'2019-12-03 18:35:00'),
	(1,1189,'2019-12-03 23:57:08'),
	(1,1190,'2019-12-04 01:50:32'),
	(1,1191,'2019-12-04 03:56:14'),
	(1,1192,'2019-12-04 11:44:41'),
	(1,1193,'2019-12-04 13:56:31'),
	(1,1194,'2019-12-05 14:26:35'),
	(1,1195,'2019-12-05 15:53:12'),
	(1,1196,'2019-12-06 14:42:52'),
	(1,1197,'2019-12-06 14:54:14'),
	(1,1198,'2019-12-08 00:54:47'),
	(1,1199,'2019-12-08 22:37:51'),
	(1,1200,'2019-12-09 01:50:32'),
	(1,1201,'2019-12-19 00:21:24'),
	(1,1202,'2019-12-09 16:19:41'),
	(1,1203,'2019-12-09 17:58:58'),
	(1,1204,'2020-02-08 14:31:59'),
	(1,1205,'2019-12-09 22:26:29'),
	(1,1206,'2019-12-10 22:22:05'),
	(1,1207,'2019-12-11 00:25:48'),
	(1,1208,'2019-12-12 13:18:05'),
	(1,1209,'2019-12-11 16:07:56'),
	(1,1210,'2019-12-11 19:57:22'),
	(1,1211,'2019-12-13 18:16:03'),
	(1,1212,'2019-12-14 09:05:39'),
	(1,1213,'2019-12-13 03:42:56'),
	(1,1214,'2019-12-13 15:08:44'),
	(1,1215,'2019-12-13 17:10:19'),
	(1,1216,'2019-12-13 21:25:21'),
	(1,1217,'2019-12-15 00:18:35'),
	(1,1218,'2019-12-15 00:31:43'),
	(1,1219,'2019-12-15 21:23:03'),
	(1,1220,'2019-12-16 02:12:34'),
	(1,1221,'2019-12-16 03:38:42'),
	(1,1222,'2020-01-28 14:17:19'),
	(1,1223,'2020-01-02 15:48:19'),
	(1,1224,'2020-01-17 17:44:30'),
	(1,1225,'2019-12-18 00:39:24'),
	(1,1226,'2019-12-18 00:42:56'),
	(1,1227,'2019-12-18 16:30:19'),
	(1,1228,'2019-12-18 21:39:58'),
	(1,1229,'2019-12-18 22:48:19'),
	(1,1230,'2019-12-19 01:51:03'),
	(1,1231,'2019-12-19 17:15:59'),
	(1,1232,'2019-12-19 16:44:59'),
	(1,1233,'2019-12-19 23:11:56'),
	(1,1234,'2020-01-20 22:02:15'),
	(1,1235,'2019-12-20 22:25:30'),
	(1,1236,'2019-12-20 22:52:37'),
	(1,1237,'2019-12-22 00:03:08'),
	(1,1238,'2019-12-22 05:40:48'),
	(1,1239,'2020-01-04 22:32:45'),
	(1,1240,'2019-12-23 01:33:17'),
	(1,1241,'2019-12-23 16:59:29'),
	(1,1242,'2019-12-24 18:36:53'),
	(1,1243,'2019-12-25 06:16:28'),
	(1,1244,'2019-12-26 18:19:24'),
	(1,1245,'2019-12-26 23:31:54'),
	(1,1246,'2019-12-27 00:36:00'),
	(1,1247,'2019-12-27 15:49:49'),
	(1,1248,'2019-12-29 05:24:00'),
	(1,1249,'2019-12-29 06:36:14'),
	(1,1250,'2019-12-30 16:15:42'),
	(1,1251,'2019-12-30 18:40:42'),
	(1,1252,'2020-01-02 00:05:19'),
	(1,1253,'2020-01-18 15:18:26'),
	(1,1254,'2020-01-02 01:57:23'),
	(1,1255,'2020-01-02 21:41:32'),
	(1,1256,'2020-01-03 14:52:15'),
	(1,1257,'2020-02-18 22:12:26'),
	(1,1258,'2020-01-03 21:25:09'),
	(1,1259,'2020-01-05 09:37:12'),
	(1,1260,'2020-01-05 14:31:26'),
	(1,1261,'2020-01-06 15:09:46'),
	(1,1262,'2020-01-14 22:45:57'),
	(1,1263,'2020-01-06 21:12:18'),
	(1,1264,'2020-01-07 01:02:26'),
	(1,1265,'2020-01-07 01:17:54'),
	(1,1266,'2020-01-08 13:05:59'),
	(1,1267,'2020-01-31 02:03:33'),
	(1,1268,'2020-01-09 13:24:06'),
	(1,1269,'2020-01-09 13:23:25'),
	(1,1270,'2020-01-09 15:57:42'),
	(1,1271,'2020-01-22 21:37:19'),
	(1,1272,'2020-01-10 20:52:50'),
	(1,1273,'2020-01-11 06:17:20'),
	(1,1274,'2020-01-11 21:40:38'),
	(1,1275,'2020-01-13 14:53:41'),
	(1,1276,'2020-01-13 15:50:20'),
	(1,1277,'2020-01-13 19:27:17'),
	(1,1278,'2020-01-13 21:00:44'),
	(1,1279,'2020-01-13 23:24:07'),
	(1,1280,'2020-01-16 11:34:50'),
	(1,1281,'2020-01-20 01:49:32'),
	(1,1282,'2020-01-14 22:17:50'),
	(1,1283,'2020-01-14 23:06:45'),
	(1,1284,'2020-01-15 13:22:39'),
	(1,1285,'2020-01-30 21:42:14'),
	(1,1286,'2020-01-15 20:23:50'),
	(1,1287,'2020-03-05 04:44:06'),
	(1,1288,'2020-01-17 22:54:07'),
	(1,1289,'2020-01-15 22:19:21'),
	(1,1290,'2020-01-16 18:51:05'),
	(1,1291,'2020-01-16 01:36:18'),
	(1,1292,'2020-01-16 17:25:10'),
	(1,1293,'2020-01-16 22:22:35'),
	(1,1294,'2020-01-19 03:12:01'),
	(1,1295,'2020-01-21 12:40:36'),
	(1,1296,'2020-04-17 19:59:29'),
	(1,1297,'2020-01-23 03:41:22'),
	(1,1298,'2020-01-20 14:19:10'),
	(1,1299,'2020-01-20 17:18:36'),
	(1,1300,'2020-01-21 00:39:41'),
	(1,1301,'2020-03-07 21:40:32'),
	(1,1302,'2020-01-30 01:48:09'),
	(1,1303,'2020-01-21 16:12:37'),
	(1,1304,'2020-02-05 21:56:22'),
	(1,1305,'2020-01-21 22:05:42'),
	(1,1306,'2020-01-21 22:18:24'),
	(1,1307,'2020-01-22 00:27:52'),
	(1,1308,'2020-01-25 04:14:48'),
	(1,1309,'2020-01-22 02:35:33'),
	(1,1310,'2020-01-22 21:53:19'),
	(1,1311,'2020-01-22 12:51:21'),
	(1,1312,'2020-01-22 13:04:11'),
	(1,1313,'2020-01-22 21:16:08'),
	(1,1314,'2020-01-22 21:16:11'),
	(1,1315,'2020-01-23 00:29:15'),
	(1,1316,'2020-01-23 13:16:21'),
	(1,1317,'2020-01-23 14:31:51'),
	(1,1318,'2020-01-23 14:47:10'),
	(1,1319,'2020-01-23 15:06:01'),
	(1,1320,'2020-01-23 15:06:03'),
	(1,1321,'2020-02-14 15:48:01'),
	(1,1322,'2020-01-24 14:33:49'),
	(1,1323,'2020-01-28 20:41:34'),
	(1,1324,'2020-03-10 20:46:03'),
	(1,1325,'2020-01-24 17:39:21'),
	(1,1326,'2020-01-24 18:19:38'),
	(1,1327,'2020-01-24 23:20:50'),
	(1,1328,'2020-01-25 01:06:19'),
	(1,1329,'2020-01-25 01:20:22'),
	(1,1330,'2020-01-30 00:57:31'),
	(1,1331,'2020-01-25 15:19:56'),
	(1,1332,'2020-01-25 17:18:00'),
	(1,1333,'2020-01-31 13:37:14'),
	(1,1334,'2020-01-30 13:20:22'),
	(1,1335,'2020-04-12 03:01:15'),
	(1,1336,'2020-01-27 18:10:36'),
	(1,1337,'2020-03-01 15:26:43'),
	(1,1338,'2020-01-27 21:19:09'),
	(1,1339,'2020-01-27 21:33:27'),
	(1,1340,'2020-01-27 21:35:57'),
	(1,1341,'2020-01-27 21:44:41'),
	(1,1342,'2020-02-04 17:06:54'),
	(1,1343,'2020-01-28 16:57:38'),
	(1,1344,'2020-01-28 15:00:07'),
	(1,1345,'2020-01-28 16:58:06'),
	(1,1346,'2020-01-28 17:02:08'),
	(1,1347,'2020-01-28 20:17:06'),
	(1,1348,'2020-02-19 16:05:58'),
	(1,1349,'2020-02-11 18:16:02'),
	(1,1350,'2020-01-28 22:31:24'),
	(1,1351,'2020-01-28 23:37:09'),
	(1,1352,'2020-01-29 04:00:01'),
	(1,1353,'2020-01-29 16:59:16'),
	(1,1354,'2020-01-29 22:02:18'),
	(1,1355,'2020-01-30 00:31:24'),
	(1,1356,'2020-01-30 00:34:38'),
	(1,1357,'2020-01-30 00:35:06'),
	(1,1358,'2020-03-04 02:37:53'),
	(1,1359,'2020-01-30 04:01:43'),
	(1,1360,'2020-01-30 12:49:55'),
	(1,1361,'2020-01-30 13:06:52'),
	(1,1362,'2020-01-30 13:28:41'),
	(1,1363,'2020-01-30 13:54:57'),
	(1,1364,'2020-01-30 14:07:11'),
	(1,1365,'2020-03-02 04:50:43'),
	(1,1366,'2020-01-30 21:32:31'),
	(1,1367,'2020-01-30 21:32:31'),
	(1,1368,'2020-01-30 22:38:58'),
	(1,1369,'2020-01-31 02:03:32'),
	(1,1370,'2020-01-31 05:42:57'),
	(1,1371,'2020-02-03 17:20:58'),
	(1,1372,'2020-01-31 14:38:11'),
	(1,1373,'2020-03-10 21:51:31'),
	(1,1374,'2020-01-31 15:27:52'),
	(1,1375,'2020-01-31 16:45:04'),
	(1,1376,'2020-01-31 17:51:48'),
	(1,1377,'2020-02-03 13:06:15'),
	(1,1378,'2020-02-01 23:50:33'),
	(1,1379,'2020-02-02 13:01:36'),
	(1,1380,'2020-02-03 01:00:57'),
	(1,1381,'2020-02-04 06:29:15'),
	(1,1382,'2020-02-04 12:51:28'),
	(1,1383,'2020-02-04 21:24:32'),
	(1,1384,'2020-02-05 01:26:18'),
	(1,1385,'2020-02-05 14:54:35'),
	(1,1386,'2020-02-06 13:00:00'),
	(1,1387,'2020-02-07 01:18:38'),
	(1,1388,'2020-02-07 06:59:17'),
	(1,1389,'2020-02-07 19:04:41'),
	(1,1390,'2020-02-07 22:37:14'),
	(1,1391,'2020-02-08 14:23:42'),
	(1,1392,'2020-02-09 09:01:15'),
	(1,1393,'2020-02-10 11:34:28'),
	(1,1394,'2020-02-10 15:02:13'),
	(1,1395,'2020-02-10 20:45:52'),
	(1,1396,'2020-02-11 03:57:23'),
	(1,1397,'2020-02-11 15:12:12'),
	(1,1398,'2020-07-22 21:46:41'),
	(1,1399,'2020-02-13 17:36:12'),
	(1,1400,'2020-02-14 16:07:09'),
	(1,1401,'2020-02-14 19:04:45'),
	(1,1402,'2020-02-16 07:49:05'),
	(1,1403,'2020-02-17 01:46:07'),
	(1,1404,'2020-02-17 22:11:12'),
	(1,1405,'2020-02-17 23:17:39'),
	(1,1406,'2020-02-18 14:34:48'),
	(1,1407,'2020-05-07 20:09:29'),
	(1,1408,'2020-02-18 20:01:09'),
	(1,1409,'2020-02-18 20:02:42'),
	(1,1410,'2020-02-19 02:39:18'),
	(1,1411,'2020-02-20 23:11:37'),
	(1,1412,'2020-04-06 22:26:28'),
	(1,1413,'2020-02-21 00:33:29'),
	(1,1414,'2020-02-21 00:39:15'),
	(1,1415,'2020-02-21 01:48:45'),
	(1,1416,'2020-02-21 02:18:32'),
	(1,1417,'2020-02-21 03:09:53'),
	(1,1418,'2020-02-21 14:58:36'),
	(1,1419,'2020-02-21 21:46:46'),
	(1,1420,'2020-02-22 03:31:27'),
	(1,1421,'2020-02-23 07:14:21'),
	(1,1422,'2020-02-24 21:19:48'),
	(1,1423,'2020-02-26 12:50:52'),
	(1,1424,'2020-03-14 18:57:41'),
	(1,1425,'2020-06-16 17:17:22'),
	(1,1426,'2020-02-27 13:31:25'),
	(1,1427,'2020-03-02 06:19:05'),
	(1,1428,'2020-02-27 19:21:11'),
	(1,1429,'2020-02-28 03:24:45'),
	(1,1430,'2020-02-28 16:16:00'),
	(1,1431,'2020-02-28 17:29:31'),
	(1,1432,'2020-02-28 19:09:27'),
	(1,1433,'2020-02-28 21:30:51'),
	(1,1434,'2020-02-29 02:50:41'),
	(1,1435,'2020-03-01 10:24:36'),
	(1,1436,'2020-08-05 00:14:07'),
	(1,1437,'2020-03-02 14:59:30'),
	(1,1438,'2020-03-02 22:40:47'),
	(1,1439,'2020-04-17 02:07:40'),
	(1,1440,'2020-03-03 14:34:52'),
	(1,1441,'2020-03-03 17:19:09'),
	(1,1442,'2020-03-03 18:45:06'),
	(1,1443,'2020-03-04 15:01:06'),
	(1,1444,'2020-03-04 18:43:54'),
	(1,1445,'2020-03-04 20:47:30'),
	(1,1446,'2020-04-25 16:48:12'),
	(1,1447,'2020-03-05 19:45:52'),
	(1,1448,'2020-03-28 04:57:54'),
	(1,1449,'2020-03-07 14:00:49'),
	(1,1450,'2020-03-09 12:52:27'),
	(1,1451,'2020-03-09 13:42:33'),
	(1,1452,'2020-03-09 20:11:08'),
	(1,1453,'2020-03-10 04:45:55'),
	(1,1454,'2020-03-10 14:18:26'),
	(1,1455,'2020-03-10 20:57:32'),
	(1,1456,'2020-03-11 00:35:00'),
	(1,1457,'2020-03-11 17:44:09'),
	(1,1458,'2020-03-11 18:51:15'),
	(1,1459,'2020-03-12 01:08:28'),
	(1,1460,'2020-03-12 04:18:26'),
	(1,1461,'2020-03-12 15:55:43'),
	(1,1462,'2020-03-13 02:31:18'),
	(1,1463,'2020-03-13 04:07:57'),
	(1,1464,'2020-03-13 17:28:58'),
	(1,1465,'2020-03-13 22:41:15'),
	(1,1466,'2020-03-13 23:44:24'),
	(1,1467,'2020-03-14 16:59:22'),
	(1,1468,'2020-03-14 17:32:28'),
	(1,1469,'2020-03-14 23:39:40'),
	(1,1470,'2020-03-15 11:23:34'),
	(1,1471,'2020-03-16 15:13:35'),
	(1,1472,'2020-03-18 12:38:47'),
	(1,1473,'2020-04-13 20:33:41'),
	(1,1474,'2020-03-18 20:30:21'),
	(1,1475,'2020-03-18 23:38:18'),
	(1,1476,'2020-03-20 23:26:24'),
	(1,1477,'2020-03-21 18:30:59'),
	(1,1478,'2020-03-22 09:20:24'),
	(1,1479,'2020-03-24 02:58:54'),
	(1,1480,'2020-03-24 15:41:21'),
	(1,1481,'2020-03-26 19:04:22'),
	(1,1482,'2020-03-27 01:05:14'),
	(1,1483,'2020-03-27 19:00:01'),
	(1,1484,'2020-03-28 01:35:30'),
	(1,1485,'2020-03-28 04:56:17'),
	(1,1486,'2020-03-28 23:12:46'),
	(1,1487,'2020-03-29 19:54:05'),
	(1,1488,'2020-03-29 19:45:49'),
	(1,1489,'2020-03-30 00:24:10'),
	(1,1490,'2020-03-30 14:45:12'),
	(1,1491,'2020-03-30 15:53:23'),
	(1,1492,'2020-03-30 16:20:50'),
	(1,1493,'2020-03-30 17:01:49'),
	(1,1494,'2020-03-31 00:06:13'),
	(1,1495,'2020-03-31 04:19:55'),
	(1,1496,'2020-04-01 00:10:57'),
	(1,1497,'2020-04-01 01:25:25'),
	(1,1498,'2020-04-02 12:38:30'),
	(1,1499,'2020-04-02 16:20:22'),
	(1,1500,'2020-04-04 21:12:08'),
	(1,1501,'2020-07-19 02:24:14'),
	(1,1502,'2020-04-06 22:58:33'),
	(1,1503,'2020-06-26 06:11:14'),
	(1,1504,'2020-04-20 13:07:19'),
	(1,1505,'2020-04-09 13:27:58'),
	(1,1506,'2020-04-09 16:46:11'),
	(1,1507,'2020-04-12 02:22:38'),
	(1,1508,'2020-04-12 15:34:02'),
	(1,1509,'2020-04-12 17:36:12'),
	(1,1510,'2020-04-14 22:51:19'),
	(1,1511,'2020-04-16 17:08:39'),
	(1,1512,'2020-04-16 22:04:41'),
	(1,1513,'2020-04-18 05:48:50'),
	(1,1514,'2020-04-18 15:06:20'),
	(1,1515,'2020-04-18 16:37:07'),
	(1,1516,'2020-04-19 19:08:16'),
	(1,1517,'2020-04-20 20:55:30'),
	(1,1518,'2020-04-21 01:06:49'),
	(1,1519,'2020-04-22 07:53:01'),
	(1,1520,'2020-04-23 19:17:05'),
	(1,1521,'2020-04-23 13:21:06'),
	(1,1522,'2020-04-23 23:01:11'),
	(1,1523,'2020-06-23 16:17:09'),
	(1,1524,'2020-04-24 16:14:00'),
	(1,1525,'2020-04-24 22:11:32'),
	(1,1526,'2020-05-04 13:21:35'),
	(1,1527,'2020-04-25 13:48:22'),
	(1,1528,'2020-04-25 15:59:17'),
	(1,1529,'2020-04-25 19:45:31'),
	(1,1530,'2020-04-25 22:23:58'),
	(1,1531,'2020-04-25 22:33:42'),
	(1,1532,'2020-04-25 22:52:26'),
	(1,1533,'2020-04-25 23:35:30'),
	(1,1534,'2020-04-26 00:12:58'),
	(1,1535,'2020-04-26 00:51:07'),
	(1,1536,'2020-04-26 12:23:36'),
	(1,1537,'2020-04-26 12:46:19'),
	(1,1538,'2020-04-26 13:44:21'),
	(1,1539,'2020-04-26 13:48:51'),
	(1,1540,'2020-04-26 15:21:38'),
	(1,1541,'2020-04-26 16:25:16'),
	(1,1542,'2020-04-26 17:55:03'),
	(1,1543,'2020-04-26 18:15:12'),
	(1,1544,'2020-04-26 18:40:01'),
	(1,1545,'2020-04-26 20:09:22'),
	(1,1546,'2020-04-26 20:58:47'),
	(1,1547,'2020-04-26 22:49:44'),
	(1,1548,'2020-04-26 23:55:43'),
	(1,1549,'2020-04-27 01:24:58'),
	(1,1550,'2020-04-27 04:53:30'),
	(1,1551,'2020-04-27 05:44:56'),
	(1,1552,'2020-04-27 12:14:15'),
	(1,1553,'2020-04-27 19:10:05'),
	(1,1554,'2020-04-27 19:47:53'),
	(1,1555,'2020-04-27 21:23:48'),
	(1,1556,'2020-04-27 22:07:20'),
	(1,1557,'2020-04-27 22:55:30'),
	(1,1558,'2020-04-28 00:06:47'),
	(1,1559,'2020-04-28 00:33:15'),
	(1,1560,'2020-04-28 13:42:35'),
	(1,1561,'2020-04-28 13:55:36'),
	(1,1562,'2020-04-28 16:14:52'),
	(1,1563,'2020-04-28 18:31:55'),
	(1,1564,'2020-04-28 21:58:15'),
	(1,1565,'2020-04-28 23:20:45'),
	(1,1566,'2020-04-28 23:54:51'),
	(1,1567,'2020-04-29 17:09:51'),
	(1,1568,'2020-04-29 04:46:00'),
	(1,1569,'2020-04-29 06:56:52'),
	(1,1570,'2020-04-29 07:05:43'),
	(1,1571,'2020-04-29 13:09:00'),
	(1,1572,'2020-04-29 15:19:09'),
	(1,1573,'2020-04-29 16:06:56'),
	(1,1574,'2020-04-30 17:16:26'),
	(1,1575,'2020-04-30 17:18:43'),
	(1,1576,'2020-04-30 18:38:23'),
	(1,1577,'2020-05-01 20:25:16'),
	(1,1578,'2020-05-02 03:19:51'),
	(1,1579,'2020-05-02 17:12:04'),
	(1,1580,'2020-05-02 19:45:32'),
	(1,1581,'2020-05-03 01:40:25'),
	(1,1582,'2020-05-03 22:46:58'),
	(1,1583,'2020-05-03 23:23:39'),
	(1,1584,'2020-05-04 14:52:04'),
	(1,1585,'2020-05-06 21:30:14'),
	(1,1586,'2020-05-05 15:25:29'),
	(1,1587,'2020-05-05 21:14:42'),
	(1,1588,'2020-05-05 21:29:52'),
	(1,1589,'2020-05-05 22:46:26'),
	(1,1590,'2020-05-06 01:54:34'),
	(1,1591,'2020-05-06 12:00:35'),
	(1,1592,'2020-05-06 15:17:55'),
	(1,1593,'2020-05-06 20:48:28'),
	(1,1594,'2020-05-07 05:15:15'),
	(1,1595,'2020-05-07 05:26:56'),
	(1,1596,'2020-05-07 11:15:32'),
	(1,1597,'2020-05-07 15:15:10'),
	(1,1598,'2020-05-07 17:03:18'),
	(1,1599,'2020-05-07 21:35:31'),
	(1,1600,'2020-05-07 21:58:28'),
	(1,1601,'2020-05-08 00:56:13'),
	(1,1602,'2020-05-08 20:40:55'),
	(1,1603,'2020-05-08 23:42:38'),
	(1,1604,'2020-05-09 20:45:05'),
	(1,1605,'2020-05-10 03:16:00'),
	(1,1606,'2020-05-11 05:08:57'),
	(1,1607,'2020-05-11 23:50:34'),
	(1,1608,'2020-05-12 01:25:08'),
	(1,1609,'2020-05-12 01:46:47'),
	(1,1610,'2020-05-18 21:16:46'),
	(1,1611,'2020-05-12 04:05:52'),
	(1,1612,'2020-05-12 07:41:06'),
	(1,1613,'2020-05-12 16:19:37'),
	(1,1614,'2020-05-12 20:12:33'),
	(1,1615,'2020-05-12 20:17:34'),
	(1,1616,'2020-05-12 22:56:43'),
	(1,1617,'2020-05-12 23:11:21'),
	(1,1618,'2020-05-12 23:33:15'),
	(1,1619,'2020-05-13 13:19:04'),
	(1,1620,'2020-05-13 15:58:20'),
	(1,1621,'2020-05-14 02:18:53'),
	(1,1622,'2020-05-14 06:50:57'),
	(1,1623,'2020-05-15 19:46:46'),
	(1,1624,'2020-05-18 04:16:47'),
	(1,1625,'2020-05-16 17:16:35'),
	(1,1626,'2020-05-16 23:22:16'),
	(1,1627,'2020-05-18 04:00:28'),
	(1,1628,'2020-05-19 03:41:14'),
	(1,1629,'2020-05-18 21:13:35'),
	(1,1630,'2020-05-19 16:13:06'),
	(1,1631,'2020-05-19 16:23:53'),
	(1,1632,'2020-05-19 16:24:22'),
	(1,1634,'2020-05-24 20:35:42'),
	(1,1635,'2020-05-26 14:55:53'),
	(1,1636,'2020-06-02 21:27:52'),
	(1,1637,'2020-06-12 04:22:42'),
	(1,1638,'2020-06-15 20:12:50'),
	(1,1639,'2020-06-16 20:11:45'),
	(1,1640,'2020-06-15 21:15:16'),
	(1,1641,'2020-06-15 21:09:41'),
	(1,1642,'2020-06-15 21:45:53'),
	(1,1643,'2020-06-15 22:32:06'),
	(1,1644,'2020-06-15 22:40:47'),
	(1,1645,'2020-06-15 23:21:42'),
	(1,1646,'2020-06-16 00:13:55'),
	(1,1647,'2020-06-15 23:29:03'),
	(1,1648,'2020-06-16 02:26:34'),
	(1,1649,'2020-06-17 02:00:25'),
	(1,1650,'2020-06-16 04:05:39'),
	(1,1651,'2020-06-16 04:44:32'),
	(1,1652,'2020-06-16 16:30:17'),
	(1,1653,'2020-06-16 23:34:33'),
	(1,1654,'2020-06-17 00:17:26'),
	(1,1655,'2020-06-17 03:07:11'),
	(1,1656,'2020-06-17 03:33:44'),
	(1,1657,'2020-06-17 06:48:36'),
	(1,1658,'2020-06-18 00:11:36'),
	(1,1659,'2020-06-24 20:11:46'),
	(1,1660,'2020-06-17 19:43:22'),
	(1,1661,'2020-06-17 21:18:22'),
	(1,1662,'2020-06-18 00:20:31'),
	(1,1663,'2020-06-23 14:15:41'),
	(1,1664,'2020-06-18 15:04:13'),
	(1,1665,'2020-06-18 15:39:49'),
	(1,1666,'2020-07-27 20:22:51'),
	(1,1667,'2020-06-18 18:55:06'),
	(1,1668,'2020-06-18 19:21:14'),
	(1,1669,'2020-07-23 01:37:44'),
	(1,1670,'2020-06-18 21:18:59'),
	(1,1671,'2020-06-18 22:21:54'),
	(1,1672,'2020-06-18 23:43:51'),
	(1,1673,'2020-06-19 00:37:49'),
	(1,1674,'2020-06-19 03:17:32'),
	(1,1675,'2020-06-28 17:05:44'),
	(1,1676,'2020-06-19 19:43:50'),
	(1,1677,'2020-06-19 21:53:35'),
	(1,1678,'2020-06-20 05:18:53'),
	(1,1679,'2020-06-20 14:42:54'),
	(1,1680,'2020-06-20 20:54:21'),
	(1,1681,'2020-06-20 20:58:26'),
	(1,1682,'2020-06-21 03:47:42'),
	(1,1683,'2020-06-21 13:44:30'),
	(1,1684,'2020-06-22 00:45:48'),
	(1,1685,'2020-06-22 14:59:55'),
	(1,1686,'2020-06-22 15:45:41'),
	(1,1687,'2020-06-22 20:05:22'),
	(1,1688,'2020-06-22 21:19:48'),
	(1,1689,'2020-06-22 21:48:20'),
	(1,1690,'2020-06-22 22:49:28'),
	(1,1691,'2020-06-23 00:14:09'),
	(1,1692,'2020-06-23 21:57:17'),
	(1,1693,'2020-06-23 17:51:51'),
	(1,1694,'2020-06-23 19:35:33'),
	(1,1695,'2020-06-23 21:31:11'),
	(1,1696,'2020-06-24 03:23:02'),
	(1,1697,'2020-06-24 04:12:21'),
	(1,1698,'2020-06-24 11:21:56'),
	(1,1699,'2020-06-24 19:01:29'),
	(1,1700,'2020-06-24 16:59:41'),
	(1,1701,'2020-06-24 22:43:03'),
	(1,1702,'2020-06-24 23:00:54'),
	(1,1703,'2020-06-30 15:10:09'),
	(1,1704,'2020-06-25 03:11:44'),
	(1,1705,'2020-06-25 04:01:03'),
	(1,1706,'2020-06-25 04:36:21'),
	(1,1707,'2020-06-25 13:21:33'),
	(1,1708,'2020-06-29 17:25:30'),
	(1,1709,'2020-06-25 23:32:26'),
	(1,1710,'2020-06-26 01:57:35'),
	(1,1711,'2020-06-26 21:16:33'),
	(1,1712,'2020-06-26 02:44:33'),
	(1,1713,'2020-06-26 11:07:43'),
	(1,1714,'2020-06-26 13:53:05'),
	(1,1715,'2020-06-26 22:04:29'),
	(1,1716,'2020-06-26 18:59:15'),
	(1,1717,'2020-08-04 22:14:12'),
	(1,1718,'2020-06-27 04:10:19'),
	(1,1719,'2020-07-19 21:48:02'),
	(1,1720,'2020-06-28 02:12:16'),
	(1,1721,'2020-06-28 13:12:42'),
	(1,1722,'2020-06-28 16:25:28'),
	(1,1723,'2020-06-28 22:14:33'),
	(1,1724,'2020-06-29 03:26:42'),
	(1,1725,'2020-06-29 03:46:24'),
	(1,1726,'2020-06-29 07:01:55'),
	(1,1727,'2020-06-29 12:23:01'),
	(1,1728,'2020-06-29 23:58:19'),
	(1,1729,'2020-06-30 04:00:28'),
	(1,1730,'2020-07-03 22:05:12'),
	(1,1731,'2020-07-01 11:34:40'),
	(1,1732,'2020-07-01 22:23:56'),
	(1,1733,'2020-07-01 23:22:14'),
	(1,1734,'2020-07-02 18:13:21'),
	(1,1735,'2020-07-02 21:42:46'),
	(1,1736,'2020-07-03 00:08:52'),
	(1,1737,'2020-07-16 21:09:58'),
	(1,1738,'2020-07-04 20:27:07'),
	(1,1739,'2020-07-05 01:25:03'),
	(1,1740,'2020-07-05 08:20:01'),
	(1,1741,'2020-07-05 21:33:36'),
	(1,1742,'2020-07-06 07:02:06'),
	(1,1743,'2020-07-06 18:59:37'),
	(1,1744,'2020-07-08 21:32:46'),
	(1,1745,'2020-07-06 21:44:05'),
	(1,1746,'2020-07-10 20:14:21'),
	(1,1747,'2020-07-06 23:51:33'),
	(1,1748,'2020-07-06 21:52:38'),
	(1,1749,'2020-07-06 22:16:50'),
	(1,1750,'2020-07-08 14:48:27'),
	(1,1751,'2020-07-06 22:39:17'),
	(1,1752,'2020-07-07 16:40:21'),
	(1,1753,'2020-07-07 22:24:07'),
	(1,1754,'2020-07-08 01:41:32'),
	(1,1755,'2020-07-08 01:53:03'),
	(1,1756,'2020-07-08 03:06:31'),
	(1,1757,'2020-07-23 14:34:42'),
	(1,1758,'2020-07-08 04:58:30'),
	(1,1759,'2020-07-08 10:45:13'),
	(1,1760,'2020-07-08 14:02:43'),
	(1,1761,'2020-07-08 15:27:19'),
	(1,1762,'2020-07-09 01:55:46'),
	(1,1763,'2020-07-09 03:04:58'),
	(1,1764,'2020-07-09 03:58:52'),
	(1,1765,'2020-07-09 12:39:30'),
	(1,1766,'2020-07-09 13:17:50'),
	(1,1767,'2020-07-15 22:29:44'),
	(1,1768,'2020-07-09 23:19:51'),
	(1,1769,'2020-07-10 02:08:42'),
	(1,1770,'2020-07-10 03:31:30'),
	(1,1771,'2020-07-10 04:35:03'),
	(1,1772,'2020-07-10 07:38:31'),
	(1,1773,'2020-08-02 18:30:57'),
	(1,1774,'2020-07-10 16:22:43'),
	(1,1775,'2020-07-10 16:38:09'),
	(1,1776,'2020-07-10 16:41:54'),
	(1,1777,'2020-07-11 00:23:18'),
	(1,1778,'2020-07-11 21:16:43'),
	(1,1779,'2020-07-12 18:44:50'),
	(1,1780,'2020-07-13 03:37:03'),
	(1,1781,'2020-07-13 16:47:40'),
	(1,1782,'2020-07-13 19:39:31'),
	(1,1783,'2020-07-16 01:14:36'),
	(1,1784,'2020-07-13 22:49:49'),
	(1,1785,'2020-07-14 19:43:22'),
	(1,1786,'2020-07-15 22:40:11'),
	(1,1787,'2020-07-15 22:54:40'),
	(1,1788,'2020-07-15 22:55:28'),
	(1,1789,'2020-07-15 22:56:27'),
	(1,1790,'2020-07-15 23:04:48'),
	(1,1791,'2020-07-15 23:18:06'),
	(1,1792,'2020-07-15 23:07:10'),
	(1,1793,'2020-07-16 00:03:16'),
	(1,1794,'2020-07-21 21:10:59'),
	(1,1795,'2020-07-15 23:51:06'),
	(1,1796,'2020-07-16 00:06:12'),
	(1,1797,'2020-07-15 23:22:39'),
	(1,1798,'2020-07-15 23:25:42'),
	(1,1799,'2020-07-15 23:25:49'),
	(1,1800,'2020-07-18 18:49:00'),
	(1,1801,'2020-07-15 23:29:40'),
	(1,1802,'2020-07-15 23:31:46'),
	(1,1803,'2020-07-15 23:38:53'),
	(1,1804,'2020-07-15 23:51:35'),
	(1,1805,'2020-07-15 23:56:13'),
	(1,1806,'2020-07-16 00:01:41'),
	(1,1807,'2020-07-16 00:07:08'),
	(1,1808,'2020-07-16 00:10:35'),
	(1,1809,'2020-07-16 00:21:09'),
	(1,1810,'2020-07-16 00:55:13'),
	(1,1811,'2020-07-19 01:30:09'),
	(1,1812,'2020-07-16 02:42:59'),
	(1,1813,'2020-07-16 01:45:49'),
	(1,1814,'2020-07-16 02:03:39'),
	(1,1815,'2020-07-16 01:55:40'),
	(1,1816,'2020-07-16 01:57:36'),
	(1,1817,'2020-07-16 02:20:35'),
	(1,1818,'2020-07-16 02:27:58'),
	(1,1819,'2020-07-16 03:00:08'),
	(1,1820,'2020-07-16 03:04:54'),
	(1,1821,'2020-07-16 17:18:18'),
	(1,1822,'2020-07-20 21:41:37'),
	(1,1823,'2020-07-16 21:19:12'),
	(1,1824,'2020-07-16 21:28:15'),
	(1,1825,'2020-07-16 22:36:10'),
	(1,1826,'2020-07-17 04:06:39'),
	(1,1827,'2020-07-17 04:19:06'),
	(1,1828,'2020-07-17 11:18:28'),
	(1,1829,'2020-07-17 21:28:29'),
	(1,1830,'2020-07-18 00:21:32'),
	(1,1831,'2020-07-19 00:45:04'),
	(1,1832,'2020-07-19 14:53:39'),
	(1,1833,'2020-07-20 18:06:58'),
	(1,1834,'2020-07-20 19:36:11'),
	(1,1835,'2020-07-20 23:46:19'),
	(1,1836,'2020-07-21 15:24:25'),
	(1,1837,'2020-07-21 16:30:31'),
	(1,1838,'2020-07-21 19:32:20'),
	(1,1839,'2020-07-21 21:24:09'),
	(1,1840,'2020-07-22 03:15:29'),
	(1,1841,'2020-07-22 04:39:35'),
	(1,1842,'2020-07-22 17:13:50'),
	(1,1843,'2020-07-22 18:21:14'),
	(1,1844,'2020-07-22 21:09:29'),
	(1,1845,'2020-07-22 21:14:57'),
	(1,1846,'2020-07-23 13:50:05'),
	(1,1847,'2020-07-23 17:24:44'),
	(1,1848,'2020-07-23 19:21:21'),
	(1,1849,'2020-07-23 22:14:17'),
	(1,1850,'2020-07-23 23:33:47'),
	(1,1851,'2020-07-24 01:41:26'),
	(1,1852,'2020-07-24 03:40:09'),
	(1,1853,'2020-07-24 05:05:59'),
	(1,1854,'2020-07-24 06:12:15'),
	(1,1855,'2020-07-24 19:13:22'),
	(1,1856,'2020-07-24 19:45:58'),
	(1,1857,'2020-07-24 22:44:36'),
	(1,1858,'2020-08-04 13:20:13'),
	(1,1859,'2020-07-26 05:26:56'),
	(1,1860,'2020-07-26 16:44:58'),
	(1,1861,'2020-07-28 16:04:04'),
	(1,1862,'2020-07-27 01:32:28'),
	(1,1863,'2020-07-27 16:00:52'),
	(1,1864,'2020-07-27 17:23:41'),
	(1,1865,'2020-07-27 18:23:58'),
	(1,1866,'2020-07-27 19:04:23'),
	(1,1867,'2020-07-27 20:55:05'),
	(1,1868,'2020-07-27 23:07:40'),
	(1,1869,'2020-07-28 14:22:05'),
	(1,1870,'2020-07-28 14:23:42'),
	(1,1871,'2020-07-28 16:02:44'),
	(1,1872,'2020-07-28 17:09:08'),
	(1,1873,'2020-07-29 02:33:51'),
	(1,1874,'2020-07-29 14:47:42'),
	(1,1875,'2020-07-29 15:39:09'),
	(1,1876,'2020-07-29 18:40:47'),
	(1,1877,'2020-07-30 21:58:38'),
	(1,1878,'2020-08-20 14:52:19'),
	(1,1879,'2020-07-30 15:52:53'),
	(1,1880,'2020-07-30 16:45:07'),
	(1,1881,'2020-07-30 17:36:28'),
	(1,1882,'2020-07-31 14:28:13'),
	(1,1883,'2020-07-31 16:03:47'),
	(1,1884,'2020-07-31 19:34:53'),
	(1,1885,'2020-07-31 22:52:31'),
	(1,1886,'2020-08-01 02:08:51'),
	(1,1887,'2020-08-01 12:56:10'),
	(1,1888,'2020-08-01 13:04:47'),
	(1,1889,'2020-08-01 14:00:08'),
	(1,1890,'2020-08-02 17:55:36'),
	(1,1891,'2020-08-04 19:13:15'),
	(1,1892,'2020-08-03 19:00:45'),
	(1,1893,'2020-08-03 22:25:58'),
	(1,1894,'2020-08-04 00:48:15'),
	(1,1895,'2020-08-04 02:02:51'),
	(1,1896,'2020-08-04 05:43:39'),
	(1,1897,'2020-08-04 14:19:08'),
	(1,1898,'2020-08-04 18:48:32'),
	(1,1899,'2020-08-04 20:17:02'),
	(1,1900,'2020-08-04 23:00:32'),
	(1,1901,'2020-08-04 22:28:17'),
	(1,1902,'2020-08-05 16:53:43'),
	(1,1903,'2020-08-06 19:56:25'),
	(1,1904,'2020-08-06 01:47:59'),
	(1,1905,'2020-08-07 13:18:43'),
	(1,1906,'2020-08-07 20:14:13'),
	(1,1907,'2020-08-07 21:18:10'),
	(1,1908,'2020-08-09 18:17:17'),
	(1,1909,'2020-08-18 03:49:34'),
	(1,1910,'2020-08-09 02:27:44'),
	(1,1911,'2020-08-11 05:44:48'),
	(1,1912,'2020-08-11 13:04:08'),
	(1,1913,'2020-08-11 12:58:39'),
	(1,1914,'2020-08-11 13:03:31'),
	(1,1915,'2020-08-11 13:08:18'),
	(1,1916,'2020-08-11 13:09:03'),
	(1,1917,'2020-08-11 13:32:21'),
	(1,1918,'2020-08-11 13:34:39'),
	(1,1919,'2020-08-11 22:37:19'),
	(1,1920,'2020-08-12 12:47:41'),
	(1,1921,'2020-08-12 12:48:34'),
	(1,1922,'2020-08-12 13:03:44'),
	(1,1923,'2020-08-12 13:18:25'),
	(1,1924,'2020-08-12 13:26:28'),
	(1,1925,'2020-08-12 17:53:19'),
	(1,1926,'2020-08-13 16:49:17'),
	(1,1927,'2020-08-15 01:28:48'),
	(1,1928,'2020-08-14 02:22:01'),
	(1,1929,'2020-08-14 03:22:54'),
	(1,1930,'2020-08-14 16:12:45'),
	(1,1931,'2020-08-18 04:05:51'),
	(1,1932,'2020-08-15 18:58:56'),
	(1,1933,'2020-08-17 00:01:20'),
	(1,1934,'2020-08-17 05:40:51'),
	(1,1935,'2020-08-17 22:13:22'),
	(1,1936,'2020-08-18 14:09:02'),
	(1,1937,'2020-08-19 02:35:41'),
	(1,1938,'2020-08-19 15:52:08'),
	(1,1939,'2020-08-19 16:18:37'),
	(1,1940,'2020-08-19 16:16:41'),
	(1,1941,'2020-08-19 17:09:00'),
	(1,1942,'2020-08-20 01:02:58'),
	(1,1943,'2020-08-20 14:34:18');

/*!40000 ALTER TABLE `kryptonit3_counter_page_visitor` ENABLE KEYS */;
UNLOCK TABLES;


# Volcado de tabla kryptonit3_counter_visitor
# ------------------------------------------------------------

DROP TABLE IF EXISTS `kryptonit3_counter_visitor`;

CREATE TABLE `kryptonit3_counter_visitor` (
  `id` bigint(20) unsigned NOT NULL AUTO_INCREMENT,
  `visitor` varchar(255) COLLATE utf8_unicode_ci NOT NULL,
  PRIMARY KEY (`id`),
  UNIQUE KEY `kryptonit3_counter_visitor_visitor_unique` (`visitor`)
) ENGINE=InnoDB DEFAULT CHARSET=utf8 COLLATE=utf8_unicode_ci;

LOCK TABLES `kryptonit3_counter_visitor` WRITE;
/*!40000 ALTER TABLE `kryptonit3_counter_visitor` DISABLE KEYS */;

INSERT INTO `kryptonit3_counter_visitor` (`id`, `visitor`)
VALUES
	(1521,'000b83ae4c7f2f82f87172e3b8ec263420118d1940dc88f2b27c246c3049fbb3'),
	(1244,'000cf1d9972a3506bb47449aebc77bd1a65087b3f56947fa37d15fdefc8a0220'),
	(1098,'000f441483db6bf105af7d6c96fe98d722eaaa59d780ff30cf3a6d9d34c1e7c1'),
	(381,'004562b26f194c3ad0527893563def75d52defb394873fb3ad79772776ea909f'),
	(973,'00513e71cf5938dd78fc5c609c6db1898e6dd55beaa0e366b582ef0fc1ac316d'),
	(1823,'0054a7281ca35c9c0403bc5746f29e271cb6ec4321c6c16057892441a255ebc3'),
	(1113,'005ff5a2d93b3b2f5d9cbb520bbbaa9f59687bb4de6b6935cea057f7086007c8'),
	(1223,'00a5982645f1371f2f24cb7a05ba7c24b81d742e16075c94ee696c1abd3c8188'),
	(366,'00af3f4fbe8628715ffc23d48fc6efe4ed9f7e49ebef779a9856524a783ce3c8'),
	(535,'00c364aba086210bb52810201f512ee61ca2a3a537ef50e35060199f90dbc577'),
	(721,'00e4f2eb1ceda5596a38b49fcfc2eaf24eda14f4c8246088c8ef23f4fb9e6530'),
	(1420,'0102f990e3cedefd8f180f387cc03d35034ed04a7ccde769266da657fe51ecfd'),
	(1413,'0139d2f4547282cba77a2dcd62a29442addfe39272a68badc6b75388301cd393'),
	(584,'014767e7948896a67b60fa842862390f3bf9fd9bd4b06c9ec5f04d9f6f071a1d'),
	(1690,'015159ff4bcb558ac3305031099fe6985bf352df2df140376678c5028d6c7985'),
	(1700,'0154b1d02f652a663bce2d67692d74ca3236fee9c02e5588c1c53ca3685f54c4'),
	(452,'017df6b48a1651fa05ab32d3122c2e2623ee0e527fa301d6843d9efe1dd88ff2'),
	(1201,'01c13d70f2af9db3f3d3043d1b81e251bb6c791e88ef5a1885452d6b628c20cc'),
	(592,'01ee07f2fbef6b5fb0f376abc0a14c7dfa184fa8951b62df7a0b520839d38730'),
	(1615,'02109aca20f8eb765e084aecece54015747c1a779f1dd5163dd87bb18db80407'),
	(83,'026aab80af848494e6e638526df89c89ae55936714751e52f327208a96ac2008'),
	(858,'026f4e383cae5fb63438495b5fc2af13df0a6f5fdb119e904962b3a56c4276f3'),
	(764,'02791111296bd07f66b14a50aeb165b61323321a4dbf89ed18cc4e3071083872'),
	(405,'028d75a2acda9f02cc034c7389d21fcacc9e2036cc93bff33b8e9c91367ee462'),
	(98,'02cd7c8c6285a9349b5afc682e2dc2198969f622ceb9486170d67b370fd68de7'),
	(1834,'02fe38b9263e11ef17c15d12b3d27af2b6312d0a4a2b573b8771289313234b15'),
	(88,'0306e6f367cca93bd285c88bed0de6ec3665b39aa13419357d0ed47ea1835872'),
	(1738,'030ea9b6544a8205a59fd59cf3e9f0c5ad099a623858b8481791f386f3f4988d'),
	(305,'03c84873ff2d9ccd2ecb19201514d88271e28ccd106a56374cc3fea8ab0da612'),
	(1361,'03d52acc22a9709f2ed2e09f872a36cad8db7d702f221e8c7cc50705de4047a3'),
	(1721,'041910bcc40439c6e46e7219b3ea574d90e9e46ffea4dd8b749a993d8918e4df'),
	(251,'041c5ae84864f5f80b6bd88320043cb2555ec919886db47398fa95718e666516'),
	(1610,'04461a9c5f47f00d0f01637bf9246db9afcb1b397d3a39e79ce9b0c536c24c03'),
	(1864,'04603c5a9ab043867fee7401d10bd926f164b72a5cb5a8f5a88e70a7c7003c96'),
	(881,'04a1bd5a8c0cf1f28c178569451a97e436770d31eecadefd61e06f4a1245917d'),
	(159,'04e41a14bd812fe456d8841031067ebc457f985845575c088ee0724d0ce11c73'),
	(418,'0522f5a9214c6ffcdadd8ed481425d73183aad8202a2fd0e34147afb5e3bde65'),
	(1493,'0565c2873d188979278f91d08d704d8144b2dc6e58eae9250e17a79fd97c0baf'),
	(815,'0567ea4e1841bf53e511bf09aa638a68c774f8afcdfad876c9a743cc0f05cd49'),
	(1780,'05818b096f95c44db1d032b32c83d01c28110eda7e30020342cc95040bd13b9f'),
	(1403,'05c001334308873b0f77ae7b91a3e5250ce4367b6c738fd1cf900f7be6027d54'),
	(971,'05d2002595cf6a7ec3aed6b77e4a7a2a98f96e21f06501506950b64ae781c648'),
	(1209,'05e0b430f44b7cb19a91cb786941a9041e887b8e2a3aa3c7a54dcb39146944b3'),
	(1378,'05f38a60b830c7d373308651c2818b971ac03db52431db6b800094aa5d682a73'),
	(1402,'060eb87bdaaf19f60816caf236d05c77f562bb97982b8489a116e787f7bc75f3'),
	(1825,'065acc47aedab2f2e6562874820a7b532a97dbb818c8aaa90e561549bf56fc61'),
	(879,'06913869279f697df4051cf53c75284681126a2b0993567c6d56e7a6dd1bfc5d'),
	(1429,'06afe026fe5d0ec0b0db4079fa91f561be765f6ff06a7fcd2fc648c1081f8e37'),
	(1588,'06cee3bf287b3a4add8895b5fd811aeff5a467701bd776483ff0ecb6c8d50e1b'),
	(166,'06cfe693cbb42c1e6729bbf0eb0e11a07990ee7bf54837d1540032688b96d581'),
	(810,'06d7888b2687014b3f4c07dd95735e84d57e20dd446788c99be5da71bde53a8e'),
	(1220,'06f97f7d9ef9c6bf6716c85b27bfcabb5914221adca1cc17d748590b13c76e52'),
	(8,'0713b8c4c74d7f777c2cdff74cf58b549d724a4dc42fc5231baeb86725932f51'),
	(854,'075820ca85d6a5f8c93227495bfb8e6a4d56acc18c32f8c20a541a63be500e56'),
	(399,'0769189e862b29bfba958b7d5a180a43751ddaf5dcd540ff9dab49f016ffc782'),
	(1249,'078f21480253b931fdbf86049fd1166a4541fdfbf1415caace7c59f924fd6461'),
	(1286,'079bcf09943927b2bd984ae5f37e8c835338dcce5bb6e9c983cca70bff2dffa6'),
	(1777,'07d5ce242f2f467a8b60c4647923aa97debfaafb15c0c161107cce890cf112f5'),
	(1717,'08518aaa7538ebdd8116f5e66001860cee59b251327711ab58d642aba36b86c3'),
	(1487,'087679e1cd0920ab8ab799aa7a3594222c6f754570f694860772be2d504d3700'),
	(619,'08b0ddaf85923d4bd41f0564e625078a3dfff7821b262c986f046fc137d72b0a'),
	(1344,'08e2a91cd589463c0d8932b65441f88143b00620e8ca6d3d38f0fef4750af270'),
	(1580,'0908ac45acfc4f8c3c48fe76957a729247963b72980ca87f329a5b72971ea3be'),
	(109,'094b89d52248b02bdffbc050eb5a4d3b4a08b7895b285c0436e119859458c79e'),
	(923,'096b06261de1754cc99869521e672d0bfdd1f93171dfaba2fc86aa91b7a4d06d'),
	(588,'09b791d88d8d59454158dc4985b371761912dad0588ac9f64abdd9e6c7ade9a3'),
	(1638,'0a175a6cf3d6a9548494f5c572c6a35ed9e742ce3479ea668ab159d52f6d3e41'),
	(1027,'0a25072b191350a8df37b5c01fb2191a7b0eff5bd73cd79b2bc4d701499b92e5'),
	(199,'0a912d57a5e19b8520b81bd20678020bf54ed138afb776d87d0438444fc9a6b6'),
	(849,'0a955751edd0f7391bdef55ba753d3af50721d3d61b32c59f1ed4a70ec667374'),
	(1131,'0aa01d58181eba02d602104d11fd80ae575e1b1f1847c39c2c9dad2fdd54b27b'),
	(210,'0ac47e36e458cddbe2cc4608b94352768dd855067925bce89687a17380764144'),
	(517,'0ad613a2d618de58fd5ca507ce529dfd3854ad31eef87544378e29d5c7b33cb9'),
	(1703,'0ae2b813be26bde9c3640bcc3329c7b7684a4253d192a0d726c88bc8c534daca'),
	(711,'0ae8d9f58474082336060277434c6f42532bbff44759d79b02affaaea012d04a'),
	(1012,'0aec5ce81f1a90c78c26d53ce87be776cd02596ccc0e7d400c57cb088d7ff65e'),
	(302,'0b141465de173c63b433c1b5cbe00037be78c283be52cd7b6403ba02415e010c'),
	(440,'0b2460db47a861d01039e17e871005c13d341686644f8c1a21e9dd286271b322'),
	(1324,'0b27e5532ef2dbd0ffbe2668a8f5967c19ee35ae213b5820e363e59f747901c6'),
	(791,'0b3e45e1452be77f6953922c29583f0678ff3e5a14dbac62868e2e3b013bd1a6'),
	(339,'0b3fae853dd30b598532b81ac5aa4be6391b8f7b85d3355e340cb95de43777a1'),
	(258,'0b862bc0167cfbbd9ad2b4919e149b11e19cf316b65216388ad68b05cfb967f8'),
	(358,'0b8e885809fb8c6b5a74729e1a179cadb8d1c3b0ec4815b7612ebde4db6ef07b'),
	(1604,'0b92617bd748c60ec68f490a648f85441d7543c7ee98e4db70f406555773f174'),
	(896,'0c02fe7c8ac2c804196af78a0d46480062f335e9e5138a1d674e1512a2565640'),
	(1252,'0c346aa1b982bf03fe91945c92408b65f4c6c154a2aedafc214a6ab604688e54'),
	(732,'0c56e2a24ce986f83090ae61a76d6e8010f22bb9e14018921a57673d535c4566'),
	(1667,'0ca0d8b08abe2e5e81e26c75169e80a56147994188ed5a70786b164b3969ba30'),
	(893,'0caafc513d917a3c63642156613b1dca7c6f5695e4fbc703cc0fbcfa7128aa3d'),
	(152,'0cb5327f1cb3cc46c94336313a4c1ac08ca2b15c6aa486d7ed26d31da64fbaa4'),
	(1912,'0cca9bafaa52abf9c86dde2bac3200ef16d5a0b7f952231cf43695edc4b50ecb'),
	(1322,'0cefd36c54f0592b5d73e5d9af1239ae6c5f4427662b55149afcaac16a459e8e'),
	(887,'0d0a4fcd05637d6c4f8a5d5ce903800577cf7faa89be5d94fda427bed63f0910'),
	(351,'0d12091f317a74f12eb26f1eebd7e52c7e2f95e4381b628a7fe236fb5addbedc'),
	(1157,'0d165ebd80f3958b63f19fa2f19d87c7d8d9ec1e9c3184ca548cb4ce162e4ded'),
	(1631,'0d6a6e33e43e669e202259c4ed6c07462796eb01019b316d0cc2f22fd19f9724'),
	(1448,'0db174c5d0d5da98aa39bfd908740955bc16c81f52187c9950cce01c69c5f811'),
	(1916,'0dbc1ef3eff772f5446c77f38d270bfcb18bb8fb1a14e048852d0a0ce4516b6a'),
	(1621,'0ddfc4700bb5911855aac87f3a277da6aa35faadf289f6de309eb96c298f1108'),
	(449,'0de5dc6de5c78cf559cface31cdaa5912aed245b5914b84ad49d5f6f4a0e9575'),
	(1732,'0e1bef10b6b57fa8f54fc75247b74ea4ef70ace956b49196eaf1c0c4003fbbe3'),
	(1414,'0e41e9200917ad3a2066d1301b23540e513b78efb6e5a6c5cf79db3498668b3f'),
	(603,'0e5d7d2aa5bfaa37610a08138226dbe9b44dca4e5febf10578dc7be9cda1d49e'),
	(24,'0e95e64cf677b8f758e0a5fc3fb2af009adde1a616b1a80dc3ad3e5a37af3478'),
	(1341,'0eb92a99c837f07484a423d54ec39c3799f7e98ad5aab011b98e3fdf40549b04'),
	(1483,'0ed9cb8924998df9c4efffd4983f98901ce409f940aacf367b7bf8e8477cac84'),
	(474,'0f0d1266cad504c585f181e94b247261b3908389a02cb892a12fcceaff6c4ac2'),
	(393,'0f14fab18291315b4c7aefca282f10ce15170c738b029418aca72a9d3592de71'),
	(685,'0fc0f7526e3d5d51a21510e8aa3034a136d7b77a73a145f73921f7972fa0d118'),
	(1254,'0fcde6bcfb9c8e3376fe8fe222a7a3fb68c4a4461ddab23d6adfaa3bda32afc6'),
	(123,'0fcf7ca55f8267dea64d65893092b9f92427ce6b8b865d11640d8a5bd3889752'),
	(221,'0fe11a290688301c25fce036c0f0ff3b4c955f9c55275637e427eafd2a2a492b'),
	(830,'0fe2a88eaa878c7142e8d1520b3f6e5559400d31d0abd8ccc3f6671dfac173be'),
	(1123,'0fe8ac9354bbb2020ee4209ef1bd76aaac49777b504082a98b72c303ffccbd96'),
	(1928,'0ff347da88f22b66b9e487721f5af6bf3ec5e8c97a7b2cdca426132bedc70c38'),
	(56,'10282e2ad286470fd9dca572094e694e59f64124e01f4ae6a4bbec0a1ea6f0de'),
	(477,'103a601f7a812194f7580496fbc9fe2c1fe30ee8aa821b09a2518cb95b75174a'),
	(1849,'10bd8518fdb919216e91d2bbc64174348d8a28e019ff910f87617f34f4c7a1e8'),
	(1149,'10dfb1859dbb26a3780398edd50af3b8e5a1522ff4a1ef5180856a0e952cfffa'),
	(641,'10e5e0b38eb5663bc5e160e17ef53ae41ebc85917f004cac87d49fe56f9fb903'),
	(610,'10e7c51915065dfe9db6e2734d2686adf66d9b0741a60b6674aca8e03b2c78f6'),
	(1253,'1102cbb0737222f06e7176e0a1dacfc1085c72cc853c90859902d2e55eb4ac35'),
	(986,'113f40bd5c0debf357a0b9d85473b958e59d4633d00dd065c3e6d5196542e25a'),
	(1826,'11535215c9e558855343c9cdc47896b12d9811ed1b2733c3201769620a749cef'),
	(618,'1164598bba1984eebfe5c5312f62baa535dc6e9f05ad0ac347769a54bbf7bcb9'),
	(595,'119908ffe0521cc40fb5f919e5706c99cd04bedee435982afa7b112755a4db7c'),
	(1133,'11fc5a00da44e405e79710d2f5d828d9a70eb9f5b96d524da19eb24253989fb9'),
	(1150,'1204f84f0066c250e8c1afc2d5d653131ed29a2406108c67e47af0dc31b65429'),
	(1577,'1216a89b1dc4c5aa7807ceada8e18fb3925070b2c69c2e7f25e2a66c153f1f9f'),
	(1145,'1222da34fe6b540aa7929600207a832fe871abf19eadfb287b3ec212976f0e66'),
	(114,'124535fa0ffaa279597b8403d66fc8a62dda70a1c2fda3909fa326aaeb730143'),
	(1426,'124c0aecfefd62ef2ecdf08e396d72cd65e64a816937b2f74fe87aa3f355f590'),
	(209,'1257151343b026f5b4ffe9ce4a9746ae2614ff802499d2339e76cd932ed4a3a8'),
	(329,'1258ad849bbc19af736456321511cfc45543ec05613fe6487d77d20238816978'),
	(543,'1267b24d7f9ad033154f5878c43a13f08c1bcb6257ec5e184df702abc64cae6d'),
	(200,'127f9f63f1523ef750e074b1d1593f11f6abd15fdb1be87bde990ded0fb34263'),
	(1679,'12820a97e578a40bef978ff527e5225030ec25c9126aa821dd4fb0ab5ffcc559'),
	(1234,'12a70f5b15306f57d381c9789563676e940f4f02fe214f4aeed510bff078f38c'),
	(1750,'12b92b6c28defd053a3196c4112812f818529b0030d31d22f82db0b8474a8bed'),
	(164,'130219ddbf5701d81ded78b7967d50452e61d3426ece1f247ab873be5c2f4959'),
	(529,'131d0d5591de9e1eb0b9ca1def0f31c599d2043f318191027954d4d44fc5707f'),
	(1867,'1340ad76f124179fb03e6f7efbed31f291f9226c9eddfb82024f95c1175a8a23'),
	(1285,'1347820153fe845ce3e034b762197dff8b359138490a9e0e96bc03e1a188832b'),
	(1645,'13643e11ac575487bacc5483e29570a996b06b67dbfdf14fb515e9437217549c'),
	(1290,'13cfbb1ca0d7c4786f3196eeee3854df14f34e41e94f4c2ba1559b75477b7be0'),
	(162,'13ec79f6779e4a54047d90dfb7305e9e40386773102d636f0211822b33a6d11b'),
	(671,'140656f3e5377ef9e568dd44abb843655803077c8679a94d159434624a372fc2'),
	(1087,'140de9b9351e9a47cb26bf4663211f1b7a72807be6d1f75e06321887c2b18e34'),
	(442,'141aa726e4dd04dc0baf6019104c682476289c59f758ce8d3a71be28effdb767'),
	(608,'147c496261ff0609e53cc8d49248c95e147bcde1e3344a0e21bca8794960ede9'),
	(507,'1492982fa0f420f1fbab0448d96ffafddc31c641c944014743fc5ca1560ec398'),
	(1367,'149c9d64501fc5619af2b61c2e1135696a5cea3f2e051aead18617af8b7500d4'),
	(65,'14abf2c34426b06c636430109c337091db868b11a4918cd95547788ba7bd2218'),
	(207,'14cfb8e626ffa6cd414bb72af373204e749d97fdcdb3d25f442a0f68df8ea0e0'),
	(1820,'152e05101b210cc78105c94d4c6c04121ee74239b48876816a126b57a2ff3bb1'),
	(1332,'155551891a9cbd7f90fb6bd5f71bef411e8a4921d78afbf0fcb4ad9face72c28'),
	(1307,'1556835de739b6a133c6b5361278dbc009e5dbefdd6619c0c0ae4180090e7421'),
	(1895,'15f886e48e59c43e0eb3763bd1d1106dd41781a939a62ed8f42ce6f07791a1ad'),
	(1013,'16030db3dce71051857d9af87923a894622aca9b66eb26820f885a31944dca82'),
	(490,'1619bb018624d22ee82d0ce94dc4114a75d0e7b45030b0f719bf248c8d690343'),
	(1138,'16206e6677217b4ad36ef4f4e40df73ad6c95bf3c709f5dd3b2635e82e3c1ca6'),
	(556,'16335d3b38b882a52b558253bd2635c547f050f86bae1d45444c66fc2c437e03'),
	(1542,'163cbe24dfb1f8214da21ee7d16c0cfdc530c921e87cf156b66c8c5b8082b95a'),
	(742,'164dac3c83ffdae73bc6e46532e884f26c78d31979bc0df31083f9f6832241bb'),
	(1695,'166a88dfdf94a8ea05ca9505ea99ba8d02c5add87fd9a31e46a9362b64087537'),
	(1943,'168bc380b4a3652855235f0bbcce93315a0ec1d491e7f6f9e6fd519f79bbfef6'),
	(163,'169a069aab2144de18303cccfdd89b691345afa5011e74667ff06c14339b70da'),
	(1788,'16d7c0e633cd9c8213fa9394104af999115a7e82fc8072024ceb63071afbc9a2'),
	(555,'16fa6cc86e7dae0ac67505276dc7a6aee8589806b7b88eb6d610de33587d3936'),
	(562,'17302d8fb8c72d6aeefaabca88bbdbff9b98e968e3e689473f2a1c27a94d93d2'),
	(1812,'179a8f89913d317fc929a89296b9d097fd7b1f138dbac2271ea3fea50da8e17f'),
	(720,'17c4fde2365c9cfefed36f16473407d6d099cb8fd569e707ec77d65e76fc250a'),
	(1195,'17dbda957a6751d15df667326023e133206fe3debcddf2447a5de2c62f85ddb8'),
	(146,'17f6d7a04b520efc0df9059094a21ff1c2b1f7a092235c3777e4253f360313ce'),
	(1255,'18010847250639a598876348434f7b42ac6b4dc383ed568e19a01b36d74b8b74'),
	(410,'181a8dddb50995a27b22b92461b89dbaaf2bff433f15df434bb8771e6fa99969'),
	(375,'18253e58679940da46529a4a73605a30b19208189be3c57d6fe71f1eb636f9d4'),
	(186,'1833d987ea4844b3e29bba7fb87191865fd96b7cf1d0b6c69b5766ce4c436975'),
	(945,'184563adfd982f19e45be004865c5522cd23851b7737e35c2e81fe61acd7e769'),
	(202,'187dc9d765b2d2d9723428fb6c29c1dc8541fcecc9b31d53d194475202205be0'),
	(473,'18bd6fc5547fa4f35131c8df281b14ae84d55d22d91df61db97ffbe84ce90eca'),
	(649,'18bd98f512910d67d157ba256a490a6efe3631c215270bda78d7d2746cc14607'),
	(407,'18d4002756a499256b56c3fdd396f2d11a5abeaa756f254a3c7c77b6676d9a85'),
	(288,'18dac695a2e5be5d2b48764733df539b97399a73f57453b70c9fb2a050eaec8a'),
	(1472,'19089372d9450c2cb80a9d2ec4ce8db8d7a8b0e2521d76d9786ce6e4ae425bb8'),
	(955,'194c7441bd0c20a68a4403d1ef7372cafd60ba0a6a6e959aeed54c34533d0a00'),
	(1497,'19b4cfa3c14d2542e62ecbced43569c195cff0a32928ab56ae8def3f664b066e'),
	(1765,'19e976929c392c588819cedecc4718c876563724a41ff8182804b77996fa8c83'),
	(487,'1a0347b728c8790ccd1bb47d850a7a9c4184310db4894382453a2b7777c60020'),
	(1669,'1a07589cf024b12c6fef74175d49d50e26c7fad59a88c097beba8d2ed29abe7e'),
	(491,'1a2aee8f78f664ef4a23c26bceed1f0e807043b7368d7eaa5cb4890666b5721d'),
	(544,'1a8a5700972bd27df3485ea6b5f536e32d1fcdfb5384602283242ad75461c5c2'),
	(1213,'1af1311345789745019071838db6c6a41c98c2b5187be39bda46fe073eacd5ad'),
	(1328,'1af692c852a91a46454fe1c2d4ad38c4a2a3e69fb6cd1713132b80ff3689c6e1'),
	(899,'1b0403e6c95353fae42ba2069eb50e4ee1c872ac622e9fdea2c7b9abee78e68d'),
	(195,'1b2735bd63d41e780c6c907d4839ac25d4837d38906d13e7a0621f2e622f0164'),
	(952,'1b4c0fc22ad56553a02383ca9136aedcd352a20888497372c463581aba1b1c05'),
	(1411,'1ba01c6248ada3fef7b51a56572545173a9611f9eaff26b9b5e09a49205376ae'),
	(659,'1c0df1ec009bb4a83d2706b2e4db96cb372e05885557a700621a851b5089fe39'),
	(715,'1c4a435d430f8a64e275a7b767df05af0eabf41c54cd08c5e6516c3cc2ecc8be'),
	(1893,'1c77c9750624a522f9443bde0827446a1e02e5bacdce948903484e2983646e86'),
	(97,'1c930a8f5a5a40180befa5fa07405f47421c75e7c58ee7172f93e8e31fa1e01a'),
	(654,'1ce0813fb45811f62fdc34b5566ebbb839229ba2b7c11198d93dfb60952947b6'),
	(789,'1d321eaa1dcfc77b480ebcda309d234f13b6d3925f5a9c265ae2b69c8afc3447'),
	(124,'1d45dd8c56889f9f2d78a8ee454e9f8c834158b65d30b80e5144cf9d5a41f8c7'),
	(1909,'1d509c3a426f0e679cdebf033d706cc1ce6184d893f2fba8b273509a838cc964'),
	(940,'1d5e27fbe6c43e5a4f5e17fdec7b749b3c5f252fde2af171e13a1b92bf325e38'),
	(897,'1d651b47c8adb5694af0f36635616b8451d1f8107277e48dbd25666454cca448'),
	(1360,'1d690e15b2af17527fad5c14944e0d8ae380af7bbdb926250a697a1709e59a6c'),
	(1698,'1d74e66a4c493f37be74bcf0913e3c23ac5650f56ba5305cd811a83a4b66a37e'),
	(161,'1d80675587742a71a2366743ef8a5400c5158cd4f6813052cf2e1554b4b01839'),
	(1859,'1dc039d0b07eafe2bd341fbea40318744225f3a70d9d12474e072b431ce63861'),
	(1772,'1df2a170bc9f0f1359eb3cb0d8fcba3bce0934b4fe74c6cb479bc166fb646354'),
	(1261,'1df48ac28b00e197c67f523bb5de6537c7da673eaa0bc857ab991e6fb2601684'),
	(1566,'1dffdf6940853ddf794fdd56bcf4250241c2ec43a2a208221d7ad3489ed4bdeb'),
	(1770,'1e018d31e3083d39bc942861121f0801b77ad1c40a1e9581deaf6b19ae3c53a8'),
	(378,'1e11e36e8d11a1a1a181deedae54d40c362b701f11de241b37e17ca0ee511acb'),
	(1737,'1e35768be900c5d344a57c165a091aea35ef2572f7a503caaeddbf9c098d14a4'),
	(968,'1e49f304b2f3eaced1a8d7d02a95a7b02dd336179a587cee42cbf37284200532'),
	(1511,'1e501803f8f4d3c9e6fada7036e22f8ed6a18097f3051aff563599c9743ad66c'),
	(1383,'1e6194cedeec9617068c6122cc9ab8d82547d4dbd113471e60925ba293f16644'),
	(508,'1e8264454e8499c2ac8e5a05fe727630bf17309108847236d51f2901409f4d7c'),
	(360,'1e8d4dfc1be846b8cdced9c20f79b7ad44dbd878c3e61686c30c3cb9c4b2e583'),
	(227,'1ebf6b34389dce58578897d521b7bd9c16a87428cae117e9c62a460dc3fb6961'),
	(1029,'1ecaa40cd2b49de317dcdecc111c0223d42f3146d0a4feaa5f01da1f14a93d0e'),
	(425,'1eea6bd8f588ccb0a1ae21f6b6452dcc717e572f79c72a099506a8fcc8a6d708'),
	(539,'1eeab6be1754076eeca0717f1a8d961325637d1afd454d75cd9310fd6ef15c51'),
	(1350,'1f16dcea817f9871f0e932cbae36318031c11d3f4f3f851d0452940096b18cd6'),
	(838,'1f21000c42788b24aadc762b6df6ff05b766db3532c7ff245bbc905358583044'),
	(1612,'1f24214fe74d0f1ad89c7eeb42fa5adb79bbe406d8beca7ba9949a396d98b81a'),
	(177,'1f3558a5dc979387133aec1e789dac4411d9e2a25d04423176f2fbd708c3690a'),
	(1369,'1f4c049a0acb306435f17c478ad2452734dcb56e263199b6e9f35cbe5fda8738'),
	(520,'1f5ef000d803b11754a17fb68864f5ce83e5a53b393ce4ab19826bd3bed72731'),
	(1898,'1f7251eab59144bece515a893cfc66c570a5122eb3cefc43ac151f2a8ae1b783'),
	(382,'1f73df34968b21cefd5638669b8af8db43a896b838238bca6dec7e0f69160fe9'),
	(362,'1f8b313a6d2d096096185ecd02223c64cc90c2b3e449e9b793e22e889d81f633'),
	(478,'1f9230fc5846c6c8f702af3d586996f7c5be8f65cc0677bf928f83f6e9ea6a10'),
	(505,'1fb6937f1d386a061640c73380a4b181549f718d9439559e90902d4fd6e0c8c2'),
	(1010,'1fd8e501b40ab16fbed1da6243c909951194791ebf39cbaa0ca153732aef57cd'),
	(1934,'1fe633492ac26c7738a40d1d0c66cf9e5dd9733700db5e49825cdd74b1492040'),
	(150,'1ff5203f40314eecbe9ac8c5e094700f35277c2bebd08fc18f78b68dd4be6c63'),
	(52,'1ffc420217a7842c3bf84d97bf3053b597026252178ef735a5d2572872a2a20e'),
	(21,'204e886ea8e957a581925319e96eb98eb81e38464102276d76234576855efce0'),
	(1754,'206fa308b03a5fcb24342aae3269d3238a11268edecf792bfc7c88637cfcd3a5'),
	(51,'20b8385cad201b8cefd7c8ad3c7f8a98407e52b682692758ae6ef82cd04c1470'),
	(823,'20c587fd7069e5c10b61d0462a7ad78a1cfebfbc59fdda9b3935a56bc21dbea4'),
	(752,'2121f05b2ca1c0da20d50edeb0496f127ccb99433d15058bd4a5caad2e8d7b0f'),
	(521,'213054d718f106fa4a4c88f750ab422ecd0020255e3714b2cb3d7c555e280b9f'),
	(1650,'214ee88e61b117990ddf0b8177449b815c6647ce3cba219c357906d9d68a062d'),
	(587,'216d3b9e699a162b32297946f35a420ecf96529c1b3b1609aedc0d3d740ad92f'),
	(926,'21bb9a71a349362ae55438b759f65614dc8e8ddfb0ef960eb951e6edea976f0c'),
	(315,'21d8cb74922a8ceff08093a30f13a9345edbc0d1ed97e228482d4aab47f83ba0'),
	(1170,'220aa3fc643e72f5828390a3eed20d582f87f807583995db7ea4a71d9c766c06'),
	(212,'220f6e8a0ae68ce9593f9996d1353eb63929b7147feee4be90263ce4e439b5c1'),
	(1242,'221b4e56eae9414378b8951dcc9208e2a859cdaef4ac1f3ecd95abf8c73c6d94'),
	(1349,'2264d49d53ab569ae66e23fc4af7c62c4410e9a8d3d2ef400ca4f90702c42c0d'),
	(1187,'228f07d1b716fc3dd6d7d7a08ebf918dddd7e0feb5330428234f899a17ac9189'),
	(1561,'22987cd7c86e96924b9186080aa722659ed5237cd0d10228709e6efe9cfba212'),
	(932,'22b18f4339717e0737247e41e3a83b4483297640589b716d98585f658b03680b'),
	(1507,'22d1d3d86193dec2f5280fa09a175da8a9382cbef4ca54a309a5ffe2f711feaf'),
	(1911,'22eefb2ae9b7990014d977ceb5192286051b4bc5163d9df7fc26256531e35a80'),
	(1399,'22fc63275f7904d41f178b5446095ab966bee08f174418d809d7fa0e90d13e0c'),
	(1499,'23091a774bebfcd60624cc22ee533d2a9d7d3f8e7a6d11eb340fc8fef2a863da'),
	(917,'231a11870a263268bb3d011a9ea6727c3be7f027d6dc31aa2493138b7ad3e651'),
	(18,'23635133b60420e069d0163aabf1ce976cdb749bfd73b974f9d4b8759e74cdaf'),
	(1534,'23b9b077b33c77d0c2d0afe8e5477b649e4186b697af41abecc075c3af12e7c6'),
	(1767,'23c8b4e7be1548c326ce56bbb2098331b1072664043524834170f5ea72071283'),
	(1363,'242f2d25287129dfe8f3b0d11c65fc175d0edad89d93773cc1517dd01c62724c'),
	(871,'245a00a0b22ee958a733bb060e686a13e3aea14139f7bd76bacd9dde461abb4f'),
	(1908,'245c269d31e43344ed553c7d7f564c3d8d3db7e64fe62aa1bd6ce24301adc00e'),
	(1527,'249dd7a25325609fa45fc705e42c22990bc98ef8a6e722e63c4ec5631fe1d290'),
	(1331,'24ed5f659288337697e2662d569b295f4b3304141bcd41d137e44cc462cb5aa2'),
	(1457,'2515bd442bdc77e471cb2a99a9fa6bdc312d0526bb18b38c2407d683e2da7564'),
	(1594,'253d349084f893e25ef92b0354f525637ff452fdd1a31f19a8e252bc5895df1b'),
	(117,'254ea82ac827420fad0d87d01344f9b9db07b4a140cb7bc2c8a8f9245ae8fc0b'),
	(1417,'256156abb8182538e1c4fcab94de61ff559afc4b384bd2316ffc522ded6062a8'),
	(1302,'2593f909975f2d9a60f5f2312eda49744a288a8edce644e2500a470e40a344d4'),
	(596,'259694e7456d2e9f25e5742a74d50b6d3e246546b03eb61af7252aff3d85c628'),
	(1868,'25a5cb8419dc34034339c2ec6bb1358c3f20f695411eac0d26bbca1e9b9f85a8'),
	(1711,'25c08548298f3aeb24b88ed32592b7db5e8889f79cbeed3bb76dd0b3f2c66810'),
	(571,'25c97073c359deec0d7de56a4138e02051bf424175180ee2479cf81de102a035'),
	(744,'25e5b958241cb897a02d1b6747332194f3b0b40b8718d324029bca1f49ac88b3'),
	(575,'25e8d39137a0372a2cba451eef91cd34c3828ca63d555e8f77652f613430293c'),
	(974,'260622837f0e10191dfce1a5c37412553889762d027020b80a45f56ce777c018'),
	(1447,'260c8a1b22e7f8127feb587353399115e26abcc8fce5fdb298f89837060f2c8c'),
	(71,'26267515047e064dc05940d14022d773b5d039770038031640ebbbf1eddd19ec'),
	(1151,'263bf6bd1e3e0e80d9fdaf71132aca73038b7486a217d442caea026097d26056'),
	(1289,'265ceac567712ed9be2e45a037d45a5fc5ef4c5bd15b45fffe559f0916c95175'),
	(1572,'26b84b157ee986550a45377e37244057a1dfde7d4a33183da7847e89dc960e39'),
	(1156,'26c53329eb978fb84eee920c7871d2f6aee301a0c4b4c85e35cc206851477676'),
	(1409,'26c9a0f3fb2857107500c4f2c3345ed4947569d516e1b485754189e758c9d505'),
	(1930,'26dcaf6c68a05393ec2d290afd183ac6231d480a885b3d837b195cea85aa4c89'),
	(1136,'27027d5b98adfa48c97ee96508dba3f8506a199160062748f048823d65e57683'),
	(19,'270c7da6d69be12873e9f6d6f9eb04ea80cb1ec96b7d72ca67ad15775186fb47'),
	(476,'271952378e7db641939ff984716b82f3ec74f826d332f07c90f72862177caa82'),
	(1297,'272c4cfff2a9d342df983288c573e91029de94cc22a37027099a70b3ac2aa89f'),
	(939,'2740562410b6a5be96238ae45a296cc2c3302cd42275f7538bedca66b1f01db6'),
	(873,'2742bb3987a02c7004dcf5750fed634b8727fdbc60564bfd9ee5fe434a283368'),
	(859,'276416dcaf1f6a081b3f5ffe735097aa2c3bd8de403921dc4157627df72d2d93'),
	(86,'27cf621c45fda5b40f3ce0d90251c9e4c3cecd6f9d9c01cefff995b54e47f85c'),
	(237,'27d3513707e277f49759895fe565a1d19ff7648d0362147150b9f88b285dbee2'),
	(686,'27efdae591e0a227ee72f58bdf151865981f702a4817e616bb5219f8e196b43b'),
	(1599,'27fb1c59c5d7b739bdf6f9f8eac55af2db86728dc0dd5d8df576c32e89f2421c'),
	(766,'27fb6109e7eba081da17536dda85f4891bc523fd06783d4098a430edeb8e8b54'),
	(137,'28209b694e06784643a218176fcdbf02a0a1d12793dce633080763f0615328c9'),
	(1476,'2823c13874a33d24312c4768e708cb85819453922670e3853912175d68dc2b57'),
	(1451,'2839ac18c3e6467b0805282e9ac60646b43c891352cf88d5d9f5246c032e0084'),
	(944,'283eb634324ab41ccb1fcda164f47980e4effa9dd050495c0e056d5e43ac3f1f'),
	(1464,'2853e1e8141eb5e197f8d5b53e1486f63e28e91ac68451919f37a4706e9d7233'),
	(1009,'285bc59f02b7830282b567e8fd30b4bd522fa941625e0bf54507696afd567725'),
	(708,'288c6f6cfa3a76361171e8cf42880462f34507251720c48228a793751356238c'),
	(426,'289d4965673bb56570f2c1e493675a423a4786dd0ba21faf239be87ef06ec7a1'),
	(1241,'289edc3ec7f7879e2a9d1c8f75556cd27b315d38cd67cf0ec0be0c2d95ca2a41'),
	(1880,'28dc08c0ff2d61725b834f1abafac3a810475d745725d059bb7b07af263416a8'),
	(1882,'28dd7c951bc8180627741bf2ebf51857f3049d96d223c962c6e525d36e601c36'),
	(55,'28eabae57e2f4a4de017a8da527ae4d7ec012279d8bab81260e76761ba375456'),
	(144,'28fc7e20683e092e6e5fb892e41701ee854112ecc26cbafcc2d3fe24d7bf90c8'),
	(970,'292e58bab56db5b4fd8c3dbc561a8a0c10b28a495e94b678df197449dc28f903'),
	(82,'292fe5cc5b2354274bc6611f83b1e2902515e441385f2a4c495e5a54bbe4a184'),
	(179,'294b9b9072b14dd8ee33f6b4cd3b4a904242728b43ba2538498a1b87b62ca7b3'),
	(1853,'296d831b077b2f2d3b006e89b21c22fec03c179a6cb6f2f5742f82ab47b55188'),
	(1524,'2971bff7397ad7805c5bc2aae5585f84f51224ba07729e88c18c535d629ac8a0'),
	(1146,'2995a368821f8f936020024b5fbca08b965f35acab21a266b44f41367224e8b9'),
	(1121,'29a05d2fcde2db57c9f48c6444b5be31fcfb33cb6322226bf2609830ef3fb3a3'),
	(395,'29d900905d43b5913eac145989d920732daf4920b33323b96ccb311d6a73aad0'),
	(842,'29ed66b442165434667b62d38a16cc0fd8a02e581939bdeca8e080d8419e937d'),
	(33,'2a37666f6762426c5e2bb62d65a9940770caa72a2cc5abb0b17011d266755648'),
	(84,'2a7fc9b91e27125e04c8ffe0aaf914e7f06dfa9a0b39795b6dffde100a81516a'),
	(1054,'2ab5f59357468f9958b82a1b8639962e826ab4a855362c27c78dc9093913a677'),
	(1741,'2abd4568e1aca7bd688c9dd29739f2dc7a4b4a6ad3c1702a9192517662039b95'),
	(782,'2ad1994cf708a52099bc34172bd024d850d6b6d42230c0165c22565c6ca1fbc2'),
	(908,'2b01c691c5234d3436cf8ae950157878a49530a6e928a0e2838eaa4fabb50854'),
	(1454,'2b07f6fdf78ce97e8917d966e7c7722f568d0e51b76492eeed787244c1c22ff5'),
	(1320,'2b2daa12594abc86420cf61a3120a6b3a77ba557afecfc02f2f67934c9726463'),
	(688,'2b3f86673b6c326db1e3f98e5b6c1f234afa526a53867d0e4198e6ce8ec7717c'),
	(1681,'2b5139f45a2e2963980b07cdd5074e93d6cf96f045fe3da22f2f2d364210b62b'),
	(1668,'2b940f69cd4a010fd82b2dd00361c3a57025ffa5bf20cb1f07a2df49ef9f9aea'),
	(1021,'2b9531a5c262bd5ad7a01b5409088b4c766bec27a26d3fe02b09c203a972923c'),
	(172,'2b9f186cc6b0933b88d56b49ba986b37c17ae0d81977bc1994941d16f9f2fc93'),
	(1017,'2bc79ace2efa727a9f6825115d9d244ff0e43eb11f61caad36af5ededb180fb4'),
	(1270,'2bd8b434334e1df70415625944312e84fa429d928c4a3577eafac9f1c59e8579'),
	(600,'2bf1aa51a2e1e70a46b649df3c906d03d8a206e61d1f222266039ca67c6a1a5f'),
	(1124,'2bf811fc09fa56663b910c6128ab374b0381973788198b2247f0b1a49aee03c5'),
	(1800,'2c98f92fff0c8df936b36276ba3ca5bc77dbcf3e40a9b72ffcecff736f310e90'),
	(66,'2c9ee102157fa64cbcaad022bb4a2f93c87ed8dacb8b40eedb78cecae456ce1b'),
	(930,'2caa56bca5e440783c4ff3977668a0c1c5461e373d4f1a87f9c4df213b17fa04'),
	(921,'2d10958498d50740876da3c82b693830b6bee8073d3a94e6588dceb820610838'),
	(1259,'2d2319f3f48f58b17c688cca5b0f74dd224056a835d292870d64e557ec4d03ab'),
	(1025,'2d31d44c02a228767f271a5ade7c490a12bf14ece2602def3c7a6d716fcd5c1d'),
	(1887,'2d7c3114ddac528bab56d35aac11df4cf84d03317676b3875b5f17ed632be60a'),
	(1264,'2d89a62b7913f0b59f06a4aed2f6927189731311b10df1a179fe25df58d530fc'),
	(1336,'2d916c67e0d37a1025cd81f27937550ea74a5adb81e375472e80436c1de42d0f'),
	(92,'2d9fa06e69633c16ae8c8d4cb7431693a53f3734c85d61488a24d3478b3a19ef'),
	(1789,'2ebcdeace9381ba432bf3d969694519c41131bce864f641d4140a1c3e9695ca5'),
	(670,'2ed4057a2050b539f99330444426784d79d0e6590852ec02c1fc9c7156aebd69'),
	(460,'2eeb1e8915093416b48cefab8c2427c22177542b7155dc7adc5c719c9987207b'),
	(964,'2f189a2a15e07524319cc4137f797c64b160e6c06f40dc0372cffbc067b7efbf'),
	(1761,'2f3050c98768f622ac7f45f590074fbd00a5b2c7da5efcce13baf7e7d4326cda'),
	(224,'2f39eab3d50d0e7bef620f3b8181fe8d36e6720011ede1bb5cbb52fe7315aea2'),
	(1635,'2f75d2626538576b4bb1bc21c8d407e3876ae5fec874a066f60a51ebfaba540b'),
	(1719,'2f926af0d6b2a726bcfd8685e243ceabfdd8f6441edf38f9ca45f2d4f2ac4831'),
	(184,'2f98d27b31e6b1930f7beaae75e3d176d553cf9b513448622d3cb336cc45565d'),
	(660,'2fae5c5997aa3154ff7f73a3e9d15480586d40d07b3bf8b0dcfadade7d33b202'),
	(1537,'2fb7f5d615f42bf20888db6f745dacec260bb56aefdf87c8e92732b741cb781e'),
	(220,'2fba2a5e6deab3a36a8c79f4557bc1b40d01116a164b7a2695e5a670229b3189'),
	(705,'2fd5fa660aa99c18f35b78aed97137da9e163af948f806765ba5aecff7f8ddbf'),
	(266,'301f191065f0a35a086cb1ae1dbc78e0b54229bb670be4269a4bda77759ec006'),
	(713,'30435eb9a246afcc529e0e58621cfe12fdae47f78cdb8f1db59c85de79c5d4e4'),
	(141,'30e61f15d871b52f0978004760b8b33114a277c45f39a4037148e027587656fa'),
	(364,'310463498ec2cc3a1243a1693f1f1b9b6c3a836bf07cab6a88e17cd5aaddf06d'),
	(274,'3107733d439e0867d085d3d6e55402b3b6b10856c5aac8aba74b2bb05e8d9906'),
	(781,'3110b41eb8a75c6303a621cfd66963fee446c3c447679ff2fa7f66d16cc81aa3'),
	(1632,'31282fe954e7879db4f3b8f58b4eb8f197ff33375aaaf4d8dbb706e66758f15d'),
	(1219,'312b0daf15fc1911730fbcc45e096a3ad0c895765b2e7e3bfd2137df15b6d718'),
	(439,'31418e08feb0f2891d147b74ce13346ea9508ac2dfddd7cb266aec30de1c83fd'),
	(1720,'3146392573bfb5d99e58b135ae414ca30829bed6cc332a8041526d21c5d96b75'),
	(741,'3184731b56bb0cb5527ddd6bfa87f18dd6d5fac762c5742bf5898c3758f59693'),
	(890,'3191d8ca858d4bd4685856cd62800207a8699812393f9bfe5451082efadc03f4'),
	(203,'31bdaf2e20f17ca7057fdbae720bc58bd89e8e8aa30d99f3cd0bd3c2e9186527'),
	(1557,'32248e864a1c68e9a683b18437182ee81c60db80ad06c7b3a761cebdf6fb7614'),
	(607,'3239f4a3ca7848c979d07bde49e5b29409c0593c1a867309827b8d7d9f4c9ea9'),
	(1199,'324b8df925ba9d706c7f9d7c6f5d221185df31279b618fdbbc789c189a6dcab9'),
	(1581,'326b991ecf3ea59c5d8440aecfeb8d6a16cb36a94f8fb742b783be2962545b21'),
	(902,'32ee151c2c023cc67de7fdfab79cb953274a404eb3c3675f8754819a38cb781b'),
	(342,'331306938ae07a8f1d55ce29a4c39f666734bd13220035a465375adc21389e27'),
	(1608,'3318cc85d6f0ba1c0a2faef5dcb55168e15bfa3d0d4942df69d30054bd15d4e9'),
	(230,'332be5b91f094222a2161e2b1d650d4980da7c9cfdd2d7115a7cee4f8435ae6f'),
	(895,'333f76fe341a183454997d699703bdd135ccd48e88164b037f54c7a0836ba9e5'),
	(1362,'333f943f21fb6f9df82793976848e13e3c34b31386d4f8355a813d97bf5cb65a'),
	(1693,'3342a69ad00d192639ee2fdb6b01d98d8681dd9c689ccc3ed9af41291cd21eb1'),
	(687,'336e7dd1c6d2a5a20ef265ea5b9783512e5045ed1f55ee9f4cbb5ef76e348f0f'),
	(1503,'338f4a6f442b17b47e3525c226a821945dc69c9a007d7e8c2fd65b4de811b71f'),
	(1784,'339ebc9c8e088ca8e5807271690533382afb6a9c16bb811ae98de5b83a91c419'),
	(805,'33b13a16ca64ebbc12fd69cc3c640b963f8d340f5e6a124c5b679a94b1b97c5f'),
	(727,'33db6cb313727caabd6f2904579120185a3006de1545977d0588a7916c7a8b31'),
	(776,'341716bb07e5519fd5fcfded4e69e8fe0fd54772d8804f0aae9b0af36d9b25e4'),
	(1691,'341b61e64b11bc1c1fed5e447b524299b8b50b5b5caa5f66796ab2c142414073'),
	(38,'342f4c7430d382bf9dbaa4de98e74a3a96e285bdfd2c944ed5b2873661faa9dd'),
	(1283,'348d083aa336f1f19f108915e7f6181ea22693352886d3dda349b95bb901cd86'),
	(1530,'3499d554d3b0e34b6388205e5517a43ef3649cf70476f22dcc60c9eb457b712c'),
	(1039,'349fd986e7b21dca38c90a8558a32c90c8692a96122aea392dbff5e54c022a72'),
	(345,'34b1f748c6db12c9458e5f4ef7c5b79d4d80d5c8530dbd31d5a0961c27d3e212'),
	(1418,'34cddf5f7a78ad0465c114f988fa9f8fa0d407bee87dafbf3205f8c1a49bc380'),
	(606,'34f61aba1cd6465568ce5f8821df3e0764b830b40bd8c395ace927ef60f46db9'),
	(963,'352cc1b0433d7a5b25a17cce57543c54af23bf1ad3851e16d4aab60b16fe6da9'),
	(434,'357e86c584ca206b98b2d5a36463c2ad96fd74bddfeecd29b2a1fb2f3799bdf6'),
	(1083,'35856f29352a64f69abb4da533731c737b0b1cd8f5996bb42d364d4c0d7c99fe'),
	(1906,'35b15f63fbd14d70e159d9732bdd857a0602a8b3c8d6766ab1d05a6f2ddca28f'),
	(1520,'35dd5a6f1bfa7354f17b9d1c97de3a9aa8e26c0ab0ffb1cafb3e4b087c6f3bac'),
	(1354,'35efc3061844844640873b3d5f8f9a387214ff3eb7127cd3e6dc71df2e79d9ef'),
	(1529,'363dbd77d3c0be94bd15e554c5995d55e1c96b0f9b6828fdf8e4002063d3b104'),
	(427,'3653a15d8bbb1bb1b3056a8b809a669c9d833a26ead3da8c30ee3dc85bb92421'),
	(448,'366ecfe6af46fa49a577ebb6fccec4dce36cb845891d2edb78546425e2bcb69c'),
	(479,'367a6f2cc9b6684c074451180c1517bbafcae612d1ccfc44f8b74286d84c5a5d'),
	(148,'36ae4b20501bd0521cf4be6ff31c8d37a7cb33d6e7861ef9f935a690756ddf65'),
	(1005,'36c5b61c531481dbbccd3585039b232a5af83d804f2a93a2c059a6c91ceaa84a'),
	(1921,'36d267bc925134a13d2037ced322b4120a90485d8b39c79b9f78cecd35eb530f'),
	(1482,'36e3e8765908a25962168139d88b953f178a01792074729fef39a1f5e6b993cc'),
	(1878,'37264f94d8df1c5ce65e20472119f8b1bb079898d7490ab04db3b07615e02e46'),
	(696,'3768f5d6291ce3d12b76f1fda0e704c5dc61e61840d9e2d489214726892c0ac5'),
	(178,'37887dc39c6486142dab5707e7229f7ca97fff1357588af9d8853490879b35e2'),
	(684,'37a0207a47fed80847324eef4a9739588dbcebd1d9f09fc1e389e4d62b1a901e'),
	(836,'380a31930b7ac4ef70149825a15aab4589bf924806a5a2d3081a7e9418d4e8dc'),
	(331,'383223ab3abac5ff983a78cf05514f15d9486f3abea08084b5322219d9c61ce0'),
	(1108,'385c296262035af94205e467eedfb8a8d6dc363203fa4e9bf7f7951aa5a7f2c1'),
	(349,'38669ce1cf57528d0adad5ca4ccb17787f54785f0a7a43c5e8940653179c7ad3'),
	(229,'38689a118713f4656aca08e9975c2aa12d5d23fac0efb332ffbea0b4ccaf9404'),
	(1428,'388dfb487e050a7ffb3bdcc65b22df02e143db837e4271f4ea0a71f5d2fa0d2f'),
	(1850,'389da2c28332da69cbaf1ef486d36e11ea468f90604804b1ed35cc0f335ae320'),
	(1176,'38b8376b9f1d54ae888ce8bfb86020b483b2f0d4da5a4a4e8e7ca349ed7ab36f'),
	(1449,'38c92067ff8bdc24c8fa53b2a5b962ce518a82b3c37750b629003552f39c9f1e'),
	(634,'38d670c3509a9366c892732a9c08ea9f7e215f1f1c8b0983bf21656a521c2b43'),
	(37,'3903f92c2d2c193eb2ff1b50734f83f736b9f1db2179df3f5534c34bdb7d27e7'),
	(793,'392197a6e96c2f88c3b4a61fd8768694859bd79c3b59eacb9d77d4ccc00a7183'),
	(236,'397675c28338ee8b9165bfb10cf86445ed67518522345b3775473c9f0b9947aa'),
	(1045,'397b83c9ad9a94044a9d8c8bb385634265ac287e21fa9acc9b631573526a86ef'),
	(392,'398e5941c091b4fa37c0f180de3656eea7e684edee6f7634ff5b4c81b8feeaa8'),
	(1228,'39df7e5aa0c70e1af1129316993cd6827cd9189e5b2c24cddce6f58d6b85cb0e'),
	(1897,'39e9c5c2abeb30f510e36f621df70a1270c6235f091b7eb23f9c93084ed84170'),
	(1769,'3a1e455a3c0db8f43216763c7aff0f0320464d92a324cec3b422726e70ecce02'),
	(1194,'3a527ff9be90e62aeea20940e7d266b6bcf737c0564b40ee9cb9e1eadc749fbc'),
	(170,'3a5af36f5f2c2263242bcc38cfd46f6fef2531c1ef1adc8b4f3ffad21da288fb'),
	(666,'3a5b7679bf0b6caa2858bb601ff077e30f90cf602c4c19375ea611588bbd8eb0'),
	(1861,'3a6a7586e883e7ceaf742d57944a9161a75e08b700a2e15dc279636a2df9ced1'),
	(609,'3a81e83d9f2b72abbecafc5089fa7cd97b1655c6d8cd8ec5012135f2ca00361f'),
	(380,'3a84cc05c2ecd5b97033efa90bcc5695cdb07dc62a8c3812d144a6b879a7ad43'),
	(635,'3a9c5acd994ef6c01fafbdfe02e6608300c182edebe0b48fdb2abe919e1c8a53'),
	(739,'3ac5fd36c026925cbb931fb579609de014f0ce3763dc8b2d1c71d5bf09c703a3'),
	(1742,'3b41a27d61f60fb0c82257bd36f2f62cb0f4a85cd3878aa31ec53338a863ff4a'),
	(751,'3b5bc899520bcb8552ad7ef292ccb22e064a48e125fcd201448b432e2798fbfa'),
	(446,'3bb070a806ae0b925ceb15edc1b40a8400aa57c6d1e70330f15fd1e11b381f60'),
	(1460,'3bde3ee091847d8b8e45d81c79df74522e120a580e423765812d3d693a38da75'),
	(1221,'3bef1ad6b0de57d0f4ec41008f2f0108dd8eb37e3bf0789f2676c23f1774b9bd'),
	(74,'3bf22a3095e3f61889c43d637e35f5ed36f5be18dc5d269b99fd8b12d2dda4ed'),
	(1364,'3c1b5fffda00fd3e021edd3d2c05bc1b198450967cde1b020ac9cc84d98f72b2'),
	(1110,'3c3b859363d45912c97c514bdf1630f9d2b8dd16d383f4a5c3cab9c14ced37e3'),
	(560,'3c7b970dcb2cf72f6d2366e61fa78fb34b33992ef0e940ed604ee206742502eb'),
	(1886,'3c95bc38817a10914c1760792e6ca17b68c9a30f92863ab7894653029c4cef99'),
	(1173,'3c95fdc4aef26446b52aabd0f5d7b0a18e9aabc6e6a3d76bbcbca5ae6522a3f3'),
	(1856,'3c994a9242f24d1294a238e63e173f1b2018c04494a7954400a84c8c28cab1eb'),
	(648,'3cc7bec53a1be6b1094e6045ba5e4581bc38cf659516bcdc896fe6e710271d2d'),
	(1062,'3ce6a98a601274716860803c8425d3938a14b03e67e24af351dd2e80b7bc06b6'),
	(1208,'3cf38dd71dacfa950170b5461727cbec72669a514c0458ef9271c966b87f94a4'),
	(676,'3d15797d5c70e620e3a26c8d105b16e78b4dfd70decca566c66dd76cd37083ce'),
	(1824,'3d2492b965cd049c0c01024108d83405653d3748aa21f8861afc177bf97be117'),
	(1016,'3d346e906a85c5944eedfdf7b8a2748b4438aa26901c1ff2c9dc04c51897d83a'),
	(322,'3d369ea9c330ad1d9147d957cd3f4bdebf867a47edd02a679fd69500ad643513'),
	(483,'3d5f4bc422f2c7250a49ad01be439a9c3c9c8d9f367f16cddb5fc10acea60b18'),
	(11,'3d90ee0c938b7b7962c15f10c452e0ca4dec48b8c66bd0a1d47465703e5284d6'),
	(34,'3d90f4ce6ed7be7e90846f2b1f406af1f290ab7a8c5bba69cfb50423efcfacf8'),
	(81,'3d9ae31847a0c867221579cbdac808c2f646af6cf020d95952e49da5871d7b19'),
	(365,'3dbbefbaa2f28ce0f80fcc99f5fb33fcb3a92f61367db30f52efd0831ee0fd0e'),
	(877,'3dc461ee97e3747b6cc8a0363772dacd5f5ec7112183a7202a38b777d1e6436b'),
	(878,'3dcfd4e483ecb4ebfec1c483fd6e9e5974b6c7113f284f1d54e5f02616ff64fd'),
	(183,'3e1325d331d1b9264b1c8449500bb1ba21da185dc299d12c1c500b0d93bd72ba'),
	(747,'3e19fc6465f72249ea66885976f6c2035ea0289479fdee523ccbab209b5a156c'),
	(293,'3e345a1b3c2aaf00d269d251d535cbf5eee0f75b4d32f0bb8e2afefb481f4287'),
	(1388,'3e74fc99cb3ce716b71ca90a330f6409e3a16903a93a8ef7e935b6441bdfad5b'),
	(1505,'3e8d2a461bcb311cfcac68a841625e8922e87da831023feabcd356d710210d96'),
	(408,'3e9204ea28283ecffda7f01fab16d2482b67948a7832c3aba13cadd8c8969a59'),
	(420,'3eb1d96f5f793984c1740a83bcfa1820dbdbd220987bfbedbd4f4b2e9f7499b7'),
	(1579,'3ed374183bb7a2c1aa01132576f92b6f683b7d58c3dd07b71b03fa5a8680b7cf'),
	(1168,'3ee13a1976f99bf4822dbd8073fbe074b6d1d875f7809c3a55d4ea5cde76ac4a'),
	(1545,'3ee3903b5b150489db0dc07f9d4121c2bc9937e36a11f893b9142d283ae3479a'),
	(941,'3f558af2e4b8fbea949b07a592100bca85b980b725a3c4f99623f4be0ee77a34'),
	(1238,'3f5b17e37286561a4c509e1dbf28c66a9071dad7c1292b58daea34d17fbe77ef'),
	(1567,'3f6382654188f5990bbebb1f132eed800bb882a5f70dbc69bb4574ceb3e79625'),
	(1080,'3f8763a40de384bcb5eaaa8ad70b6f3dd005ba7de6e512357df2a35ecd5e2d2a'),
	(1933,'3fa364b5ac9956f2fbca856f31c100a9de56c5bffe10ecea743d8c304a625911'),
	(1793,'3fe6d450bb3f3585ede806eec3328b90c83112e3fc09f9543828cc7dd2c9e861'),
	(980,'3fff6185275a129d6ce05b1d2d870899cbccd6b1c2b9f604045b1ca7f494d473'),
	(1144,'4027ab67c4df217040966aeec4a8bb2dd93d0384841cfa990dd7a5b73a8f95ed'),
	(1060,'403230c0203c9193746d40a07ba26d69e4ee28500f8a0f6e900abe4659b9e1bd'),
	(1506,'4039186b781e6c4336216121bd3e4d17c2f064d7e8ec9061a7e13331482aa44d'),
	(1137,'404b938d5d18229880d05015422133489bcf76842216e4d4909803d4d429407e'),
	(374,'40932555881397a49c9aa7b7dac0c377fd1afbec767fc00736bb6d4fd151867c'),
	(341,'4096d98beb67a924149284d7edf779ba6d7a24ef641e99c8756251b413bf0024'),
	(1189,'40a387d1433aece383331b2b88c0ce30b6ad555b28842ee8f47990beff7dbf82'),
	(107,'40a5af3c8a7b0662792927a5eadb11941c72edda035a39708aedb39c386056b6'),
	(569,'40fb44a0a73fb41a108f0bd46f2601e6b4b51606ba7d2d0ea248b70f9f8aea83'),
	(1298,'4104f2ca515db45fecdf6d6ea20a51b2a0ce8b1141b627632e4bb32ca547cd78'),
	(1845,'4109efe596c60b2f2b38df45e236bba3d76c06b6ab8ac0b94b0545f5c0f3e969'),
	(998,'41236ad3d357ffaa87437bd4626f0f554f7fe31e733e0e129b7d8512aa466caa'),
	(310,'413e4b6fa17016ca73ac64acfd1878c5aa45b71bcfa7262cb721d2fc83456909'),
	(806,'4165366437131d068031bb773d44385a696eb675bd2007f9746f57c9da797993'),
	(1066,'417e7453a8b1ab099b78074485917ea1169ef17bb49d3fed83792a8c718d0a7e'),
	(1753,'41b1d18ae25b8be7b2ad9b6e8fdd3c7f42971e3218a7f26ffe79cfda5fdbba1d'),
	(196,'41b3fd87720eb5ce57f690babbbdb91baa103b161341444f24abaf1799caf2b9'),
	(1900,'41e88a7fdb6ec6a6fedbe6fcd4537253f6e29d6d186b190d1a0ef16cdc8a98be'),
	(1923,'4202702ed227d504a8fa04d7f3ad0c0d63c143a33412c759936b597aa1fa05f0'),
	(372,'420fef19ab7a5d27185ce7a31ca97a43448087f8de3413a1ae7f65b4b74df010'),
	(1365,'42182c5a33f7a259a83e1b31c0a29517abe0e33b736303d8c6cb5f2437e0973c'),
	(1317,'4222c5a6d647516a292631585353c42e6fe03c7f9ce20ece09a5205d57933cab'),
	(808,'4225483633889ac9ca335cf80afbcd829393f438bb441f01bb251159ac6a8c94'),
	(675,'4227be3d4b8275a46fafdbfe2501062fde104943e9920e899bef996715809409'),
	(1116,'42f73d2c26583df802058a8b7b4b0470a8f6204265ea93825af0b3ba65ed633b'),
	(1037,'430d09bb875bbe30c348c7881115743a8ea9b67c3262bf1899a92d043a5e5d5d'),
	(165,'432247de9b7dd79f790a757b319a2b780fb7f042066a0fbc0184e450fe64ebc2'),
	(1268,'4325dc3f82779d5839315030ea9f062edea30a03ec070e8f4dfe2f47264daf63'),
	(1548,'4345533815f29e9126ee97ee702baa8894c172e7dd0f685b815400f2d4badb8f'),
	(1003,'437670863dc61ac1ad29f510192daaa670738955158081bc2458e0cce1a77464'),
	(1694,'437de5f55c90b26934cb7136bceb2287ef38c5c2545fc0b707c9e298dd343006'),
	(1335,'438a044f35352aee8d165a6b0b8d51b81ad8d90e21975692d14f070315c7a98f'),
	(245,'43a19b686cf7ff9cf343696a84b9da36b9bf1b3b29312438a58d9f0446eede89'),
	(455,'43adc5816fe8e15415bbc707bc8e3c95f7c3fb28eae4bf8052a5807bf33febbc'),
	(1134,'43fc06eefa7ddd301257a321163c1ecebaa882d87aeb96067f97deda7ad26d41'),
	(169,'441ed32f7816ff9e8f75fc10bc270d3668d4a0ee5bf026fdf583e5cff8b7677e'),
	(1392,'4446d5cd37986d74b460e5e157b25005ee0b9ea373d890c78d66c69e68ae3a69'),
	(128,'446cca1e89679f80501c10ba64e9c91cdc4ad587560ebee70368909990ff8e6e'),
	(489,'447c5aa136d0e6cd1890772eab785b75f3052dfdec7007170ee349e429147f10'),
	(822,'44820012d904d9e41d5c274b2dbd6d2d1d3f63e40dfe644a0b97d9ca0392bb97'),
	(559,'44e8ab1713e68c52b5d5b73e344f3c630770f63f14c0f00e407a68f80195e774'),
	(916,'4526560d450d14f0dfd124a0c09033b021043c57ceb4059ac14c969fb76d4fcb'),
	(1811,'458b83b5b33be7bc87be2fdcf2fd09472df44f779eae7deabcfa42c1d3aac7ac'),
	(78,'45c9be5fba0b152551c5ef1f7b78ee254723f73134bf6c16896e9abb860008d4'),
	(795,'45d5a05c8726039eaf9610c69415e4711370b9a77b5ae9c747b25b6714dc91f5'),
	(1265,'45de827e2b02f0e14f2b02a6eb690bcc176c27fd3809f3b03423fe83496c0909'),
	(1551,'460b277da658ae1e476dba55b9e08acc1cd103108d1b9b6b7ceb2c02ad18f31c'),
	(1479,'460bcf2ee561b4ce5b452a3992e460779bfd35e2d7b18ee421b37ec0745a9419'),
	(219,'466de83f8b8cde42f3090642d0144e657543b79dc1513e908ce8909af0d13c4b'),
	(1162,'46761005cb0a2b2e33cefd0d89c232b50fc4a6a1756b61640dc52c7e3c362db7'),
	(1774,'467f037e08762ffb3f312f467f25a918ed4bdd18f09378f4c6aa40b5479d6a99'),
	(811,'468d3fb2fbbade19a93a01d9dc4b53de92e8ca5fa2cc4caa997abc24dd1436da'),
	(798,'468e5e06a09f18bca33a357766966589a57793ba3b77d95892bd66e5ae77bb8a'),
	(1840,'46ccc2ff0f60abde5db83f29b23eb2a9e510b0f48182b1918748acdd5ff7b6eb'),
	(1007,'46cfcd1517bb6e236f3c91b072d5a5cdf1767737c042b41d5906b0ab9dbcfd8c'),
	(1794,'46ea5ba9ae37bf40436051a237426e6d7a57925b91c7f2d264f345a7ba6b1bc8'),
	(1226,'46efd163e78cc581d9078f47e254930cb5b6e91c453f479e59c2d41757e195bf'),
	(919,'46f7841ae99e827e003f82a935ea7dc64c100188d798898925cd4adecca42844'),
	(794,'4736351f828dfadb1879006563a4feec80256b7be266f12290cd279125a5e222'),
	(513,'47458df025b88b0e9d6fc468ab0d46bd085a1942ea4ee8238cf60834076d1640'),
	(702,'4767543cbb55e608eb431da6b16946d28b960fee199472248d0c72d79ba15e44'),
	(142,'47688a8ec9a20e665d79fd0fd3a6774b0b41ff5342c462b44a8d5ad263d552f4'),
	(1622,'47778da5fe894f602dd8980b346340138eb743db2842bf84cae114f2b02b7fe6'),
	(1842,'477fbb1ad9fa1c8c5c3ad5c7accf7f3804055660016968414358d324ceb27c4b'),
	(385,'47cb06a7e50eeac89cab39474c1c72377a0bfa513bc4336d5ea4beedfb354869'),
	(347,'47ce2ec42225380e657d63591b780e950f0c71aed5146160aa4f4732cdad1e9f'),
	(1640,'47d73a69a0ad23301607044509b773b54996a8127c264da979a08a437ed05401'),
	(712,'47f4a5ca54aec6884ecda964bf9c01835bc16f6fc0ad8f3b4aa8b63f02544a31'),
	(1212,'480d7c0659a4205254415ea13294aab6a51b573faa7156098b75d7a9ddec7b2a'),
	(1620,'48281a04362203236520cdf9f11def6c98a394d4fd780ea908ff19e6d90d2228'),
	(1565,'4841558d1cc57297982e9613ae2d7eba50433d13afd798b2d3367514cbb7e0e3'),
	(1709,'4877f6f631f8868083996958f0a6d04df70372d64b28d31567cc8d42fb5b482b'),
	(755,'487c6ce69b75f2151db6ab81cc5e0b6f472dbec59bf345eabd912ef3a87c50ea'),
	(1396,'4887a0d96335dac5f614466e10907dd2e7c0a44712e20373d4da571ea14c9d1d'),
	(1230,'48ffee413745dff64bc4229b9d07d00f3988b50f54207c6280ea8f706fa1a784'),
	(883,'491b1b0a1426803a473069ead6a13b5acff36a1f0810fbb3bcb0d757fc3d0a6c'),
	(330,'495c84e8de35edf175a1aad999792e6540e3e97bd4cae350ff6c8d974e6eae62'),
	(69,'496dde2bb4528fa79a7927b936f0fcc6228f8f32ebde7a0898336fadd2292f9b'),
	(862,'498f77120ced753a01b0bdf396c4810b74562edc5e3a4f3a6f747bd1e4191774'),
	(1068,'49a35f408dc32cce0e1603e843b0e21e120e5ba6f14f4d073e94a5697f55ed5e'),
	(553,'49af834706f8281e965bba911487758720c52ec2c4fd7de2ad25dc077c20b16e'),
	(240,'49becf092961d77779800b4dd0e3ab83eb3d438142ed66648a9b9452e37449d8'),
	(931,'49d0acbb69bc94e2c0d8a59d59be847e0b631899607fd5808e436f23b77bbebc'),
	(978,'49e1b64c30b5c43c4b56c20ac2855ed758a007e4c0af745517220e97d638e0b1'),
	(829,'4a1df31585c3ea5edce1fc46061cb5c0d35d427daf1767c48b824bb7ea45d97e'),
	(492,'4a2640ce29fe4230064dd69b8a3cc47cc0ac9f79829daa5e507566abd6509799'),
	(906,'4a274b6ff8db0322fce6bb8294e47026caff70cd12a6ecf4d25a853e2fdc3bf1'),
	(530,'4a533f1d224b743b6e6ac24e7ebb7f85a698d97db03f3a6f74bd4cb61084777c'),
	(1828,'4a91c2052190de05446643b4c34ea0b0ef227ec10eb84ca8c7fb442f7e6e1b39'),
	(404,'4aa97f08a444b465baac36ebf94c3b86026ae9660382a71f31508466ed57aa98'),
	(101,'4aac13d6d79932483efb9db839a0e015caf83c8a6baa2bf5ebd3c5a87084cb1e'),
	(549,'4af296df17a9dca7550e5fe0d5738a53c30d1af8353689c3f760571f3a3ee409'),
	(1095,'4b0c468b34524d488eaa5af19ace2b011298ace8ad55d282d4021399798fb6fe'),
	(797,'4b1405ca19039924102936de9369ee8b80f8ebe2b17d036c5172f2ac32e825f7'),
	(1833,'4b3f5b8f261c40b68f9f8230c840d2bcf56efab73b36f0a5e87181945e0a0e41'),
	(1120,'4b43f20e0d822f939f2e124272c0e0f0d3d173ef4f53babcf80d09fd7fe77b22'),
	(1032,'4b7095bcdf13d1ae2981a9890013d8e383e860d43e5ecfc63f977ee157c30a49'),
	(1552,'4b850f61006f2d71106d5548c499e82f39687c38bb018fab3629b0c0303dff34'),
	(1159,'4baaaa8a917596b57b6c365bca583e097b54a3de1b8bd75043bae1976cabe037'),
	(77,'4c156b7ad54b812bcc0ee657bfe9095494276f56859963123b7d56018364dd30'),
	(586,'4c3346da72c0722af204b6a25efc36d3d1e4460312b09d2fe9d8fa03b05a4f6e'),
	(272,'4c34f13359b84ef0ada64f767b7ea00d03351f349eb36cee55eb96d95120fb60'),
	(981,'4c8eec1f97b0e1906db1e30785ca33c63d45657b771d06fb3e8e13d7656205f8'),
	(552,'4c977863a2098f46e0f8abc62bca63475912939dae122c6c75e21b6dc5dcc8e7'),
	(1920,'4cafe0f6adac543d893c213e6deb626dad0b1133da79d5cb41cfbbbd31c86dfe'),
	(354,'4cb7cbd6a640bdcda7483c7a75532c9e9bd6af66bc8a685b34761ae608017e8d'),
	(119,'4d2c0adc3a31c51dd324d867ab11371b54199bac6fed5059cfd23878a48c6861'),
	(1327,'4d450b24600200d50b8521ac8f120c8fc1302d925feeea1826858652c1a0a67c'),
	(669,'4d5c6ce6cd233df0679d19ea5ad197f63e407e81a9890b90cc86081e9095f0b3'),
	(1412,'4d74c158d64c27ccc896195f758b52eb63fbba00de2dd1c7b5636debb5040744'),
	(1379,'4d8b13989cfac49425d3c5a47c8ba684bd3943bcbb0b76ea64dd63c4843fe06a'),
	(1236,'4d9eddbe6c762e17b2e9bb4d654451686c13e70b5f8ecd14ef384e8cada08912'),
	(176,'4da78a129588f5e89bcc62d10ee1a3115e31108d4c8e3bab7f1a1defdfc3f95a'),
	(1759,'4db47fe3553681967ace2e4754f4c9a3d5adfc784cbcc9244cf732a7fc03757e'),
	(1854,'4dc0c0c5ebad092deb115349a6188e7ab7e4e71cdb3037be1e02290d9d825688'),
	(851,'4e2bd1c7fed200322db6c82d5caabdfe7e305b73287aebcfe675d2b66ebd0146'),
	(282,'4e2c894f95370ccbd2d74a9c6544dd25dbb1c3daff2c8ce38f58baf755ee54c4'),
	(99,'4e42fcccfc54b96657f5a8f4ff7be06d500960bde6c3fdd1bf53a82801efe07a'),
	(1243,'4e53e36b8e1ddaaaf9d4a23b44cd827be093e5075351cd4dbaa6bbf2d561f8bc'),
	(1838,'4e961f70ec0a562adc4d042ea453ffd1aa4fa6ae730c96bbe7c08e4ebc2180f7'),
	(1616,'4ee62b95075aa81e4a1e1533007efcb28f11b03c161d25a772019abd50b278c0'),
	(1468,'4eee72ef2b151b9adeeeaf63cea406eb77a49eecc8aa022db9b905bb2a0956eb'),
	(990,'4efb9bcf6482f10d1964e18adbf65b3226e3272c452afd189fd3a639cf424542'),
	(1543,'4f07716b240ac6b30b3020fa56e1e93cf005886a8562323fa65c1c33f13a318d'),
	(673,'4f14b6651f2c419be3726ac3afec9b2408a44c6851c6270bd80eb718eb35e150'),
	(353,'4f235f8b39e37af065ddd4f4c6035eba216491e84eba87b3daebac64e9cfca82'),
	(259,'4f2c9ecb4364b91fd45c2485eff587c6484ebd897005137f3cb561acc5e6d3cb'),
	(111,'4f4ebc7a0f4306dadfa45653d2821ff856b06f7009a7704f9195c0348c7bfff6'),
	(583,'4f6ebe9b95420a6cf8476a7c81d9219db0e2f360311f58f134825ef1a3687812'),
	(422,'4fe7968011595740e26ad0a82b857916518368ed9ce69d159ca01b7808f56f92'),
	(922,'506f3bf21036d7673183b5d6e624570fe70230a0bea90251f91085a1ef1a226f'),
	(1415,'50809d8632dc01a31759b44333914af9bea4ae22eaf719a0633ae1b7f95455b3'),
	(1295,'509567aa6df85010c904c49710f69f24f0e4851999f17d02f69cb3abddab0eaf'),
	(1052,'509b3da24dc121913d85f53fe6b16c07362e916e456eaa7e99846973e5edb96e'),
	(1274,'50add42659221a07c682cd389c2fc72318d21552625f63d4497d13d8a9ccde3d'),
	(1710,'50bec3c1316be802c8cf7c00db1bf2cc29757681d90f94376a686d71d1072be0'),
	(943,'51043ed281232b66e24ac1da9e890145f11ca11d7ccf0d87a7b7001cd48a267c'),
	(621,'5116cf0152185fa15872dfcb63d8c6b82984ac2befeee71a0ed24c9613ad9ae0'),
	(1705,'511ae8204ca2e4f57316f72194e2bb3e6feffdb29d117c81f152de88964f725f'),
	(187,'5195636627050ef321e3bd5a14645c9fecd31030299cb7362bd9c56de1bf0f4a'),
	(454,'521155d0a7308ddf25dc2b6b7bffbb3fdb3a25265ae3a4b731466ab29c2d958a'),
	(1558,'5211cb9a033b415333b21107ef6baa4b9e88508bc1b1805fa1e22242d2db2f82'),
	(271,'521aa735f35d57903c7505a304e39f03982709681822fca6f4a281b31aa264df'),
	(1318,'523a03301e07ce3f1331188410424f3eaca768291cda8c9f46bbb60fa8b50144'),
	(497,'523e96a5161bf32f18bc5f09cf6faedfab695a99dbdb2a555e744ddeea5e294f'),
	(1450,'525d5107b51bf1e5187a57e702259a9783813b320de26735b1cc52d0e420e188'),
	(1380,'525ffb4ed90647adc61d76e72bdddad41f8bae380c0ceaf14d8d98f798398bd9'),
	(1844,'5288c11d45b0d46d2ab40011cf1c4682ca30ac9fdf48a2c2ba931e01cd8ee693'),
	(215,'52bc7601249b36d5ea2738f930cd7d057ae81d4b197f5754fec89ad77b216393'),
	(31,'52d4761152f25fe99d9b43ff5c285be6f910d4adbb254ba7cd6f70c8aaac4513'),
	(1926,'53053ba07f76f550e2fd9b723d140cc6e73e0c11f273fee7e7eb0314737a3ca7'),
	(807,'53306a9df2c69b8237661129b5066c1e61f77948dfbbd54c0fb6cea1e5f73642'),
	(573,'53381204c4348eb658b752b8fffe2d8b31067af031d3f1b58c203d5cce8c0d02'),
	(10,'5383b2080f32603deba7e26420a3990508ca87d920b6f1a7fe68fcb7d3c7ad18'),
	(1839,'53919cb504d3dc131eb6ed2d4f6efb5b1c005ef69d5cdf587efebd665c10f1b0'),
	(1707,'53ac0a7041a647b23e33332176d80c69ba90e6dc2687a4dc617adc68e013d188'),
	(13,'53b1e1d72e4d8da4509053f6de6020c7dcccc399dae8900292192933047cb978'),
	(1736,'53b3ab61b4a27ab4ae8c7186e8c2951d0c0fbbcd99bf2ed7ed3cb2dcf07f37ca'),
	(1855,'53bec479c7baa7c69b25396395931c5a6815e900fdecb74a2b5a602a3ae54695'),
	(1366,'541efa69c94446afdecf47aa885b4c502c178843fa5b5628809e5b09e8d9859a'),
	(1181,'54222c7705450d715995776d129bce77d533dc639b41bb04335a372e45cc9ebd'),
	(419,'54425375af59721e3bfdfc90b01b4ea6a763661148eeae468b9bdaac0334290f'),
	(206,'5461c3ddb5e3595f905463d2ca8b800d87191627d9764b3ab97fb57b12b13b85'),
	(1665,'549ede66ffb04fcff97625eee5a255ca00e22c8a9ef8bed912ff5b490a0c89bd'),
	(760,'54c72f9799f3290d0b0e7a92da1a0ebc84e0750aa39080ad8214e80b6ff188ae'),
	(336,'5550c2f1ac4c0a946c6e97c436193fc8279d07e77dc9d3f324ad4aa69d2b4342'),
	(1305,'55564475dbb0c5c8e8ad6c5b834ad5efdefd315fa2704b71467901efe81cf838'),
	(1513,'558807a315f30e6ad349d989389778df48b616fce1a2ac9f7e7a91166f31cb48'),
	(788,'5621ff2dd774c0f9b68d10f98b4badccf38d10294c61d0d82baab0b5d3b14cf2'),
	(149,'56304be3eb77e8558e61ad002f5c4af1818e807ceffeb9b4982d78e1c2696242'),
	(763,'5630cb94eedef8beedfaefbf2040e43a773fa860dac02f55f4552656d5a34aad'),
	(710,'563f8bc7cc10d0bcf6fa47b555825d57085ea67d12886eb926f8cf4755d06986'),
	(242,'564714ea49f6ff8bdc47cccca9270c175ba248ba580e23706ca69234ef5699be'),
	(550,'564c172dbf6e3825874b4030e6bdfa1c74ea0879b44ed54a1f3bec55b59e2930'),
	(519,'5661eb1072968f07feaffd547ae8fb889fe5236afe27d835a7edece5e3c44305'),
	(281,'56d3a87a0a63e58cffb79390c761650ae7799163348cb29eec756cec9c91d8b8'),
	(1347,'56ee39b858dadea39c05218162507e2f69f2747ecbe735f76b90b22eb1a9ca4d'),
	(287,'5733d317ee0b0112f34de17a02367147158eccd4ee38754e425fe9274eb8520b'),
	(1229,'5742572f00d433fcbc8eed82aafc88dd8954b2d474399f5f5813d9ae09abf7d5'),
	(301,'575e78b524aec5b581856431150841267b2f13ab3f8a5c79b3eaa53222d1c817'),
	(949,'5763337cfbec24eb978bdb3113439c376b6b1d5652d3de1219a4e325d17e802e'),
	(1847,'57a8433b14ac1caf513fe410d279f1700159e50014d085ff3bf60f093361080b'),
	(256,'57b868dd507f78b7879e9396d37b8198b88cd17136cc571f2a4e7fb9401afb62'),
	(1729,'57bb96d9306beede66ef953292a855c18113bcdb702cbe059e4d5102f062abe7'),
	(43,'57c40101f2557ba9199ac010de8fa7d0c32810ad41784fd110234b42d02bad60'),
	(540,'57c8d90d7a3ea186ada69c6790c90dfa5bfafad520c76e949b0bd95480fcae73'),
	(1659,'580e0f75767c800b0c8b3541e2a201b73bf3a54592cd2edb5a642a3b274c7264'),
	(1925,'584750d31ad7a2926a2fcad59a7c207d7e32540a03d3073e94e874d628981756'),
	(1205,'585f4c0b58b2a8117c7410cd003dffe0769c12cfd51c50cde014e03f581f0052'),
	(1444,'586604efcac2da334f9c9d40e8b69f46b6557ea0e69f0d7a093208b35d208630'),
	(1744,'58830f8d4047fd63de8492a9f40f699fa72b4731f0a473886dc399cf956046d1'),
	(891,'5889ba532c19313aa6e9c3718df1102e644bc317cebbfdb32876b19c9fa9a9a9'),
	(468,'588f02855ef8a3cbec1041c9db3dfe761855dc525ab4bd3a07f4794cd96fdff7'),
	(1573,'588f09c06aaa8db500ad408c7a627f80dc75644a8bec2b0d57c52181aa654cfb'),
	(1114,'58c8dc5691e1d93c636253129d16219cf0fffe9aa71a016585b359fd008cf570'),
	(191,'58cea9fe1bcd52b62f7ee17468d85d88dab41f6dac1e1a4c0bc2be3d268f959c'),
	(167,'590087fccb5518a14806f3a589c318830382417070e0698f67372408f8cd00c3'),
	(346,'591c90f64108c0184411716eb13dfe9142af9c344e6e28a9abc23f37e77e4819'),
	(475,'59207daa8c5ea8ce4c5f69bfa9d18b95ba27196b596b16cf7f60f513877d2937'),
	(538,'59625f368fa0cd4938681d5bfe649b340886d1b551bc9545e79f2683b140c875'),
	(40,'596333cc37fb4203865548fa4b8e0544b9527cb1daa05c5c6ab6f76e41627d5e'),
	(76,'598071f065c90e6e4717d0019ca2a9f821f77877f4f0fba7ca42bc0ae03c763d'),
	(1559,'599ae61f8df39bd99b57d3ffec4656550483d95ca5678dbd76fc86e6e6caca1e'),
	(983,'599b61c4b3d870563160f76fee9f23c6200a0bd573a32f39b3c6a0a15ae88395'),
	(726,'59f448cdf29da8c3187314b76f669421bf10e5ca6254749b822d9313033acbad'),
	(1929,'59f507be45ed8d96b223d36d30606995ef87d58372877519bdda9cdddde4f596'),
	(1135,'5a4cae51d43ad1548868de30c28f4a5b322345a9de330df396769cfb3c3d78ff'),
	(1051,'5a66f7cf35bd855847569ee4ebaf77e26dd52f594c04654c9768b1397a4cb607'),
	(1723,'5a7d09cd0c363e0dfcad989b296f6d61f2cadfbdba1639c6e812df6758dddb31'),
	(993,'5a85373082e61e29f5749f8bef72c884e44f0adf5fb3906a1435346a97c0d278'),
	(453,'5ae52405dd16054606c77a65bd1c487faabd55070aab4a7023e16dcddcb5d2a9'),
	(1002,'5ae7b13db6c55222b99a17ae103d251c43aa28a7ddce6327026a3bc5392fa8e0'),
	(1284,'5b3f689afd575dd7f2811dec15c1b72cccf911be3466f80803328b4d6fb4332c'),
	(494,'5b905f33ea1fec5125b3bfc44bbc590a0e764ce2004fa9d47d7a1bab9cd4cdfc'),
	(316,'5bd6460d20d195b573282f92ed8b54877ad767306d014afd0a6a2b5600ecc433'),
	(223,'5c91db397688070826db2ea54608d15d4271080beedbdc7f5571f423827820e7'),
	(1672,'5cbeb43d8d066f5852265c1c75e527b3f2ac95d91ca319a0d64f696f8c899e86'),
	(831,'5cc1f4175ad718774fc616a1881908e4591e66ef9e7824d59efbbd3b5edf548d'),
	(1139,'5ce59bec5f94dd69a1cabeb5a7b24114eef63f7b02098f9200960133a1260573'),
	(623,'5cfd4edf9d940b4c1a0e7245aa69d75ef2daeb4e18bc01066ed920c4068ab683'),
	(414,'5d0b20e6dbcb7bd8d4540715f2e506849600027392bed02a28f91f2714e231cd'),
	(423,'5d2066612764e3fed165c316c29178addf1e123919ff6a4f00490d822755954c'),
	(297,'5d21028e98b2fe44f16897aa08363e9707d235dcc6b1d727a6e94acfdc02f202'),
	(1207,'5d28e3b3c293f506681e37683648e65decc5e8856170a6aa24ebd29f4efa8684'),
	(667,'5d64599bef2783a1a0f5dd47ab040715263f6967815e08532dbff4c56b55d73b'),
	(1725,'5d65b92423f53d907354e9f8ad0ef0408869db9281a39199696b699baf3dad9e'),
	(1235,'5d78f24e56dd8e95e036c1f411c81130431d44af4106996fe2fa75f43401c50b'),
	(780,'5daeac87da7d4ce1fab152cf10252cef43459a8ee5e5ded8b4d3c1e572b308d7'),
	(576,'5dd84a19524d94678e4096c99dd4438e23c6a3b6744b15524a6ecacbf59459fb'),
	(1877,'5de0d4e5aee500443576ead784e9703afbf1cfb85a09482191b82dd7599d7241'),
	(1338,'5de324602e2f0c153ffa34167d66af60edcc70299da775520123b04a3b1075b0'),
	(1586,'5deb9ec7f7a2847abd42db2cdbda3cf99f476763dd3c9af2348341956e1449be'),
	(1756,'5e0148c9bf596f5ea53ebe40fdd7ba3dddd17c8b1331f98ea9ebb6f9b61e5cac'),
	(1458,'5e2dffec9383e5aca15a614ee3a7e60de171251309fdcb65f4b6719c621177e7'),
	(1643,'5e482010c518e7e95a93c58140090d4ad994a87d9cf62d73188348ce88e19846'),
	(1178,'5e4c6bbe6ee9b70009536afae51dd8754199d6f924cfee1f24482c72a0ab9bdc'),
	(1092,'5e7f5958e32c53daa2e11f3569683d338334c55107675389d34f7442f884695a'),
	(1169,'5e85e408cde9ca802a10c633cf22fc8a5aaade8e185e43684ad3ad0cff944c8e'),
	(1740,'5eba00c12f360d2b3930827b9dff8fa93899fac3fb51056fc3d214d128d0981b'),
	(1804,'5f0ee9c10c0d434291f9d457497f2a6bcd20d24106e4627cfa4d91febfa42aa3'),
	(894,'5fa7890dd2d13f4bc81fcb3e790d5202aa02822fcb9aed891d03dd2fc385b069'),
	(156,'5fb47dd4e931fc59165f929bc6ee3efe84c21161cf9adb5abd05f92a6d46b990'),
	(1406,'5febfb4f8f8811f9464531dfe57b9c1f87be7261c443ec95aff92f11dd0f8f25'),
	(1661,'5ffdbed26a43ce5955862f573f08b66eb0f60388139c1a942bb31eac841a4029'),
	(1591,'60166b316c90c9d4aaa7fc30e6509cc08df96c6cb75909395cd8a4b8eaca0f86'),
	(387,'60310aa29a2f8aa71ecaf66e55b8b99847cb931eaf0dcaca1204e7b3de4651ae'),
	(157,'603bb75406d2fa51d2dcbd24ff3da01571cf520ec61726e55ae86b3cb1ef502f'),
	(269,'6048309e3ee2cb3b8801175aa0dc432a369da332d2bb5695e8c431cbe960ce87'),
	(1822,'6049be68e486751d03bb44d08a625f9f00a2c23bdf89b529c518a967ac0963fd'),
	(1292,'605ffca73ac16309980d25166c1620bb4be80dd5f6569cd20d201b50df21cd03'),
	(1890,'606b399f9ad5530fd8f077f4727eebc88bd874ef61211ff5ac62b0528ee93b78'),
	(421,'6071097a1ded726eb0f1a781c892176e538e12dd8b087645564c5ca8ca2f2e35'),
	(289,'608b55a8594baff80cd448ba2ae89328c5ceff4ebfa3d5c0e071aed6d3b2a926'),
	(1163,'6095697139dd48fc90f08abc3d219ec37269d784852841f1c64a5395f03186c8'),
	(913,'60d8a1506a01e30ef64b6cb3dcd0160f660fbd25dfbf207b6147321ca8bc68e7'),
	(1831,'60e4f82ad19f02013eca6e5b2f77e841e28d01ea644f16c982425aede0087213'),
	(370,'612bdbcb02a16c109a7a88f5e369b5f0a467832a8f150af16d391f6887f32ee2'),
	(664,'613a4cd688d3ab4a3390add3d529b98b2627f75f29ce6245c49e193774d20366'),
	(1713,'615240d5bd5dde61c23fbec4537aa141fc3ae37bcb615936311c4d0632c3a52a'),
	(723,'619c20930ed5578bed8104c065d9ebf56a9f6dd17049ccd081278c19032d8fba'),
	(63,'61a0d891c9acb68f394d98d79273292c9fab99c4a7654d2355aba8e7c128b5e7'),
	(558,'61e01a916181d6b6a0bcef56447e5053975fccd5603fdaf734b9ddf6a6e4a16f'),
	(1892,'6215df7c1cae8576d8cabf952ac3adb6c2816b1ed06a299a74faab3de0b93fdc'),
	(1515,'62d1d2c9e7631443000743c444cf02b7536dbb6f3dafbe52d9129ace07a18ebc'),
	(115,'62d419f5555a4362f088a411204f9c2436fd8f844d6eb9a4fa185bce9ab09477'),
	(1496,'631339b3ff0ed135d5ea31187d5fd421f83d2c5cbf01170dc279533439616f51'),
	(1074,'631698eddf383f5985c7c267e3c545450e3cfdd94e74ba86a89f987d4ec97674'),
	(126,'6319147e588ada0c95bdc97cc851a090177776048d39c492a75ac555fe8fba0b'),
	(1466,'6340556513bbf907c22430bd806a5c9018acaafcf11db5eb79d3c2f41624144e'),
	(143,'634148a9a44d3629841c61cc34a0d33feec984d7e9113ee8bc2640a0ee1c5590'),
	(1814,'6366d972d50cdd751f4cd6ecaaac18897807e2cb4758901a664f148bed112172'),
	(193,'636cc7022f6aa40d0563e8f38fb71f07af725a0a7e93ad86d27a19b581c16a96'),
	(73,'6387105261896177ef69ec0698ab447d016b9bd209e32c167e871f8f2cd909b7'),
	(876,'6399cafbc516b2af034a0c0e0eeacc7578dc2ac3149a4086f22b431da045f693'),
	(557,'63af781e9eb28e6c219ace5eece4e2c519cb1c616b839145e967ed2eb6b8608f'),
	(444,'63d80899b8b518a61fbfd501d96246921f1ef2516f62c5dad0f72aca43d39ff8'),
	(93,'63f7d32bb41efb67e71b6609f74785f36b62c8480c32bafbc6b08b64973ddb00'),
	(957,'63f80b343677fe6ac26b34e1cbdb64ff260679cb6957708d963b5ad6adc608df'),
	(1726,'64259db950c5d2a457f74aadfee738a322044279ca9be50463ff31047b763050'),
	(61,'6449b519f13a72aaa9af5cd53c1e358f8d3cd036a3caad4cd85201f8dc84a5f2'),
	(516,'645684b872cc61c57f898ab6b447b2eb7d35e3ea2477549fb375c36360bdbe7b'),
	(1368,'64df306ad37894c0a53fc38b1811fa4103a2fdd27a6018989a14c1d85f45b404'),
	(936,'64ecbe51fd4af6377d0f23bc77baeb700d95a2d483279fd284a343b9ba33b260'),
	(1596,'64ef8784ff53b4ee14d474520a3756ecd6f77a0620de77b9f362bbc8eab59d1f'),
	(1657,'64efdc0c07005096986d5a27fbeafb0f50f49c5f019df8440f2621f54029ecd7'),
	(536,'6501137e04144a5e2ae808bf8b92a3f0abac1cd7e04ba910196b6fd6b3707101'),
	(1128,'651f35b7ded373014d137d71a26f6a6778e64b1c3e305553a5d6382bcbb21ce5'),
	(325,'654cd641fd96facd59cc429af6b23862c4df9cfcbae071527d88ea5b89db8aca'),
	(311,'65579bb98e2ec32eff3df39801171d02788cbe6737d310298bbe58d920bb9653'),
	(45,'6562a1996f32db6733e06b1e8a799719ebf25c7524ee00c8e61e5f926d0aadbf'),
	(1281,'6583642ed7ce3fb066880e59761ef959e0c9ee397ae3e463e60937f6b7ce294e'),
	(719,'658f5386128fa8b58f9c89a110c953ea9e48269765986935054b953ad8c9afc7'),
	(966,'65b88ab092a069592e10ab6a7b4d9c549622115b53751c93d142ed353d255fca'),
	(432,'65e3651baa0b9be920932cb2f019f809a53e003ad0435edba8e3aa76947cd20e'),
	(368,'665f8cd37d856b0f80e85eda5d60a14e163489c579efd956c2ceb2408e9c13ef'),
	(1024,'6668023efb1b4953a5e2276fc84e9abbaa2db3050f648c2efded07ab2d34cc0b'),
	(1093,'6672abe986a73da2676d3d9f55fecb09e6fd93f6290c43ded66596b13c80c6f9'),
	(466,'66a32d47c88115db6c22f700eab5163f3e27ccd28cc3e50219da567790429e18'),
	(852,'66d9a00216fce6f2ebdcffa72e7619dc771c1ea5c38728ebe2ad891a459ec1e0'),
	(42,'66d9ac7ce1a39bd0f35fa4a4b13e70ac3ed7ef49a7cb521fc99c8be8d0973ffc'),
	(1200,'66e7b670ef425b4d0218a6a8d69ea2d2dad188a2858056178688bf7e2e28f315'),
	(1280,'672b07bc206651b714dbd60f1dd6bcce105c3f77e733488a5cbce47853a5f273'),
	(1873,'673b2156ee3e27a619c66bb0b4396548e28d28df0fb949b6afbe8fed9cd43736'),
	(401,'675fdd61a97999262cec892537785beaf79025edd67ed199b390b50db373aba7'),
	(1081,'676fdf43f150a2c3a015c4d0ce1f5a0cb41ca9dc8a55cd6172effcd472f2a4f6'),
	(1056,'67b0521e9b964d68c35c39b6c480fe16dc716e4509e7ee143985db356672719c'),
	(617,'67c685a36b83f00edd4ddea19f2fd8a94761d3315836185663921ff117127a94'),
	(691,'67d406b1695478fa90f44ff84c315933d61717584a634100008ec42ec37bd6ef'),
	(1883,'67dc9b2619dd7b8f5cae89ffc0cd65b264c055f90d64623344a8eb5121e77e6d'),
	(597,'68982615ccf7c87e442480072d0cd20b0f47ee230313dca8293210c59c130372'),
	(844,'68ef18387f84a85f4c6eaec957fa703656518b25269d0aeadcab56f7f7d4fec9'),
	(991,'68f289e4eaa14e9686e9ff69725bbb1d8a7e623bba4bcb395cc414c803f6b388'),
	(1143,'68f613841adf25e906133884d8ca8d15a3bc01c1627d27cae1a85bf5e087819d'),
	(653,'691d6b98157c6fd916a94bf62fa4128827cdfd30ab66073d6d6aa6358b46ca6b'),
	(628,'699265d573f1d5d632fdc6e143011ac2094ca6ab98e4f0c65bfacfdd5a07253e'),
	(835,'69a9d15615389ea99dd2dd471fed25110ac9ad0e238691f154c0517ba3e1b062'),
	(884,'69bc38a5da7808b5e530e982c1ca3e35f2375f08b16933d4cd7123b0fb1cb6c3'),
	(1216,'69e149347e3deb14eec49b7575d3f064d4d9796187c08a6ad0f084e3514181b2'),
	(651,'69f960a9b8f05b561b905a1311397b38d8b48ba0bcfb899e4ef8e211093e6e11'),
	(532,'69fa5a12dd68f5ce0f70503993abb5e231d3942c5f78ebaec68a776d5c4ea5aa'),
	(1438,'6a04c5438c61d0a1c4bee1f3ba3a844061f0118d2e76d02415c4dee63bb4e441'),
	(992,'6a23ee937f814f17eab066386cc3649866dad7ed2fb5e491badf28b8a8fde651'),
	(951,'6a300cc2c72c0ecfeae03e08f922ba9ae3526c6256c5f2b87450ff28ce614a6e'),
	(50,'6a5388ed0f6f70b62b51d46ef632f8c3fcee143deaab8f29571225f32ad0c47c'),
	(1583,'6aa525cffbe1d03bd02577f609b866e74af50abc1a4fcc771834fcd9f38eb693'),
	(481,'6ab3acb32f1872bf6ee4dfbf8317cd49cc73ff59b9734b4a45a967ae450e4783'),
	(979,'6ac80523595b537a4e35f2f40a9f4549f844f3f2d3b5917388b55c390e951ef5'),
	(869,'6aca9186fe6aa3890bfb0a712dcf31498713f9787d716019e38e5beaaa701f3c'),
	(456,'6acf4dc80873c7f6913b0457d02756f564a897d9172269957088dadfe76880a3'),
	(868,'6ad5b8f719713005ecd1c29dd9d7ae8193abf4d2be160c8e0fc0721193539fc7'),
	(1183,'6ad78fc8d301da2441faea7f13a631270597aff6129009f637b26b2ba4520f13'),
	(1843,'6aedf9679f99d3d2e8f2987a4f08439e72334fb508354b0a7c33c4ddcd6a3df3'),
	(1061,'6af6f20da82c91644a77dfd1595aaac77103c0a646c38e360cf0d92add9a82c0'),
	(1748,'6b3f6bd10d43a87ab98e67d5e25593e1bffb76f74294d009a8f079c716d47b18'),
	(1309,'6b4a4d04d341cc6496467ebb86aaae2f267206a6f33d9f87276ab43a81006414'),
	(1019,'6b4b21e43d4c5fd9623ab5de36a197641d225335f6e786ef0ea183d08d220d36'),
	(1915,'6b4beb71f8d67b9538488d0c8c0d385ee7f0095a1ad8ca08ddb19eb94f2040d8'),
	(636,'6b516bbc161c312a6f5e71345bf6cc3a9933645ab8863763a84e9bfb78bb94d1'),
	(1197,'6b9bf9abac203bca0a0f1271889b4950ac978bb1a34034dba831f1de727cbe95'),
	(689,'6ba3419deb1b6f8bdc4c278d6da26a9e066428e1e2777c3f0df94bac13349c84'),
	(1359,'6be9026e0d464b98fbf5629e7f903847b79be7108a483fb07f3561d1e5cb01c9'),
	(1065,'6bf5c809bd2884c7d9d1ff5d96e40e681eb75471c9ccbd0f67eb83895e80b086'),
	(1090,'6bf6594d7bdc32e19eeea86799db9c41b2e8b1b73b530d1d7167ad70bfa33601'),
	(189,'6bfa58451ef854e21c116520f32a28ef44ad280c4277d5928aeb76601bdd8d82'),
	(1397,'6c0ad2e87ff58e5ac6b1c269579fa15254684330a7347a767d90226ca20c4756'),
	(91,'6c22462c9dfa5542b8a11e5b61280448eb53680bea99c4c1e2531918535a829b'),
	(1714,'6c5b8955807143a1a07409172b1782d55c7191ef6499189d3b0a90087a318415'),
	(482,'6c7e6b46464f0cdc704e3049b4d9fb759be98d10580244a876ee75e474c9b76b'),
	(1550,'6ca28aaa40a10de4804f9a19a79696fd4aad67e9c8e854fcec22fa5b2cdb42de'),
	(1070,'6cb1d80c1d39c32147b8b48ec182948fdaa34cf6cf9064cf04bc5c12735f236a'),
	(118,'6cb80b4820c2b4bfa64c8839a02be9fda3d41776be4ef185a283ed5ee05e7ddb'),
	(1858,'6d051a489426508d5623d35384990cd6920b5e74759d24d6c4e00b5d1ecd2f9b'),
	(989,'6d2c6454692579b3e6722f9e0240f213cafdee548682357dd8ce2f0b8f9f9723'),
	(1917,'6dad26e7347869ea62f696ab83dc0180aa497b8e3a9ce2c39cb36cffabbd535d'),
	(920,'6dd780679b1e2b02a5082e2665f343d215812ed0fd0a89c5e0a8c98737cb2e29'),
	(1797,'6dd8711919e52c8621843853678b13794dd68b70593a7461d140640dcf7e229f'),
	(905,'6df1b70cd24732525d895389bb30d6b5576e4469dc339196ffaf952213e4b4d2'),
	(416,'6e4b06e0f0a1efb16e5ac9bef7367e455772ff8359c849b8f8950f4b7b8e1fb5'),
	(1827,'6e53e3b3e7caef26aa62d51e8dd57b28408d9851e78f1f2a0bfa98a9418006e3'),
	(417,'6e59ac007a42002641cf0f58edb1ebd12787ddd07122132d01f3e2d5dc7611b6'),
	(1057,'6e5eb4acc6be36b0833b3a0063f32fdc5fc015bb017643e2b2a760d0adb0386e'),
	(1099,'6e6fc0b6cba3993cef1df7e86a04585de415dd971d1c04e67b471e3fe1e301e1'),
	(506,'6e938f4bdd267f4c345f1e3db1cad409269a758a0ff1a2f2442c7601891eca49'),
	(1407,'6e9de74e7eb58915dab8f59f2b492bdde839088b6bdb6776e5f25fdc18d73312'),
	(1939,'6eef09cd86fe9db5d8125dab5934bbc0b94066ee8690c0f49ebddf86b7931ad4'),
	(1031,'6efa9c6c8de48a511e5a1a28d479412342b50b04d48b30fc83df3788fa9af9ab'),
	(1590,'6f34623b971418c268fd5354a73e35bd1d151671d4ed7b4faa067aa600b1b44f'),
	(211,'6f503c70c251bdf89467bababac5f2a0ed830f3ee035388670011f8ece7e1e9b'),
	(514,'6fce43b9b4deed246f180e0bf56c135a2c2408d57db36f0248aecf0aa3a695d9'),
	(1015,'7010ef3a1255674e61026b3520c84f66954ed5ebcf434c4a5558784bb21c32a8'),
	(661,'703e398f28dd7fe71dd407f52755bef95280ff10d1771161d6b2db5ab21f2eb0'),
	(309,'7086227653cc3ab4e8b51143f01cdab041d7f4ecc49b2ff3258726264dbf393f'),
	(1164,'7086abd3954de6b4fe25916ab866be345efc4bd8a10cdd018b3b188d2abd9cb6'),
	(450,'70b6e94b70b3f22b9466a2d624afc49e429a443652b48dc84ae8c5bd69c47014'),
	(317,'70c0cbded2f7e6d1eb14dde3221ab9d7738d48c9df8b364f6bf37cdb3710f544'),
	(1628,'70c7a48408017590dcff652ff83a75219ce2cfc47263e788a4523391f7a63c1c'),
	(767,'70e94cb8fae816aead79269ed02f7e0a124f0a8abec184a28d6d1beb05e0b575'),
	(1004,'710ef83ef8797bbfca932d36a4a66f3c94d1126b521996cab482dc64ea8b8a85'),
	(1764,'715f6c798e9c0adb0d4fcea9baa8e6510bbf5c3097949efb84904820e68b717a'),
	(188,'716a33e554040153021b40df1b0cddc46d3780b6bcf178e4f19e1b9137f571ec'),
	(332,'7198e506b4f592ccab2930f95ea3ff0b165c7057094fbde4fb86d2c657205f10'),
	(994,'71b40c6b657a8c5e8708c5c65772f41bde69c9ed6ec2eab6c20d4439479a71bf'),
	(1752,'7225d29b604884219c2b8e4b1501d86107b55984654b86c39ff379247c24b9fa'),
	(1491,'726e2238c5497b02273d317a78a06c76af35061ff369fd72f3069d024d573fa7'),
	(948,'727d4f772811a2edec597d9120ee4bb2f444958dfca527bf25bb5b8639fe955b'),
	(151,'72ae86171a76dd151152d7f64077eef86cad922a78a37fee4738fa4d2b19f03d'),
	(1519,'72b0c7400efe489a6659a02bdada1d8183f1f7c7785ecc32813bbfc3a31a1370'),
	(1785,'72b34658479530dca58e6f7481209f9cf5ace1d0544511e83be5498016fdfd09'),
	(1306,'72c28d3b044f8e8733a3134b3b7f3f95d57bc39cd5aa7a5c5aa54615e9ed9d65'),
	(1459,'72d448b1ec9742a932ed17ff5705c342d2ee33bdf58e54989d39401f09c92872'),
	(1664,'72d6389c9f5c1d653e2818a779e74c1ec52227a5e81bd0660886f7095c951430'),
	(1346,'730b7cc252e9e967107ebf481b02ec186809fe1e97f0d033c09a4f9ac5db5434'),
	(171,'73151fc31314f9ea78dfceff6c2ba4712ec178754b99874c03deecc8343230bc'),
	(694,'733fa6ca91e34fbf2c37ba81ac8d42821673b47f09415c4dd85efe4904ca3df8'),
	(1107,'736a2051a05fd3758e82478426609f0c278ed0a4eb35ccaa6393a1655dc0ecbc'),
	(515,'7376697e594533834111c5847b4ecaa1df5075fb426e8d0829fc7b20d259bd79'),
	(985,'73835b9b7e893d29b3e23a214a8b5747444aabe7f3091422bf6cd5bb60871154'),
	(975,'73ae78fa8daa2149480cd0f774a36f7bac426dc0bf584f95d9678368cb3fa059'),
	(1043,'73afb8168bd81b3696f4c47f442eb6d868eb3ed2e291692a3afe3dbe09b4b466'),
	(1126,'73c63966cb83e96b6c0aa75f01955577cdd91856d8f09205043140c9f26a9b9f'),
	(1311,'73c973eb8a38b4c70882d3165a9b3101e08c2b16338002cc3ded0d594f5a6142'),
	(1084,'73e0c1f69ade4f8927e209199a9b38af545f8ca807559de2173638646c18029f'),
	(430,'7496e7216a60b9004e73cce516c9df8d99effef91a68ecb76be30e068f274b66'),
	(1841,'74a7f4f5dd53f9309a5c04fe2ef104b5b082740edf6ed59ecf0813a0841d94e1'),
	(1391,'74afe697c84f1bd4ae70386399ef4fb6ccd90f4ec8df35e8ba93d010fafe0f59'),
	(1634,'74c43311ed15144c6a1fe2501cc3857a09fd2ba0fb1e0683e18b07fb1e03e7e4'),
	(528,'74d4b2cbe5ca286abdc211521be151e52b6be5a21ad43fcb945b23fa000f18c0'),
	(459,'74d6f2f63936ed681fb26d6e296b4458ee76d2f17217cad2dc0c22061adaade2'),
	(525,'74fad2a8aafc0365a7e93b232e5659a5698f141a6c6fac80c101be238018cd35'),
	(25,'7508595ec8d47ba78722cb48985dc40cd012c58829c77399627bb4f171fceeae'),
	(1267,'750f8224e51f492c388249f3d72aa46c936b043e570c3788d221648e491421b9'),
	(4,'7514214d085085c99b7ce5213002f8f67477e892278d160d48bd8c7169ab5798'),
	(647,'7556f86849286ba26f3dc06b42121addc3f37804c3a198bbb0e25e6016230140'),
	(20,'756453c460d93e813c8fc4efc32a6071f4a5b2eade22b85a1073d67890546e3e'),
	(1130,'75a1a6be46845f027090be9a4910a9eff3d1a74fee529b813309ff8ea211607c'),
	(1343,'75a7e2c9db278827e5983fd970550513a58f60565cd95b72cd27f7baec47142d'),
	(1488,'75b20d18f9d335a2615b8eb933ca9f5e448849a4f8cce17c9902bdb970de40fe'),
	(1389,'75b4f8de658b30167810417a7010873c26671f0f2dd0f9b329437f27de2b5ffb'),
	(504,'75e414595244ca78577f763238266f2ec7f71d6bfce0d5101487f5fd3a1448a3'),
	(249,'75e4755f19daf50f32a65a6da151f5ec01e5b1ec2cd83307932d3258b8b13761'),
	(1119,'75fe9f22e919c5915ab3e35ffdd994dcf51d93e05b2f22bab449e7b76199fa62'),
	(47,'7627168b6b4a3e2fc1942e8227ba3a90cf2672a019917a918118ef8fa153cde9'),
	(1502,'7630f773a9a9fa875b37aba53db0bca67a552d212853fd49715413ba991f09e3'),
	(1041,'7632059f47750e8c8900e7e6d235c3a43fe06088f661951e5c67c444a311b575'),
	(1067,'7644ede595e87c9ff8623588d8b773a226178c6867507bf11c5b746a8dfa8d16'),
	(1155,'7660f2173b1c63d831c1ca9ab3abd8d74f415ccd76ceb78189759b7d314fbb36'),
	(700,'7662c6ab78977580f7edf0d025da2800dbfb48e21fed25fcd11c8311c100371a'),
	(160,'769ca992aa1383ff28d489f38ba16b09b11016cf171cb4b4eb7be59e008810bb'),
	(717,'76aa2d060b349d09cea586ec6881fce1a78d4fce4c86afbde1a623c8a8766d74'),
	(1301,'76bab0cd1f3918f84c95a1e1e63c24eca919e3888ea953f1c474b47854638d94'),
	(1779,'76dac0e0121a213a7d378dee3949fe0e91605cff660ea8573fe5c747b4f97bae'),
	(400,'772daeb2dab0697749a07989642b52a4c390c7d7ecf6fb7edb30ad7770de02f2'),
	(1048,'7734fe9c22d8a847f3ba865ce6767910740e0edb9e02ad1c651d8985ff4208a0'),
	(578,'77567c2497df2beed4b2ba565fa43e6b2e0f114f923f1cf808b2fc72e736d654'),
	(447,'77627a85f4b42ee0e89a4df8df9e29a56f7bd1c770d398370e644fe8de73a815'),
	(1790,'776d6efce00b8779c9824c90f30f466a597b865ecb20d15e93ca784a691a00e2'),
	(724,'776e5392f5c4901ddcafa79fac292f4c933582c37ba4db84be45fa7fe6d58b8e'),
	(428,'776f1cd61f471fc1ec6466f021b708792a50edc493d5ee1f5fb6f10e948da13e'),
	(1760,'7787faa555cc87ac4d3a7e8a370129a9af64c5707b9b0f679942d45fb60062bd'),
	(826,'77a3099f41a9b10f8f15b8b9d50e2f3ac77132656ee739b5648b7dd18c7fbaa1'),
	(546,'77cdd5676eebd1ab79b7ccbf2e60c69e6760b42bb957fd8ee41c2e0f32649232'),
	(938,'780582c0726f1411b63adf98e774f51bf8de90a65005325cbf67fbf5640298ff'),
	(1819,'780daf57b2cc1768e492173fd9cbe56d363bad15cae98403238545563da13760'),
	(1315,'781bec27095471838a2b4e9a5df85f3be68d20a3afcbaab69b29deb73c13e091'),
	(612,'782a0a9a3dca5cb2f2e7faba48bf4d7a07323703f1d4406112cc1304ffe67fcd'),
	(1094,'78613a1d47ee1d02e9a16c54c252f026161e36367f1c90ae02f72b776c783403'),
	(486,'788197b996a57915b62c8b0a7ca49c29d4946e0d9ea10c47b5e809daeccf48cc'),
	(848,'78a58f5c2adec59fd9c19bd48502d8024f6c6305a1b5bbae081fadfbb019fd1f'),
	(817,'78ab23e1815a9f124b99eecf3d416bbb8643afc966b267d3059d722f4011b953'),
	(746,'78ee3919175a1ba191ae299730caf1463f9e3c5294d327becb23d809d1e1b21c'),
	(1733,'78f3f2ffe11933499bca8aab03117b58513a2c1c869eb8d047a717e19521864f'),
	(1381,'797241fe5a6b77654e3e1d257ec0dd83eab7ad60a831c962d51d6a3ea2a0024c'),
	(67,'798ac9e864bd4f3e2fc92a51f763c63c92e3ff24a481dabbfd02789918e3229e'),
	(41,'79b35c1132d34839f7793cce2ce2317ec0170aaa1892938e5c564ad2ef92ee7c'),
	(1813,'79b5bdb964ea77e67b702ae77a7400a861eaec4b8d6da4f6db61ca1167f972b2'),
	(1910,'79fe4723e3c9034b660378fb265433e8c11e8d4433ec5b2204bdcaac6a3e27c6'),
	(790,'7a24bfd06d7b7fcedd9426a39515f3640fabc8eeb2a370424ae33464bce68601'),
	(860,'7a3178d956f5a993af414bb36cb57c5e95f4e506eb1b2378b1a6260cd0b346bd'),
	(1076,'7a4b3240cb235498dce59efeeefa6455158ebd15a32c2253bda0af3149df529d'),
	(320,'7a73671dd931f52f632ba6e1f0cd3396fa43bbf6a32278479a382b8723be6c23'),
	(205,'7a9040a7a694fb1849652b75e8cc77a55a219210ccba1af3a4a5fa8a72be8877'),
	(602,'7abe9026925922ef5e040e904f6da795e0d2aab32b8b623db3cf41c4303f1848'),
	(485,'7af6b7c46f932e2d2cd4a43b0bad0424f4fd072a2bbd83a6df2f0c04d27321af'),
	(872,'7b1ec6b80576c509bbd1aed247e39dd2ebfd35563c3f774aa1a7578c95dcff23'),
	(604,'7b2238b33dfe078842b7ff8e1e4395a78fe47248d700ce4c4acac8595749ec3f'),
	(1342,'7b60ece39b3dbd172a3b65ad1d58c5558f014ca04cc19bf24e31d3d71f96e4ce'),
	(48,'7c5f0fea301a6ae9a2209f96c26c9a9793bd543031b8bf55cb7e02685d816707'),
	(839,'7c65f34b546db62c93c26fa74e6780fd5c4bd5b0a2bd7e81d8a6aed9c9f88338'),
	(1257,'7c6bd8cc133290407de3b28826928ef64d9bb09cf25ebb7155d6f09c0de8907c'),
	(995,'7c7c0d1cde564ae7e658b3ec42ecddcd9064fc58fc129e67103113363deff1f5'),
	(1308,'7c837806371584631106b346ba1e1a742edba8edfec942432c48424c808f754c'),
	(213,'7cab082a35d72bbd17be97ec44ea66e2340273b84901135257f4e2d125855e8b'),
	(1600,'7d227bb9594d63ccc6dc9754f701432b155d864cebee67ee9212fbe27073ab39'),
	(1063,'7d4b5dad01915dece0024f4e35354158ddc691079f219d80cfbf319ac0814c05'),
	(1660,'7d808feb64a63a6d558303ae513bca79946f35c14f47939fa67a64b01d13708b'),
	(58,'7db490797e11f05ff209bfe2e352d2f395f2c5791ca7eb12121855d37c24692a'),
	(865,'7df5ea852e517cb9cb25ffa3c65bdc55e620035ff95999180ac78286a951d1f1'),
	(257,'7e0e0d41346425eea915c22c0902e026d9363e356b3bc4ee63b9ec656fc7e24b'),
	(1372,'7e33eb4e20be8c4167b933db67725fb9a5dec192a916d0e0c8e2e3b8cdf73ebe'),
	(1587,'7e33f9f4688832f36a87a02f973dcfd23214b51bd70eec0a0cb23f177e8d1bf9'),
	(1676,'7e66b45f530ed3180d513bbe27ff3f15cfe38824d4d645caa385af135b79dbea'),
	(386,'7eb7f6074aa4bf142227e423916a9f992907eb890060935aec6ab0462d374a2f'),
	(267,'7ec32dcff68c84dc68ddcfbca3ab51f539927013a299394f0da983a50ed0eba4'),
	(1233,'7ec8620a0d614191302d1548a920b27ccaeb054a1464b6574790633546082e13'),
	(800,'7eeaa8c1314a95341f7312258ca08fe4febdf8cf1d0200f5ed7f6adac0811c13'),
	(1038,'7f33cd12d89f821590259f081368d6d8b0926e9fa21d66f77057e27d8aaa211c'),
	(1166,'7f96299485df12be761b65757300d3700719768e80213a4720631c3670f78a25'),
	(1260,'7fa5aee5dff921a95ec18ba16d3c0576b8d68c93e71b27224199bb95e7cb2199'),
	(406,'7ff4cd040026dbd3a5644ca50a997de4187d14015226365ce29cdbc34fbd6f73'),
	(113,'8005c03d8453dd5ca42c82fd1072d658dd32c5e6f28ae49b68eeb1436ad4175f'),
	(59,'801be5b1c85159053f9f3e8ae45c0f839c4b78e4b6301bf28ebfec059273a0b6'),
	(70,'805cad9118a31dfb35e74e8dbed582087c3943f51c218479ad8b0a36182d78f2'),
	(662,'80a249fba773d782ed841e3ca9fddc5952fb58f0a9c85eb67a43682583316129'),
	(1881,'80fee8940fab165bb3314a53c27f435fe38f99e6f3be7cd84b036c93f33fb476'),
	(134,'81003a37061a0134c1978c06da61e63a2e76f359e8146f8b6da8f0d27cbb7fc1'),
	(1568,'8113e2e7a55d53c10e103d9b1fa6c3bf9d1127e63a90e461e46865708819a45b'),
	(1546,'811636e3d905d441bfbc5099ccf741ed99e268139d27640de2c108efbcdcd87a'),
	(1940,'81584b938bdc27210ebb5c94d15cec1dd7ba86aaf7d3b66acc08f740c8fa873b'),
	(348,'81760741a425abfc15d3fd85495f3fb3213542ae6213b2dccfb69020eec3e403'),
	(1273,'817b453df266b3e85e2c28563b6ad86065b866f59654549d34f06047c9f9d745'),
	(892,'818d1d10bc0c9fed73a7c350a7e4f39ae4f732acf75f013aacb5c87529017473'),
	(1471,'81c3b95ed72fdb8a8e53ebf4eca9edf8a847f595876ea36cf2b5b183879f5bf9'),
	(254,'81d60ae82e5e184378dd3edc42c2789dc35fac376517abdaaf865882a36bc6bc'),
	(106,'81f4078ba133714e4f817c7cc5d9774c1237c73c3f6ef75b563fd7f55c506933'),
	(1866,'8204afb506a80964d4d9001c08d9e4975be98a39ebe1b29918b47c981c7eccff'),
	(1214,'821b3e95d1b647fd141f730bd89ea1b3f176069b2624bb5c16f4901ac79a935c'),
	(1377,'82a8632ba837beec07f1b43c4c6f349955faabcb81ea2699995497ac8bc2a58c'),
	(885,'82a9fe4a0c2a0d93b307cbd9bbde0a5e128188c87199c8313d07c379d97426c9'),
	(1071,'82c8d147a1cc25931c4610ef6a93001626ca3fa6868e9b164ec26d5457ba75ef'),
	(1100,'8317e39e3080c3b7e3ef15a70b1f298f671f9623f4d26d0d7186df8c2e5b59e9'),
	(1942,'83595a2d5f718ea085a7eb48cea3e966aeb1abde9b6447273c59654986400e1e'),
	(855,'8364a59733a16d173e326aeab6d5a2310c8b1299ba6491d3c2b3866f42f7819f'),
	(1416,'8373c46dc14e741722f9e9c744a1baac66fb5b05c3a25742e7b2cb84e237c721'),
	(367,'83a0f5e42531aa55438d7a97d7882e57965fa9baaed67de29bf773e5ed96a1b2'),
	(1555,'83a2fb8a386bb57f3091bbb8806e8af699f28f72243df125e063a27880ed299a'),
	(467,'83cca6cbb7cb516be093621ee2b87648bd5ec3043d51d0cbf48f8421d4ca6c31'),
	(204,'83cedea5f9be7f23601743b653eecd7626d6a620881c9762c18920a76206e7c5'),
	(1517,'83d0f70000056fb9c34d55ac03baad66d5b96b49db723610be80c2049a2cd071'),
	(338,'83e79e628271dfbf9d4c1dbe0ba17fca2edf172243f88801b9f537107b5a1078'),
	(413,'842a3e11e19a6b4929bdcb123c2e19cc5d0dadfe515b839aba66ba118a9a646e'),
	(1018,'842ae28d04463de4ca6bf38ef391122674732232d8b06a031acbb29b944f6e81'),
	(96,'843b3ceb94e57e4b1b7533c4a7d43dce3dc12108a3067691d15744452bbe11c3'),
	(1735,'844742ca02e097284e5c191d4401f8947d66829de37417cf2bd74e71890cfcf5'),
	(564,'846a0ffd990cd9a0aca86c6b04cf89ce84473e222734ccced6eba3e392c009ce'),
	(598,'8495a2d74a643127d7ec10774f6e3708f79b0d8c907b39c4001d6cf7bc92948a'),
	(1172,'84a1fb1b66f3cf369fe8dc1f633612a893c4854f81171013701fc7a5512acbff'),
	(927,'84cce4bd2ac3e5e0a91083bbc624b8a89e6e14f2cf9d50c3b78256446e9bc903'),
	(801,'84cd7782ae96341ec9dafb42b278bc3590699fd329ce435548e16cb0c032cf91'),
	(1796,'84cf09bf8b1c4ed16bc596d69f15d4450805af600f0b25fc4eeefa9b28f6496a'),
	(672,'84d9109da48b52b9097669a73994bc31adfdc6b2e14a22b22c6b87c15e0171ef'),
	(275,'84fa58f5b485994ce95fe0e4545c05693ee3d8f747f96321bf22d9487a04a4b0'),
	(268,'85001059be6827e7debb8b253deec09ffae8ef22b033b95b1df54b6d26dceac2'),
	(681,'851a2395dfaabf39fe3e0a7355eab5aef7ac37e6b29282aaf14f6f57519d53d4'),
	(1299,'851cbe46a96718ff691dd159701636e7abef16b0880ab3a13cbd411781a5f6b7'),
	(1125,'852a57068d0fc7f3129110646e9aaa06d3d497964374bdf401cd171c9f986031'),
	(874,'856a8cc236e7047bbd21fe449fa22883413d1c58376cf4fffbb65a77f78116bf'),
	(1597,'8573a912b83069ab382fd7dc87043c3f83cd56c168e95d8f410fa0f088633feb'),
	(1907,'85a99e35160520a5b39952cd9df46a2d56f69c61c619f4fc7e936c0fc7418529'),
	(1473,'85fd57ea778d77dbbeaf3679b7165d1a1cd29758f24052cfc43e9f37b14d49de'),
	(457,'85fdc329f0dbad99b965143043b1ef36cf46c22cd2feaa4a0ff96cc5683319e8'),
	(412,'8627384809739b3c966ad4dbe0df0a9f3500eff98db1bce40ef0d3a5483ddb79'),
	(1778,'86396bb3c0a7486998e1f1151a9d582cbd144bf0f77098c14af0cef95ea1c136'),
	(1340,'86819f4197eae3622ce6b8d6c87d153023cc41e36b627a50c7425970b8456e1c'),
	(1202,'868b1419b3e7627c51760b57833ebcdd36e1bf6f967b68f1dfbbb4154c0a0f51'),
	(954,'868cb3b1d29393f97b266c6748c733b54f3d399ab1a0fbf565a58a6896083a87'),
	(1469,'86a119b9d9d963626de8c5ad564bbcc909abee5dc3fddb60d05af51999548c62'),
	(725,'8702ba97832d0c5d4e0b50437dd2990f1b1c59fb11cda5101fde75df85f2f3ec'),
	(1795,'8703a16134894706425d5b686192cabfabfa6bbe55b1c8fd30b7adc63bb4cfbb'),
	(168,'8776754c1fbcb49fa183da598b2112b54fe66139296a850080c25469cbc28759'),
	(1141,'87832ec6dce6743f8aad5f6e09c23eb7687c09023afc83f192f20be8b787f155'),
	(845,'87e1aee7e10abf39972307f11c8c646bc7f2134adb0886cf7fb70559ac37f0de'),
	(924,'87fe8b8f27ef5cc7075540e49fac8ab33ecd152765cdf190fd9624f5d36594b2'),
	(15,'88411d2a3ac39b7483543eead5cd5c36f929a0a7cee48796786cd0541c1b79ce'),
	(728,'8844fbeb4317b531d7ede8d06f50e502c2dd69945e38a7025d67d007660d8fc0'),
	(534,'8857461d59c111f8d7a301f4972dad4cb129b3f7b2ec695637ab3fde3048999b'),
	(1390,'885929330fcf7b1fc5533110aafa7677196e6dab045b9b3b4d90b3e19eb314cf'),
	(1571,'886834de556f8b7341b9abcedd224d3bcdb4e693b4199c6038a4fdb1b9f38db2'),
	(1653,'888b67ee04e18d26f33c38aadea05779a3f347a23ad371b3d30d8ad61ab80fe9'),
	(1516,'88d7108b29c321edec67c24c1d4bf805d9092a8a627578610542554f2c4387cd'),
	(369,'88e9c3dc74398c5a12eb45598ca26b37e7f52e36389a85e52eac95c699cd53ad'),
	(761,'89489aafd8c71ca89000294012839fe845ecfd4bd9ea7dfbfc4d7c57ab80d946'),
	(1495,'894fc5a2445e12ca6ef8a418fea8c354243362024b356eda4fa71f3e7746b2a9'),
	(769,'89673c2456164a2d6d8e000508c169559ff8c7cc44c7a5cff1a4139071445002'),
	(783,'8a1cc8a3a67feb9c4c3108f448358c7cc3474e333ec9917013ec9447119e4bcf'),
	(376,'8a2ffadc486df990addc33281fdc76af9499198fde58c5c6abe65a7081c204ba'),
	(1430,'8a61aba6886070e2e9e4c520ed78e470e2524582a28d7475df2d7def64f7dcd6'),
	(1470,'8a90a6f2b529ea487093e288c0baa3c863fe2be7a20b72bd50c1e0820f9bbe07'),
	(1258,'8a9bbefd8ef7ee65ccb6b25220485916f333c59234cbbe4d9391da23a8ba8899'),
	(1112,'8accdae7106a775f58faa93b9e547aff476b34e016d4c04704e26a1f5d662bb4'),
	(813,'8b1135f6c894b787591410e3f4e5b57e5b53240b034b57a9e3dccee81b3a1ea1'),
	(1246,'8b25f3669b89f615da078a1de24f01fcf6e1655a53c3f2abfdbdbdb1ebb7e34d'),
	(1485,'8b4c60e6374b6f72012c45f1e30c4a3c6fda7bfa9986c4a0108170332c2d9141'),
	(1353,'8b79e1c638264bcabacbbd5d2e148552f164c42f7795aebcb0815d1a4224e668'),
	(911,'8b9571ca7d493ecdaff4a36a8df46a4c1de420fd94a05b76ec9b792124a7695a'),
	(1609,'8c42207cc77906de7cfbee869458cd1a48658ab314fcf8f35fe37727f413dbd6'),
	(1330,'8c4dcf6017845e64464fb5c0db04a65369f6245ce9ab7536ccef3c40de70e37c'),
	(1203,'8c69f7a1da4977a71a9323be0fa625cdba416881142ec9cebc08504244ebe029'),
	(929,'8caba45de669a38c86a5a53c3524af32ae1c0d59ee4002c4957c7adcb79137e6'),
	(190,'8cb7a57496df2e6bccceea86653c90498a1d0fd27b7186db35cc3e8f800ddb3d'),
	(730,'8cca49085fb2946ad492571fa5ef054835c6b30aa7e7ec5a85181cdda9c7dfef'),
	(1374,'8cd2938c302ceb0763e1f9b8bbd48d009d5157885f60e7df8217a910e4ceaae6'),
	(248,'8ce66299cb34e3d75d2ced3cf6e6f2923c16c8eb0ad2ab960e3770998e075fc4'),
	(29,'8cf785a23713bfb81d54993f7f662ad18f3d96148ab7e1fc571f55a1b622666c'),
	(250,'8d1a3e95ff94cc9e2726e2f61b81e14c5546c37fbdc21ac381b7fa9d488070c9'),
	(627,'8d2d5e6203f61fc80ec58cb8ff31c25af5cc3a5d448a697dbee5e073a423198b'),
	(703,'8d6bda30ce97fe7a75c3666f4d2bc57868efd6cc4048c54a845b65bd348fe678'),
	(125,'8d71627eceae60a70d752a37fb57c85a2363cf134937d33a973e80b778572afd'),
	(464,'8e07208d78574a4d8ae6e4a17c2bdefd60547e15b452188614fae2a7075b9c52'),
	(373,'8ee465c3c2fed045e0426c7df7876939d03e2cb544b94cb8097dfed16f4e8993'),
	(616,'8f22c0e9cdc95751057fe8dc72336cc48c820fe1ae9ecfec02af5d948ae1f89d'),
	(1446,'8f5bce512c06ef7437d26514e3dfc2ca8d9e7ac8745129c36a81bdb10305dbc3'),
	(901,'8f630d8074d533612111ffa6c766dc618921c4610941f4d770a6d8c439801afe'),
	(745,'8fb48bfe928010475236692fdd8dc22fb750ccf9c82a26d0ba5c727113cd2a1d'),
	(1453,'8fcad33d301f33a53486eb56b77b6bddad6bd25824469473ec4cbc7447f19583'),
	(1421,'900120e8c498b4e219658e8d5d92df23f56a672a607de93f9062d0b0777ec74d'),
	(625,'9004c1c00a97e2944128dafed41a83f6f87a2ccf8dd01b8a06ed4b7757565f05'),
	(100,'9019de082f5c6f3fce3ba090abf0336d5c4d572b53f5fa730be634635e10c3c3'),
	(30,'901dcfe110e05341a9b163e01f544a9d020d3716fcbb731e3627a6f080c8cc41'),
	(298,'9020096c55aaebc8da34e0fb85c365150413719dce1ef30039fdfdc842e8d6ed'),
	(545,'9022205f83176a0dd37c59f1c23e77b4b76455dd59ef7e507cedba1a56f3da37'),
	(1837,'902e8929a3d76c2835f25c82c019ed628cdc46dc3403c0165dcc35fee7d5b36a'),
	(1730,'903dcce06279134cf62cb62c803f114a4bfc7e40cf36144abfee4d421f51c30c'),
	(674,'90bae349307ec08c37614ef3ea67a5f6eeccb112b9e350225b23fce02874d606'),
	(1293,'90f6161bdd17c10dff1ff230d0e9bb3aa91d7823dabd8ddc3e3bb079430e7133'),
	(277,'90fd604b68b16efd150fa70f5eb3cb219429d909ff1576ca6880ad268d9dcfbb'),
	(601,'91316acfd2225088d4bfecbc800538cfec0b3aebd720fbf772b3e266a3f9cd52'),
	(1757,'915d2b19a33059d0299f6592e94f84f1762895bcd1d712ecacc15262d0b56960'),
	(1809,'91afd4d924992b59c313ae1796e1bfd9ab154fafc745029865f34cfa078062d8'),
	(49,'91edb6231698242842ba7611d0c18be7903cc279ca5aff4b9fc91835d15dac40'),
	(300,'92060183a72f70e73cb8506f02379b1d86e90c38688dafb4c65def9e9870eaf4'),
	(1509,'9206c2b5cbbfe58d7026ec0c663e0a117213191dac77f8a5b7b93791e4daff4b'),
	(656,'9219b3af4d9ac41ccce715dfbe880bd2f02ed739e17ca779e9ebf6588774ea08'),
	(1058,'92347a6716c8131d83b0a671b46516ce436ef9d757e6b5bc2c23a7d9716bc60d'),
	(814,'9237c641b317c82c34917080c16e032916dae2ea980981180bff4d0ccc1b0941'),
	(1584,'924602651c79eea61f9e40c16ec877e99c1e796b80e8429ea83a502a483c39bb'),
	(904,'928019148b24c806540d36fe3ea35b013e2a0a15bc6e781d7d0b50642754af07'),
	(79,'9297e802d2097e126dd60e49042cc5112d641a89876ccfbc75e936a9b978d9ab'),
	(173,'92a27a3041e8d5be3cacdc047b4478f74086850e29a8dfdca9c46717ecd87f81'),
	(1763,'92de0a7ab2ec9db3d0546e10d21123477721f6c373438dfd7cc82bbddbaf1040'),
	(1001,'93071ceb9e6eec73cd2e8d9298012ff8952afe279b7343d964bd6d4766ae38b3'),
	(158,'9319e52e43650a192e72d8f63a6d26c6725fd8295411e5a0b1b80bb1c0de61f7'),
	(1455,'9365fa92538784309708d30e4c90781fb729d333c9584222ab4012dc831edf64'),
	(1441,'9379ba73c3ae52bea6b8d2e7de766c4b854b6afb68d0f1ce0d25cf89e3bc373d'),
	(232,'93abeb8457f99f2278e2683ebbdba9e6397be7dcc7c36023eec2eff25de08f76'),
	(1563,'93bfbcee3499e5e917900bebf885bacb5bc7578bff894d9924527c1e5e27041a'),
	(1863,'9405b28ec46be7e3dbf26f07cab1aab7a589e4d82096caaa6449d36a7222bb99'),
	(1539,'9444cc4a6af9e4985d48aaf9d82368e65a5c610c784818f87de292db89e25ada'),
	(942,'9490734b4d2e7f4205819c9b15ab95cf920816c3453677b94336cd7a903bb9b1'),
	(6,'94acf9db3219964307a6f79a2ad74f1b5f96e68d6f97f973f6672fb1ed57f11a'),
	(1806,'94f3cdc8ddcfc9ec3ff9b31735d25162026cea291b95defc644a26da6c13804b'),
	(1103,'94f3d22678fcad7c7fffd78c2a2a032656cd5b9570bcab0f1c07ae9614f56969'),
	(1775,'94f70f2c005300acb04686457435ce389c8992ec3151975081740d5a05035b76'),
	(1768,'94f9262050d732125eadede93033160bdba65d50f24ae0723648b710830a81ca'),
	(1059,'94f9b77c6564343409e092826036fa3fb873848286324f427a2815fa23deadc7'),
	(770,'9515e79e10854eff5d0b1cccfe27f8bfa15066f5a2a9f2a19bba3e574535d63d'),
	(740,'951f38d93c5473d8058418f94f0618117e757e19a303be5cf48d23082045aec2'),
	(1351,'9559472178a0d01bf127f73bbf4e61281e986e92f2500a83c338fea7c6965348'),
	(690,'956933acc9cdaa73ce61c71c6c4b2ce6c491a2f461a9c04780702880d68ceb5f'),
	(1905,'9584998ed414de87bf8b65020dbb9098717d8b7967ae64bc21328547c4823bf3'),
	(1082,'9595b616cb9f715542a9e2ddcdaf5b00268a061b7e36ff4bd3d33665903353f7'),
	(1501,'95cfcea21852cb590295426c5c54420cf3578098878f522c368f5e73ef0b8085'),
	(792,'95f0393eea5a0830a2cfa3b14a9453319fc8a54562a4b803484953cb9fb6c038'),
	(145,'9691426d014f8c08ce2d7f835701098e5d62145932ed56c0462b57031505d06a'),
	(307,'96a59a869381be9e158f48e49ff1e278467bc15086e1e4e8fc5ad62003bf5a43'),
	(541,'96ab5804656805e8907afa6a3b519fdad2340ef728668597541aee89daffc219'),
	(7,'96c2ff1132bb06dc702eb4be02eb1f371bdfa89b953fde2fec35be53bb2a97ab'),
	(218,'96c842eeacbe270d543dd8d08ea407b4982ebe0ad86967453c8d15a4730647b8'),
	(1171,'96cc035c17fac1f94c35fdd596d0c79317be014e3519fb2622aaf9000a9f5077'),
	(1132,'96d30941900f33b61762afc3f468260d834636095439284fb04a43b9df4a0317'),
	(1498,'96dadf11819cd8e582dc39c7ae0b973f07a70404106cef760dc87ad4c876c49d'),
	(1525,'96f8fedc7d512db93e2302158134cb73eed8d708952f56ee0233d581681563ee'),
	(217,'97008a168ee6f49c59fadfef1922a74022f75ba20dd91305253983b71d033dbf'),
	(841,'97019b703f0664d55a92b6fd36095525dcddda4bd227ad89971e95a1b2a53fee'),
	(284,'97106a963ee64c176600236a1ed4570284abccb5c59aeaecf04d3448933b1822'),
	(1865,'97220699c7bcab604631d8fce3fe4716f28f6cdccd281952c3b69f556b3eba53'),
	(1727,'97438ce3122a6eae430fec038f974898864b8b5cb8e5618d84b87d9548ff8977'),
	(1648,'974ad1b0350a4d3e083392858f9ea7f32963df482793f460703d3bbf4f00b0d2'),
	(35,'974f6c0f1e05008e0956c2d4dba9ff0390b2d3804d8ea5fdb9c8cdb72efe8c62'),
	(1830,'975d5da78c47bf1b2ea6eec2e61a0c7542402399b28ffc616d54fc4cd10248b6'),
	(828,'9764330e0a644e12788d100ba4be9fb1bc0a4b8b49f6774cbf72113d8f7dfd5e'),
	(821,'97adfcf248b2950e3368c83238e6462530813ec98f0d38919f1f9f4c193f5548'),
	(1518,'97b23ca3db479a1eaa4b1cf768fc72269af6d355c4126a68975d0b4f6cd3a4d3'),
	(463,'97e7d521bec5ea4fc10a888cbd814773480ab8bdf5a8f39e4183f1f21c6f321d'),
	(1022,'9817fa705ced83b65f6030f8ee448f2a874c0721281f175f103446c697660587'),
	(867,'981eb2f347c71d27c17a2a997ca4fac4a8ac785348f8c585a5041bf81bec5462'),
	(1802,'983f13db0e0fc575c6d5202307f093cbcdd0f61c1cb754917262d12a47a74999'),
	(750,'988b7e0ad47407649594a7440b5a4bcaafefac08c18f89fbce3efaeb945a13ff'),
	(1689,'99502bd62a1b79fe67d979bbdcb408b7b79ae0274fe0c7664cb5795d5fe92ad7'),
	(313,'99643cea86be308a675555607a6694709c608697e50f0683dba9524e619af7d0'),
	(864,'99ca5c09bf6cdf109f3a60d345033f19e874af4f3e32aaf1384e3e7c9f7723ae'),
	(1523,'9a264ed10a0e14f17087285d2fb047d1dda5c102bb7c28ce3527bb47d6e437bd'),
	(443,'9a33a4cd2c4d6b56a0b447098f9fcdefe3d9e5144297f201dce92c63b8ffbc02'),
	(509,'9a3915553c318a1441ca28dfcbdd516a923b486fbde809b8d3c49ed9e804c1c6'),
	(451,'9a3e51204a3b0ed285c5006266d552cea8d44fd0016fc44fcfba00072f1c7eb7'),
	(734,'9a57191e3b606848b885b2d0a11d2f3649748f6fd5d0e93679ad0c8c41641cce'),
	(1941,'9a592791abcabce5314ceb1aab20bccc62f59a3df26bf06b5712fd432a469b97'),
	(542,'9a5a3d1fdbeb450af5e242787ffa72463254a9163f01e7d3183643d2d25f9dfe'),
	(1919,'9a6a51a16e76298c7b27320f2a1c209f47ef32ca02860eba4420d4a116588bad'),
	(551,'9a77a738800fb410f9341311f5b2169a913c505ab1c4f17464542760cad2260c'),
	(663,'9b2df45b9025f79a803739093ecc82979befb44c1c4bf0f87e927f7033d4c062'),
	(225,'9b4ecaa07214fb00f7ef1794496c24e9201c930fdd1b42de523a1188dd49d20a'),
	(580,'9b7f669cf1dd66281a1e4e13838004848640a6d6b7683953cbd601318a187c59'),
	(812,'9b91db642ff5057e713f4d83c1897e7ab771ff7b9d423f6824bcef69dd9a860c'),
	(1629,'9bb9018d538bc9de7ea1dee4d3740a23537d14b4a582946fa94d88eb707197f1'),
	(1040,'9bc16ca8594e1c96a857c685e9a7cb1d2254385081291fc21a497918b832eef2'),
	(104,'9bcb2e178b9b8df7fe5575da9e1c491da1722c95f88c9c419d162696fc48f384'),
	(75,'9bd2507e56034d850c14be890c8357da8d7c7303fbc2e4053bd404e9b41a2606'),
	(988,'9bd5a3683b162735615e65f62d33cfc00fed04ae857eac408c2232b08f59fb7a'),
	(522,'9c4965c4dbf6e6803b38df8da1e65b36bf7539aaf9334d896734330a4a52bbb6'),
	(294,'9c5c9e5fed53fcea5e7b952480926c18fb77bf37faa0291f9f568614aa2b7e08'),
	(768,'9c64ea05400bf41320e912a9840144551e087105010b96c91aea1f701e93c3e6'),
	(1404,'9c6dc06273896b4dcbf2b981c0ab6de8afb6803a5be7bcaa06e6fb8779532edd'),
	(396,'9c90e827c75c0beff7a84a424e7ba1a5dbf6a282bb563ae3766f07458ca65c37'),
	(1431,'9cadc9f9d80f6e38777e478909c4b2fa3927a93fcc1a97dfdcf6fdbc5fb3c0c3'),
	(722,'9cd00df5ebac4977c8ed078e0f686ed1b7f44bcf690e964d4ccdf6c16ed4cc8e'),
	(1422,'9cf7bda0645780848823a002b6fb90a69a83acdc9ea179a7f1b21e21d62c638d'),
	(318,'9cfd96c5c69685d83ddb8fb5cbe88afc5e7ec4d84ae215644d74fb477ea68769'),
	(1619,'9d1165cc2b7a4313526878c2699ce860c3073bc35b24d7dec1c83f01facb4063'),
	(958,'9d457d1d66532d2af2df9373f7f199ffd29d6f9de1ee156c4ff23a7f3d384ad8'),
	(736,'9d57a8bebcdf4a9e7cdf963e7727f7b93b2f74175a155b245be8fb902c20559c'),
	(527,'9d7119df931d6b613e8538badbf8bf994a82b4f6b51a7bdef6203b90a8420c15'),
	(1222,'9db42eaeac15abacdf895cfc7954e0ea56ee2d108a52bd88f618821a8412736c'),
	(1747,'9dd5f7d90cb53ba2da4635e58faca1eafbbaea31fa0ca3582c3eb0f62462a619'),
	(133,'9e059a380e831793dd5fe10bf50dc0ab001cfe23c7e78c379ed091885d4335e3'),
	(1832,'9e1d078cac37a3b20df084f833414ffcd00fe4755d36501d42665c10a37a25bc'),
	(773,'9e20a60b5c3c6348618991bab2f5910c22ca663d9ac57f1f450d380b69e4c232'),
	(692,'9e75789e88176d7714a4d77aabcd9fb2b037953c8fc4ff3448bde1fe987f6957'),
	(303,'9e7671d09099b2049daa3d10a20a380f17e8bb057057761faacb4ba7f5824e9f'),
	(1869,'9e81dccdb5081b7a720b9439905ba357fa7a45c97bd8bceaead9f5e139ffea6a'),
	(321,'9e8797405965ad2971be017b4b1289940cea8d11a7cd0df2712655c3e25668a7'),
	(1692,'9eaf918394bd84cf01e8dc39c6f3e34876b34a8f162b59dc44aece77bab8de96'),
	(328,'9ed20b638a7e1372e9a9371af7c7164169d3927fed970933e56ef73965ead1ef'),
	(1118,'9edeeddd9766105831cb1bae8dea41dbd8d85a745421014739424d9580db53e3'),
	(1860,'9f400f2f36637b26969eef23eeae8164215db1449bb45a3dbb47eff152b17431'),
	(1465,'9f5f5fc7c8375984c6258dacf4c65c836a22a75e0286fab7bbbe006e00a3bade'),
	(89,'9f73bf87493727af6c2329110df98a446ce8d8346e8f1ba1d9f6c2fd7c690df8'),
	(278,'9f808c008567af0111b87ca357a1bc2a841a0be923fdf2143c970b6281447f74'),
	(1247,'9f8a2b989c9ce2562ad8707068aaef758467ebd84ba2275bcb9076357d8eeb32'),
	(500,'9f9be0d46f5e156d07394da9feb660faa56f3b65c3124ff5d0b2c8215413dd3f'),
	(1848,'9fd89d69c5d64bd9bd7d840937c2dc660993de87ebd898f1e78105f01aac2bae'),
	(263,'9fdec3088e294f0f2bcd951d64c16eeb8c1efd6b7a288bbeda44e1f77603cf4b'),
	(1544,'9fdf0bbefe93e7a14ebc6218e342368b812923b7967cccb611015ab30dd2b6b3'),
	(361,'a0131358a1ca0063345ad649837a62a37941d19940a9bb74c7aee45ffe4b8a1c'),
	(409,'a0227acb6d1ff7cd872c411298c77d84948054d0f04ab826081d448fb33bb103'),
	(1023,'a0595bdad2bd50150590c03af65125291b204057cff3712baf141b9ebc017594'),
	(1325,'a0665354545a3cee06e08d5918f368331c8dc184258293087fe689e71eef82e8'),
	(1192,'a07748be93f7bba7b335ac74b33af90be071dc28763309b4f7d363570ef6f119'),
	(1020,'a0b9b98b1ca0b446fef25c2da05a47643265440734866a4f70cbb8caf82b6101'),
	(1106,'a0f4d6d1e66b8f31aeb3d0f4066de5ea1d8db3b5e80cc41bd3a129c2c2ec3c82'),
	(1462,'a0fc5e3d4a0e78049b5815ba833bab55a8495e3eba4f70fc2ec9d9d7f7d1f107'),
	(1400,'a1043a67369859f5972f7b9782e9042f24c78e0b0a2087483583ef7bfe55a03e'),
	(390,'a16162167810995b3f1ba952463257fd3a842105b2fe466e5c21423dcc682c5e'),
	(786,'a17ca7ed947e6583930d0501bff91437cf83339ad2a8c664163ad55ee4b22a90'),
	(120,'a1b91ed9d9f9f2d307d43986e6654585bf4ea9826472aaaa58b23ef6dc13d8d7'),
	(112,'a1bd493b8cd33d047a7de53be88dc34794dd15444e767843772a424777094d7b'),
	(729,'a1c62299154e70813d56b01a26857f1774253ca09202e3977b39932ebbe0663e'),
	(102,'a1f25e25146a0a7448a1e397742a86e3d46cee1c6e923f0e8bc4e952223a337e'),
	(1875,'a217c8246bc012dee73b6483a52bc2154c4e4f01e0bd30b771cc1e044a99d90f'),
	(1670,'a23033dd9c28775b919cd36a0f183e237560928bf3f356360ab0d87efc6ebc37'),
	(465,'a27d0a36251b235cba909bfc11e0a19bfd9cfcc664e0965d90fe872894394aed'),
	(567,'a288b0bed08a64f8e0462a11c88abaf3d457483ee89463591ff84060fdfa22e9'),
	(1323,'a2ca2eefe0ae38f8ab1b47a605519a58dd63ecfca72edb3c2ae678aff2a7c797'),
	(1532,'a3c441988bf1d469d2bc90da0ee6a6790a64a8ac6398b8ba3afd328a5f4e02cc'),
	(436,'a3dd01d6250e899c278513476c05fc3d4db74dbabcacc42af1423e9bfedc3a34'),
	(1701,'a3e1c3076914b1819bbb7801ba9a24151bbf8ad2b9660f886805df734f039386'),
	(180,'a3f21f018141efc743365b327c21fe2358813de81528c3ca5ebd95682a943c89'),
	(1147,'a427d546c4d049d469cb4da53a475944dc248440c2ecf6dc6a9c9f510dfa0894'),
	(779,'a450cd04280b447bb55c162d2500db06d3cf8b4a195688c4f368c4be7c3ea392'),
	(201,'a456b9e8d1e8a908a70d72c12188a3e5d26899443fd5a0b1d991d665f7e5d4d8'),
	(554,'a47d91005539ab2d7d3a79defcdf3381726c6342153f55d2f405e01ecbd93198'),
	(17,'a490cc8d44ed6ef126e98a0c4afcabc715ca10ae209e79f320287c7380853f57'),
	(54,'a4a68b68224bc03c593db9c7f007bdd4d0a2f031188b429459eb790dcc43523d'),
	(344,'a4c9a49b41136c5f5dcfaac537e11a6c4528f52bbc7e13279c237ca73bf9e5ad'),
	(1075,'a4d6aa23d82f5e7cf2106b133452afd59b2e5a559f9928eedaf42b6fe6449f5f'),
	(198,'a4da3d8239512166ccf53425e43b656a0118ecbb63a1112e341382790218a158'),
	(1079,'a4de22a89183b3213bdd2f94c259c5113ef909dd11a3d49ba7598ac767bf3d9c'),
	(570,'a4e92803f361e54d16705ffba903b5a9800b36433b1ce41ff169f6a1938c5db5'),
	(1047,'a506b0c7c7a90696f6f95ddf9c648729a1a32572ff9ae33a9e0c08ce4118f49a'),
	(796,'a51c68f94b9a44e82f6d63427703d9f726f094a07ef42ab86600972ede2cd552'),
	(749,'a54f1415192cbb9139e685df7130c0d685094e79ff02b5b1bd655088a7aefa06'),
	(1077,'a56c0309ccff8a6fceaa4efe48fcba65646112c0797ee3484551aab794a7e6f4'),
	(260,'a57eafc928b8d70373eb24a7eea15eb6175888be7c2e9aed53c6348324f5f832'),
	(238,'a5a4fa0cd899a2ef721716549983f04131ff98e4a5619abceea2879b9248e8c9'),
	(799,'a5c8c12e56f133e9322284bdbbfaa63f97189434a71d905d76051f9d2a7c9bce'),
	(933,'a5ff50acf1367d0409bf77f94478a7d4b573cbbda5ad179589f969d7c223f9fe'),
	(594,'a63edc686929bf4180e27668a3ba040a71f4fedb094e02ee12b01f547e1c913d'),
	(1678,'a66162b32ef66f12e670f96a8c4b6da557d31bbf904bfb85a7a52546988d43e8'),
	(960,'a66b222792b8305e795108d86a81559d956bb0e78971496d8572b805b112151f'),
	(613,'a66c59b06e69f52182014c3a2754a08485324ef9c19149f9d9fad08bc386ad38'),
	(1791,'a6da1af26608dedd73946bf2fa06ad6621211d75e69fd5f62d0d6934298bcb73'),
	(16,'a6fd52af2f64edf03b2068a571786ba6c7fce5edac296fbd1f53a015a93cfbc5'),
	(1575,'a725fb541a524268f9f50409b03df655fdc4ccbf21ad5bf19e401308c00e4f2d'),
	(629,'a7431edfc05961da8e51deb8dea332112053b305a862af75239dfdb5f30fc991'),
	(1291,'a758c6001b4e6e0d50af0cff2e47ace70cac725256cd80a73e1a8cdb8ad98721'),
	(1617,'a7623c3f177a8136470b587b93a1acc1cb7b7fd525eec53e387773d198234d76'),
	(1490,'a78ec93710cb1edcea70aef378cb7dca2949eb9aecabb35f4e091494d41b9821'),
	(880,'a7a6cfedb69bb217e84c812a37e15c70cbb8a6f22e132561a87c657edf1fe60d'),
	(216,'a7bab3b8a504ab94ca6bfcf79851e5058b53ac6844c907481cf156d1d22ddbd6'),
	(1227,'a7d7a3e10d06a9187ffd3a0b0ed3c4e1e431a03b8985f50466ba60adbd462f49'),
	(1105,'a7dda28e434236e0033ad2d27e742f4498f6d8d5aae3b60749e25dd3e74cea34'),
	(1601,'a80d2fbe581a3b9d6a72cab75966accc9466bf623c86554192a50671cddc4dbd'),
	(1215,'a82636d8ab7d3a6cb4868ab927628a0780d6d87c213c175f1a93ffe8bcce87c1'),
	(1109,'a82ada7ec9f6080edfd66e35a1eca6a218cb717ce7c26eb3aba9a86cf7045489'),
	(276,'a82cc9cadaa8f472029d2054c20f0533a95c7bb3b36447c397149ea12f724a54'),
	(1749,'a83ff1fe863688c0055a0979e7a53dd323edb550a8b37d1ef77e3dd9e75668bd'),
	(735,'a887619fa8299cc128445aad90b49b9acc380740cf9323d1bfac8a4bd28dff32'),
	(1384,'a8e7538e4aa75a2e9582f5ce9bacd1f6b31ba9f2d3009d790b2e351d9efcb67a'),
	(334,'a95ecc873f988b5d442d1217ba55c4f0a0cc967aff6484bcbdc0918b7763bb2d'),
	(804,'a96b12cbc90e309b22fab45885c5748f205ecc965eedf23127276838a443711b'),
	(886,'a97493b866ee2982a15b85476db81cfa8c0c19a9f86874fbb1ddb5907d9d6624'),
	(819,'a9778ac8ac6edfe82e4f53a448dd3038a8877b79193ddc16062f25e6121ee0ad'),
	(1064,'a9ad52c15f17281fa5825358b8209dd7788816a329e8721d931bfb9ebfc524cb'),
	(1684,'a9bf8f5ffa578ea3b544d9e12034a649ace77bf03ad91e7b0105e7312f60ee97'),
	(231,'a9d0e31912a8535f5da149d316c8d411b3c0ea5fbb2e45d52e29c9a9d66b7cea'),
	(1589,'a9e7c8bff9e840092e90040e644635a7cff79d315a87d6ab8ff286474e6570a9'),
	(319,'aa1006c921b7283ea8d934404f118df106798f76c1a49b01dd227a5a00ada594'),
	(503,'aa1adac2c03ef93ba8c10aab6fb5b3bdf174f953d788bb2645aa754de1347378'),
	(1256,'aa316a9546928de68e04942630b4c45615961a8b6da8cc43f6d1615d09e35425'),
	(1492,'aaa0de720abea22496274a3bdfa27fc9f58a6665d3bf7cebae87b67a9fc206d4'),
	(907,'aae9886a41df946a7e72939a9406037c77535fa2d57b93b624af96552409cc11'),
	(1049,'aaee3b7cd1a3cc9450ae896b7197fe3e9b6227e75fca88536db76e4f402cdf99'),
	(1639,'aaf572bc1a05c858a4f45e69d02cd3771ab254e2b0c56b3cb54760aa87595f6c'),
	(155,'ab1ae0b037ae3f859144182e9edbb080124114a996d66a648ed1185072e80fab'),
	(1000,'ab1f12437bc817382251bb12d840c454c1f998448e30801124b970bbf17bda30'),
	(1386,'ab37c0eef329d72a07a7d30977caf1a6db03023715524e3f0fa6fd804eccd312'),
	(103,'ab4c448292a82270771a7800e61dc9a28afef921f480767dd4069412a36c44a5'),
	(1053,'ab9295e1d32d718b85e20a316febcc91c5d5ea30f16f7132512bde11458dbdb3'),
	(462,'ac51e3fa174cd06ba359df0d3a5541a596ca8d294e310878cc6afbfe6bfa7cdf'),
	(537,'ac58309947e5514e67a0b49d22d7b1e8cfd347149345f9e452e656db27c90e6e'),
	(1798,'ac777552dd394d06d79fbf81f7bccd782d982d8839a0685c02c8a8c1d88192aa'),
	(1598,'acbf3c51305454850ea01e582a94d22722777454eeebc38385846360c503572d'),
	(1655,'acdcc5eacd4c6ff527e016dea896311b16a9a9ba05f7cc7df06364c45fa39376'),
	(292,'acf303b5f96436f36857678499b97ccc71314a69a4492c6aece96dce456f2db5'),
	(969,'acfcd2dbd49723b17e4473688abc0347a06b7944ecf384d752e64437af6ba94a'),
	(26,'ad27610bb718904ca73af29e79a94e3bf0be82bb858f5e91914a37428bae8b44'),
	(572,'ad331ddf5ef93f691b576a2558761c652e843e1f65b087f40ca4210a7fc0c715'),
	(1647,'ad3d620b5782d5ace3a31c88a2911faa7f4e6012aa270d8c7a3de5ada6160f0a'),
	(352,'ad5906c380bc81e0b82d179176b1d596a694251d0512f962a65b320eed3b3586'),
	(1673,'ad64d8291d980f8714b58199af30381533f7056fed731fa32d126f00fad6d7ec'),
	(591,'ad6b356eef2f7a06e880a070e9215f2a0af5453eb1eb01729893b51604581d0b'),
	(999,'ad73bd7ec0dd7eeee03710d9dc5db86135134c315cb6d9dc4c3481bef70b95e7'),
	(1182,'ad7b8587423db74e5cc551e0ddd96efb6b2d1072a447bf0b04a9bcb77bcfd150'),
	(840,'adc431e4b1cde2f05b4ff452e33823aa6c4c87d6f257690000e548d626b7f1c6'),
	(677,'add66e846b3a695ecf0ff5b7d7e75fc072e6e8e85e9b1e5ee5f9c6317eca54a7'),
	(1541,'ae1f7de5efcf314fc36360fedd751dfa3b245d5d8b396df35948229dbff8e6aa'),
	(1358,'ae2ce703e7a9cc004bd7d51e3723e482693ee91e65554949088f6199fc6cc6f7'),
	(121,'ae6f2b5221230645ee079c202912b425ca3a8fa8f3082d4e01065dbd87262029'),
	(312,'ae93ff807da42a6942d2af81b4842eed6bc9dc2850ccd5578d1abd70c62cc7da'),
	(1287,'af157e734d35c89b81a06d34e35588ed0f2504a3a509351491cdf5d1b0c09c94'),
	(1142,'af5130231c989498d99b3365e39a8b820a5e10d32cc75a0cb3e88dc1dfb34ae0'),
	(1924,'af8afbbd370eeef431902dfb0187568b4f3ac89f6a146bfb79e79d8b22b87cdb'),
	(577,'afb56fbca10fb2ca0dc8d2a217df87ba88648fd6af4f07573e041d60bcb3871d'),
	(233,'afd17d27a53d68f95f1ddb02d3c616a6282c81ad0c7eaef300807bf95b692abb'),
	(5,'b00085a4e8f492738b9a41396cf96a59a242074465c2354941bdb5fd854bf717'),
	(875,'b02ff9f23a057d68226bd140966aaf2a309f83af5cf1acd295ec6a0b509577ac'),
	(154,'b03df990e509f09f9cbd904954687b12bf1f301399c6c0f1924c062c95d25a60'),
	(1250,'b088780c8ae3eb3c1ca419287e0c527fce18fb45c3012c5fa32c354c1fb016d4'),
	(1771,'b0a4e787bdfa920fd3031e0f79e787984c2ebe5034523993ed40bf95ddfd167d'),
	(252,'b0b22aa1a0355d8478b0150d732342fa28c88e736916ff912f8b2fe32fc63974'),
	(14,'b0e6292c2c45cee38d267bb998ce3ac3a638aec60dc45f02d83eb508f56b93e1'),
	(1266,'b1639fbb5f356233885c3308e58c3368a20ea04a00d566adab9d3a447d2618dd'),
	(718,'b1674d1526cad34cb7f846872fdfd4a4dc473f097295ef6b848adeded16990f9'),
	(593,'b16d01a7258caf187f8fd6b9eeb14c5f0867cd575ea736383e101396cb0e8d9b'),
	(589,'b17201035892d07a2aa73210124f228e1d7be234405cd171d25712930543ccf5'),
	(1696,'b1dfd7b129b424adb7a28c167194ee9abf80d1275d97687ad67c43f86c0c7d04'),
	(326,'b23a018da696277b598434b2094e3dbb8f6413af2309dc46d5ed58ec648e9acc'),
	(1028,'b23ed9c153cff76feb7b8fecf39ffad274740eddbe51c718a675250698e6057d'),
	(247,'b2971299dd70704150bb70dce20ae449de129559923ab40ddb65eac10fa4354b'),
	(1549,'b29de46ac11666bb39b4e037f3fba739ce031dd90fc7a98a8a91535b3857bb87'),
	(599,'b2d861dd3b92ed19f08cde07378f8a9f7de7675eece5a9bb051d74b5a0c0dd0f'),
	(1319,'b30a6f36f6779ee4303628382579a086281c9431a3a957b7182b99aafb92edd2'),
	(226,'b313f2a250bbddff81377f752e34698d4ef3b1a8fbee24375e020d804c7026ff'),
	(1456,'b37318ada995f5c9f38677d8d7f86363f33f84982cc90e2d660030d007f8c823'),
	(1303,'b37866db6b56f1bd7837177229d6b341cefff16ed0c288c7ebcab238a932dcc1'),
	(384,'b39c6478bfbca78fb66559b891aee68189a75ea498923de70ab56a0da1213879'),
	(270,'b3a0cdba68b439ea91ac9605a878ec38b88b45824c2e09dd8286113836a60830'),
	(1434,'b3c0c4561e51046d389e15da299275f13c4da521279a5e1c98940c372e329adb'),
	(1198,'b41cb03980d1e7d36857a61c68d08f492d852738a5486a72c3eef5f21a3c50cc'),
	(1069,'b4d844418e47ef06352e3e3f14aebbf3fe3002260f99787ba41a083cbf0e333f'),
	(1357,'b4e255ff20764c0f8b2ae176e1623352722c454980f03595774197b7f219def6'),
	(1879,'b4f843b1e12e0fff861b68ac27543b0b26566a6a11b55f7446695a0e78719fed'),
	(771,'b50dc3f107225e0b0f35c9c0d872ee5dee9b8a2bc0036c38ade34b375caa077e'),
	(870,'b540d7a5e552f7383d376c0e4366a80deae397129f63c16d6b595734295cb151'),
	(1006,'b562b8d0d27eab2b047708c355a3f04b682bb2f4154d4ed5b80058f1bedf1f10'),
	(743,'b5724d598ac9c4da6bb99e663346cfd24885e2f493fda7e9bb85f90d0e80cfb5'),
	(1593,'b581cac5006a830224095c80fb5d151564113f1f6aeae4150a0b768ec3f42119'),
	(1463,'b5846e1053b7d1150ce7477d6c7b7f87cdc6acc51388711bea6aab70589eb357'),
	(85,'b59c77a1e667d75f58bab9719600f906a54d04a4c25694a55381108d51e4bfaf'),
	(1271,'b5c1dc55c8456a9b2220dc2c54316f689be0adcb77c8a1ee6e854531fb68c574'),
	(888,'b608a0fd902d48b9445a6e3b5ef63ff3b9097af842cc878c78bd5752b3465761'),
	(1478,'b6264e7b5de882aa826e47ab989de7d74b22138d1479a2a48babb10377ec3dfb'),
	(900,'b647a96c944d4b24a937cc0727fe801b2815c9dad17d3fdf8d82752756de882a'),
	(1263,'b6a0581cdbefb1804135aaa5ecc16a9eb47bb50d7371695ffabf82fee2f834cd'),
	(832,'b6d2a1541be4d4932a6e1d813c80ab57db9c488aace3714a1c316cc8af94e9b8'),
	(138,'b6e9a8c21e2905d2ad0e342c79aa8349bdbbfab240e5383d5fea67c48dee54d8'),
	(1096,'b6ef6b3ca24c5a7138d0a086669df62ae9cfd6117501593aab45194a6d9b49d2'),
	(1560,'b700217de654e4d6bdee8d84ef090788bad8604c35146a4c8687853831a97f9d'),
	(898,'b72b446b2298137a1e83efc2f7207fef8e12bcc86d24e22529be80b2a5efc909'),
	(363,'b74a55464c46c91bbebd7475046a6a2c108e31c590bb0acc53d848e3175d0b04'),
	(36,'b78f2b1d064aae387d7f7fbccc011a95e65a0c458fca2b50ddb2ae750d65cf96'),
	(1210,'b7c4e4c914645e2dc772ffb4e89c082c658080c9ced825f521359075b4661a25'),
	(1206,'b7e9bb901213855a89e32f80a6601c4e46156318ca5a5e8e64d0c41f886f4159'),
	(976,'b7f7401ef60502adc2aa5bf373187e9e785f004f8afc908f790c062be4709ceb'),
	(1686,'b82b317ec9932ad83bdb73b1c9949160df3b670aa71d7d4d59588b0b64290585'),
	(484,'b82ba72f14e37ba6cfbe0b0fa589d7b9f80c6de7e1b5073c558849ae207cfb34'),
	(46,'b82f4c879ea12a71473bf70fe804df60e86c99e6af338eb6f96f543d6cdd30bc'),
	(1821,'b8399df9168b176def03ca4ca34e7335683ad23927e148b0a776c00b89df83c9'),
	(1746,'b83c98a4877ca888d3d927d5f4dbba027821b628d7183e49772e31d0a12233bc'),
	(1718,'b892b1780b2d28af464029cdd37aa0752218b39c2dc1e53ef9bcf565704331cf'),
	(95,'b8ade195139f96ef610c607c4f93cd0d96b99283d6f5e476a0a80a6d0b58c288'),
	(638,'b8ec3d9eb6f4a9997244181a40a972312caf5ff51ffb93dbce5c065ea7f73700'),
	(909,'b90d750b3f74d9b86e8f8695eacca699d31057c649a362380009e1d6434fd2f1'),
	(695,'b9185154f0f5f7af976ac5ed38f3be5112cfcd5d82f8100c2b8cfca1d40fc6e3'),
	(185,'b9486d4cb9d010d5fd4de1965b7071dd81ca140aec6839fde21c4ee343556c97'),
	(1702,'b951be3c2387ef61f310667635c951fdb675934c1f968b59a74bdf46bfaf8e0b'),
	(1073,'b952ca3209d8166359a1402e09f14c754a6aa6d667d45cf125b7e12861e51736'),
	(1278,'b966b2b6131e60584523e9265f11b83b2dac7b3ab1d0f763ca4f45711c1c7637'),
	(644,'b96b51a28162128e14a743936fa9518fadfa3fbb6602df42c22de13ab69a492e'),
	(110,'b996fbfeb310e9c42c76b7086f39585fbcc89ed60707caaab6bd27c224ab338e'),
	(243,'b9dd84d1f8869e8b188712d0562b510807ac2f9b23a055158c513f4d04d6298a'),
	(1773,'b9f6ffe10cca6af0bd32b130e6ae3e20503f7d2b04922946a5212e16f209b3cc'),
	(1370,'ba09e3dfeb823361a40c5d9647335890177a3287fcf16e34da62d9504cf1ead3'),
	(1296,'ba2990acd8d205bf2cf383ac31212afd090755cde297aa5594c2e0ff91eaa655'),
	(304,'ba454d9a3b42009d690c5e81dc4b77136c991f12e1aa546727546a3530849689'),
	(147,'ba48501218de7a7e782ba73405846751a65c45b6cfe168879db78b6cf8b39757'),
	(1508,'ba4ca6f096fa2ffeb0623edd00f171b75b98627c6dfb27e58e389411c099f3d8'),
	(861,'ba66c8806d8cc6d9179ba4093c99229180c656c49ea32b46039f70c5083f621d'),
	(716,'ba7faee1c70dc8ec14cf60381e524ec21715d55448edd598715a34be21a690bf'),
	(637,'bacc354c7919236d3281f9d0035450a9a416f04a87b4903e46a03ca187fd379a'),
	(1846,'bae432793abcace895b38147e065d2733044cf015145061ee5afca31ee05044c'),
	(961,'bb1489cbc6cccfef3f736ef99df79d499953b1f9aec340efb094608a3d683a98'),
	(853,'bb1c4b9e62053a199e24cec4743cc4f10d80c6a473b710048ef836b9be7436f9'),
	(1734,'bb22b5d707434a973ccd8d15db73016ab77f277c801eaf70049d1f6455def717'),
	(1799,'bb4ee49c947c212735c27c0d9cd03e8de460a1b6622d3d3687733c85fa313f6f'),
	(1731,'bb6d384995283763bdd70bd69a5a1639ebbe3b33017d3fd95c912937eeabf12e'),
	(510,'bb6ebb2f11291a9df51be91677e83d25bacf80cded8fe43e243870227188fc37'),
	(1836,'bb73a75a14a959451c2001e788dd20c8e23e176d14c5b1cce8d16923ba95d032'),
	(140,'bb8b6ec32f9ec61da59e70278b1e09808b7515436812b0c4efe13c16982f9340'),
	(1743,'bbaf6e4e3e5baec40fb7bcdd071e2386a7ec084aa27bc5431b1f9547a1c72a44'),
	(435,'bbedf9821c3f2ae5538e2c7e1adc714c875c366b9aea974481fc03dfbf91dca0'),
	(984,'bbf4930ce966cee2d4c2d86e11fe9958fbf1ee997f770cf3476e3c0fcdb81f7d'),
	(1687,'bc27211953bde84f20cd9ee99d638f0b05b60674aba48d6e3a87d5416db36d6b'),
	(1382,'bc391c36339bfe2ef7c5e5039a5828e33dbe4b14e900a7a530b97a9c2a4d6ce4'),
	(1088,'bcfc2b543aa571fa482197d20dd7100c8a0628f283ed3d842e63800ccb1acc59'),
	(850,'bd0751fdda2bef925f3bc87919a8b4cfc27581a2ae73f0c08641ef0b1c57740f'),
	(1739,'bd77a507f9503d185219aecd7d28d4b3a5f83c0a8ad4af58da54366a24185923'),
	(1706,'bd97d367923b41c8bf31e679741290351c23336741dd62a45da14e71f2c4c115'),
	(1816,'bd9905e9298d6e1591dfe5a937226edd55db9c9479aeccbbbdb687a38d7b37db'),
	(1547,'bdae7bf0607c8e61a8b8fc3f2cee9af43f50c8cc45333b7002107ffbed9bbb2d'),
	(683,'bde29f258403248e0306a6fb50c83e93e02b7e53bdebbd888ee09f82bcb86797'),
	(847,'bdf1f89031bfadcf659f654b10a82f32f388face3c74cdf5b18eebcd1e38503b'),
	(1115,'bdf2bca85d0b84fdbfb480d56d4d40cc21a3b5a0bbf7091c1b6f64db08c1c0bd'),
	(910,'be7f595946d83e43b6ea293d00e1ab8263c24ab5a0e0ebe80216665572ee9974'),
	(273,'be9a56c45e4add6d22f5036cdb89c44519b1a45d5143d95c195fbcef3b4b11c4'),
	(624,'bea888c8d587638000f0c66357139043c81d379b1c070547b27e1bdaaa11f1df'),
	(1174,'beeeeeb768a3bdf5bf7a79e1537323ae502046b5d031c4f2aca59d0e257ee737'),
	(1630,'bf0b2df68e139d9ae7c3ce8c0eb574447005c73df2de93bd5129fe4bfd62666d'),
	(32,'bf2a793525b8445561fc762a0be13bce65355d2aa793fc76db6dedf38e5c1b65'),
	(1874,'bf66235606f13f5ae59539818901e56352a9e7744dcbb7a90899bd2bc87272c5'),
	(94,'bfab13d7b35291d561dcc9dbfa2da2100c006e7be9bcd1944c7799587b7b51c7'),
	(431,'bfb85b9dcc5370f276982b2daec6a24e95f485f257b7d4b3a281ce2d1f6af1fe'),
	(518,'bffb728b2fcc6f9fd1c61603834c42f543ff9a615f7af9062dcfba7954940bf3'),
	(136,'c02ed9b9068d80a5fd90dcde195601f5b448b6045bc89103cb555f85adf31f6a'),
	(1410,'c03d799756586a4964f4dd5df2276a1d671d074bd6bd0f6f9291badd3a78d457'),
	(1808,'c06cb1460c0a84055658d403b82648a07c059cb7a2e0ddd8e7b7255d578b3ac7'),
	(707,'c07773bb661db282e494b1a6ead99971ac11f50649a5fd409616932bc2b50d3c'),
	(774,'c09b8d43234f85583c4f051472c171ffd4764bd1f958ab205652d495309f81e6'),
	(62,'c0dc37ed5bc82eaf48b655f5a6210eb19a7a82edb73b8b3565cf396de6b87108'),
	(1904,'c0f0c80b90863a3866abe6748eac542a50d2b0d9aa89b7ec14c88d5502877e74'),
	(1755,'c104b9332c615265537de2c4e5aab6307259d99a58695ad83f5393a624b9cf76'),
	(295,'c1254808cb3d2de2f26b8fd2ab5f50e26955ef9f4fdf9cfd97d6e0b8029fe178'),
	(642,'c1ac9785fe186d5ed9c21f95fd4ab982734a6e7f2e8b84853a5944a8bad088b8'),
	(264,'c1b9fc8a69d4ff145112ee7f70ab6d8fd99559a038dc28609b9854434a2a9525'),
	(1196,'c1d598e6b5a62239907c92eb7b0313d36e77bef9d683283821f10c592cd460da'),
	(461,'c1e1ff7e1b35a8544f18ae96babaa9af1bf88f68948e725077782397bbe6cebc'),
	(956,'c1f1b3f30afebe16a6940d808da8c149bd8726e691b25dce1039a3c2e0e6cd76'),
	(1398,'c20035092c61e5c4e1d8a90c4f1f50ec519d850665546378e9b40e311c462721'),
	(918,'c225680a973c70a84a7cb71708a185f2493e64e10e07e84f9b61029f3a668cd1'),
	(1582,'c235ec170d2b122e69a23cd13dfe52f4220993bda434b1f2085a9c154b6787e6'),
	(1279,'c23c179e476923724c6e60fa0e2f56ed14a841a09dbf0795bff1035ddac44f76'),
	(1443,'c26d42090e86f8b09222322c07873e65deb46bd54b8940e0e7b16346fb665ee2'),
	(531,'c285cd842045d5e67c8eddcb327692b8e1736d9af99d79ef9d86db3d47241fb0'),
	(208,'c2aa74083105638ef86c4ee804b4ccb0a013576bfd5455fb600c825c4b273b2e'),
	(1857,'c2b0288ac21697c745b3248bcc13288fdcff57cf7dc22567766e59dbbbd4fe4c'),
	(343,'c2b3e3b967c92074b49207b7ea6bf89b4fafc278bd8498fe9a2f05e2ef8e8109'),
	(833,'c2bcbe833a6a3903dcc6f79a7863d8b3b8e7f01fa5f49dc6425cbb853b9a4d35'),
	(1251,'c2d869bb33ea93a2422e21ed1f66eac9c61a329e5d640049fc5dd809defe95ff'),
	(3,'c324554f30055b565679766711de9d2610dceb53d79c7171b5d40a4961f725d0'),
	(241,'c32508510d23b45028e6183e4c68759766fe270c1e5312aae4a470259107a357'),
	(1158,'c341c7bfc446ff76f1711c21b654da409f81b170630dc342727d33329013adac'),
	(127,'c367b9e413fa335184df30ee981a79780588cda0f923b7095c8a8c9346277e2e'),
	(1899,'c3795974df465b6b88c58100f8ef06fc18619d999d71e04ec69a0b579d26d605'),
	(1,'c3960aebe811bac96c1711a62fc1b261b64acccf45ff2210e65c5c27b6b935ba'),
	(846,'c3c8bfdcf1dc6f8378bd42ef7b6f2f51047a7b3878a655adf75d507f965351df'),
	(657,'c3d15ec9c0e8c8a731e660a6ca095cda89f578e83c4ea173da8f388c3fcc4076'),
	(327,'c3d43602bd2e3f23bcab3617a83145744091074c189b719cfd66242387805500'),
	(1129,'c3d820bdd9d5831b5a07e1b635106afc04375fd865698d5af1fcd1976a44c88a'),
	(1477,'c3d8b805a57692b210f11a5bbee28882dfb61946db634fda4426df124a352a70'),
	(1758,'c4091dfda718ee0d516cc617fe9c5c0276c55b6898a2c57a366cee60701da472'),
	(950,'c45f7b7adc2cde34a113796caf469fd97715881eae45040ab668abf033e832c1'),
	(1712,'c466a7be38c919335c3baee72e4bf5298e5e180716128e0a887ede620ee0e0b3'),
	(1637,'c466ab490c19546c5a9db7536c1cc842256a8ef115cb08013f4925e0f5eb309b'),
	(1671,'c4727cdf18459322f687d5b4990aaa013acdf2f10aadf03e1ccb2db2102e211a'),
	(1310,'c4817c47c5995d696bdb3599d75b11f6109244686b092e20dffa9a3ad90ae39f'),
	(1355,'c4a7a38c25784eb14a36791cd891eaa4e2a54516fe515de4f34fe40b7e7c1c02'),
	(843,'c4b53f3d1cc0f6ca4b17cbb3002eff41c4cd61c9719a39d75842b0d0c3bf3e18'),
	(1275,'c4cd144b35fb1f33af9e98e6a996b45372522555bf23b16919c693dfe6ab1962'),
	(1333,'c4e32c9bd9a68aec48b4fd49e3168a66e971d7eea6f7fae276c8f78b8f66d7e2'),
	(1185,'c54b6279b09c9630ddfa54e8fbb8297cbcfd3523c7ed135c9333fb749ce3660d'),
	(502,'c55330783e2127d272507e7eb55b354d996d57841e7f1e408c61c0520ee52c37'),
	(1101,'c55bbc71334af40b1174b1d5501d569f33faf1387364a53c2214e25e7927e0aa'),
	(1663,'c56478de94a79cac3a109c3c349daec99ed3b89a2150f7c48faf069845ab0cab'),
	(1316,'c56d74e4e466cd75ada02d60977f1abd8facedaede25620f90a29bec7d05a791'),
	(1436,'c593310b1dd520c09f2ca796625041da7aae1eef48dda7dd3290992e07bb3ae6'),
	(1240,'c5ae92aeae87ac5d7a3618b2473e5663bc7e83cf648d4f257ad44c0fd57505cf'),
	(1514,'c5c16cb710eed00491bece42d5f3997e761001effa98b60b7144fc7fbd817c97'),
	(816,'c5dd95061a07c03e6c84a53416ffa973eaf73ca99858c37594ffce45a2379570'),
	(1345,'c5ef76c6015037a03f0c44756bfad5ce188b1ce31b9be691cb66420d642e901d'),
	(129,'c6437f4f553d77b0604c28f5ea7ccaec75c06e1797c59b03a036d10b69a01730'),
	(1602,'c64f87f7a8f4469e157b53320cc3e712bc9c6b963ffe553dc07a74f2e04e9979'),
	(1231,'c651723c8dd9350c466683d45b03a28e857d33f745fb3633347da8c07de01db0'),
	(286,'c67ec0e39d968eeb9f67db07a20971191a5a633824ef0dc9930a5ac98d61651b'),
	(1282,'c6ba3fd69cbae33a42f7c364ed0d325b91aa7d9a31665455a54e5bbbf632edcd'),
	(925,'c6dd2e2598bcae223c6a66f45d655081791880061ec4fc6b8cd62e2bf5df347f'),
	(1188,'c6e270ae6bf9fc253808878a458a0a0f33462e37c0fe48d124fcd59f8d54a1e0'),
	(982,'c6e4d3f306d8068c249d3b9f32b3a10fba1d0204c1398f33e37d5f5c41faf09b'),
	(630,'c71a2a46535c47f00a1e4ad66155705450d357bebafefe94a03e0122b8177d8d'),
	(1564,'c754a48bbe9ae71206e03141eaf0b2061a19fa3d6004e58d52da4142bd45f51e'),
	(501,'c7574801841e2560ed44037b71fb31e0de161f1edf2d02c07790ab0539d4110f'),
	(44,'c79f15fac0654fd3a4cc08d57540d4205cb6d1d967665fcd08f411d68fff5aa6'),
	(1835,'c86e2741a6570d7c9cd0d97dee9f681e18c9f8aac5efbd1b6bf7b739288393ed'),
	(1232,'c881917737b54603989369f7a75408626f9e78549fb5c028354071cfdf40a551'),
	(680,'c8b0697b6c9b2bccf5e0846780a914e21650102c96edcbd8ed1695e66297bfc6'),
	(785,'c8e75b5dd5fe8750e7d2b1dfd365667afb67549246e55d6049346c410c081e0a'),
	(397,'c8f951c71f380a4808dfba58ec144997c374470d16f07932e8951333c5d7e459'),
	(1674,'c90f4c5402222832141dfda5674d93a4192a91b957d5731f16912693c6f4fa69'),
	(1536,'c9410c0b818cbf92cf64b2f3cd273820f7c5398f1b20b28ed63dec99d13fcc0b'),
	(765,'c9753f8a943320829e391239ed12cf26cb8cb3fda4d9d0f90526c013f15529d1'),
	(290,'c9797d012c596ff86f0bdc71e9ec226461c857282370dc5e55815e8f776dbcb1'),
	(753,'c9896ea169461b362f7a1bdae7a9b74c2640bb12d333e3a5f07239ffc135df4d'),
	(1127,'c9a0a5858b43e34bf5c0991353a9c0afc7c7ad4d4c4062fc4f0940d14dd1885b'),
	(1179,'c9a5cad754c79cb4657f9f3c7e7434ffbf17ec4b93694ff06af79c1ca7563c8d'),
	(996,'c9d03f88e38d1f37c4a3b70bf185142312b6f7b7ff9645d857e5ea5490d28816'),
	(1180,'c9ff89c7d25b0477a9b51271771a3c2e68898b7cf92858ca38f036c8088eda7e'),
	(1427,'ca432f9df313a246a8d302b832fd5067019781b6a85e4a945f1d3743b76fcd2b'),
	(1140,'ca5194bcd6dd65106e79760f9577df581a1ba790f87162b78f8b22ece772ad15'),
	(441,'ca756a6b80a6919ae0b89012dc6958dcde3682ce4378b18341a076d352235e39'),
	(1475,'ca8003b2929e115a0ebbaa52cb254c7b7c88e91af9c864aeb628f0178e084667'),
	(834,'ca850de6edd6ecb407c54ed43d650c83e7f1e4652dcf4d1188819aebba0cd048'),
	(698,'caafd28ae96aacc5c338931d127f4d093f6b0da20004bd25db7d7f8ae0c45e55'),
	(965,'cae7d0ddc9da4935985a199fbbd9ee376f290403ef0fb65e86e63706c257bc06'),
	(762,'cb1cbf9c1fb32508b439db5666d196cacd5d29dfcb199f8459663783031da16a'),
	(87,'cb984631e33706cbc58c32b144f42ff42f441a1a61320ee69573d6541126fdc3'),
	(244,'cbab2e3db561888082a7d77f39309387ce76d326569eeee7b572e78e4a861b6c'),
	(682,'cbdc4257dd3b9f2378fa46cd3ba08e025f0e164738828b36956a37837fb0894e'),
	(611,'cbe4e3121711e9cd190567b154b7aa75815f315a434568b06f2f9b5e07400e16'),
	(445,'cbed9e5924366cbc604e992b9e0133ac466179f876cf2f1088bcd7325fd27344'),
	(809,'cbf15acba7e7091bce7f715df173e3e730303a126a1643787626e3b38189ea36'),
	(488,'cc0b6a04f4dbb2e240de82ee61969e00927bc40990eeccc7b61fcd962a2c03ee'),
	(563,'cc26daaf7311daa79b20c5ea887bfd717f0276dcb448bfd090ffded61dee9cf3'),
	(280,'cc35723322123db2f5980aca793008332fdb37deea00cee5aea78340ec538f85'),
	(265,'cc8a73e6efd5d48133fabaf4fb461343ca78c6b274a98f1e15be31c88407b7c6'),
	(568,'ccf15a19ae516b78d5bffa2aa0f5816fc0c8aef21be3835d6a0d0d71e3f982af'),
	(1161,'ccf26ed4e2aa0800ae7467537a7f44660ae39b766817cd93edfb098c854c8905'),
	(581,'cd00143a9dc68b0ee2eb04e139e9899597cd74fbb2b8d776dd98f1dd7ea8202e'),
	(652,'cd29de4314683f5e99109955fcba7b878e5b2db572123b6240cc18f940a9fc24'),
	(615,'cd44eaf1fb5acb579c3051a3b85929d7457f7911f3560e13e6a683117adc12ef'),
	(499,'cd66d3cb4302786be29180e6e08e1372892f3b448ae96e46010b62964f4165d7'),
	(496,'cd70edbec7a2a74a99fa2d86078e03e6be19acf0674a0e67f2221e6c30dc0a27'),
	(1803,'cd75d7c821cb90e7c658360df405e0add02613a8676f9163a4984c92d7201dee'),
	(1044,'cd7bb924c974207e8b7bacda6ddfe44af81a0445f1bc6d7134ade4f368697454'),
	(214,'cda91c7596e950aab18253c61728d32611017f22a46ac1a990bb64b945b6e54c'),
	(655,'cdb07c1f2754e07b62b4f5af45c22d37486f52b0cc5cb614a97adcd7bacee8d5'),
	(1745,'cdba0ff6308b59683555f3fd0b6e819b1876e628d3e3985a9c274c2e119b29d7'),
	(23,'cdbb789e8fae5469861ce07d3d6699ff6117be60f2fa67d7931803fe74b061bb'),
	(324,'ce003fbc14b5a0e7f0901b91f72ce1d589caaeef02068dbf290bee5df00b21bf'),
	(1239,'ce3e4d54593b318e79e5460f2a35b7b5d36a478a4a8d2e1656bbae377611b8b6'),
	(415,'ce49883a2a181e211b15511574ae56b2da5bded2faf4dcb91a6f87aaf13b0334'),
	(1439,'ce55cd1f578141accfdac47513ad86806e08a095b5da4d573e274fb0cb80f837'),
	(1442,'ce590e60ec09fb3e2da4c27992a278b69d1a185baaf2ec4a4b44b73c2c1c5041'),
	(1078,'ce730abcaaf6894700d1071753605f9af84d4b0f1cea1994cfdefc999715a9ac'),
	(857,'ceda3155327347348214d8d74a1e833d4afc6757ba7bcdf871257d63dc5d9663'),
	(262,'cf0b27b7c7add9c481998f22565da8b26cadf2cfe38236f961f744620362dfda'),
	(1540,'cf14111dbfe9932dacf8ed6074e643f94cb73c5ab155304bf08c25db609b773b'),
	(953,'cf37e1a49e9bf610e8335b9a2355a91701a3383d83b766e7dd296a303fff53ba'),
	(1578,'cf47a0f0bbaf08f7b859a1cb4614008c4bf82b86dcc29ae69b0512a5002b1799'),
	(565,'cf85900b03209a1661a13e8289077ab715f0773dec9ccbf698ae26d21acab2bd'),
	(1193,'cf9493cbff8b429bb17b74b88141d2d9159047e0f8fc0beb5f852a26fa654d18'),
	(279,'cf9ec96959d42abbd8d2476c126ec7753aba1d91e8c3673ac6de79e030bdf633'),
	(1704,'cfa3ea503cc1b5fa0fa48336210bec250ab497f568d7b2d37790bc89bb79cedd'),
	(1262,'cfa6f36a433468e10350fff1b656ef59658f58155c8917c3ff4106e8b84f66d8'),
	(1152,'cfb10fe471b859ff3d8cfbbfbfa0002f1a63e208c8abd2a980ac0f36e6562037'),
	(1554,'cfe604b1cabde590ce40048456056208effbceaf4fbe6c289e703d9a77eff75a'),
	(135,'cfeab3b79ef74d06b2c0613f4c9da94552e9af733daf007c506610b859b97e90'),
	(1595,'d00992878c2e92f2f68557e1e0ea26ff0521fab84fbf26c5d92f226e48b43164'),
	(903,'d01d9228b4d77e6d4e3e3cc7fbe38225ade7cf53a124f3883a6592df819b8a5f'),
	(1646,'d0640c2d0201565d89d4b4a14760b474f1cbccbca358490366632d81edc27293'),
	(480,'d078be85bd7b2f78bcc2efd73b8aef51dfd4eb3ea17e81afb7f48bae88aefac2'),
	(947,'d08c00a487654cb76778c3966c3053003776eba10bf8e473c5c52c250fd71016'),
	(1715,'d0acc75238bcd0061f6ee04adf8884cb760f5a4b1c2b315a2dba5a70a174d667'),
	(356,'d0acf6bf712974266d2cadb8c38f3c2e593bdbdd9faebe92869b2ea5c5508d6f'),
	(1762,'d0d32d9071753240b02d921dcfa94623924c11da2f07b99c3255b5c84f37bbde'),
	(566,'d10c7e5ad002bc26e86dbb87b92cd690ca093c9396e56fa03c1e0ba0fc09f406'),
	(928,'d11f20c42a81fdba882fd6492e4df8d110cc6843154cc3602c842248c96baf07'),
	(1167,'d12c92898d63cb42256990e06620bc35d4c10fb4db9125b950fe867b33a6b5f6'),
	(882,'d16b7ca2488b2895d92e7a49aa5272c693426701e7ead9a6bdc5027cac76753c'),
	(1884,'d16bc8b819a85185e88a73792769d50a98cb053a9d89e69aba717cf3df49eb1d'),
	(701,'d172fb66b3ebb3d96b894c30934ad7abe01adc1d6b2de102590a632fe117b3a9'),
	(194,'d18f14eff2233f72aae229f0ce9a3dcdf250d5a4f8e6846e7cda642e4fae9c8d'),
	(1781,'d1a9f9b4fa2ccc8cee360afe4823705f58e95fc6158c9d8e47be7d0c4dfb02da'),
	(678,'d1aa2284012b1721947498da3fff4f9c9d92f2a2885151ab48f90bf4a7fbc6ae'),
	(1688,'d1bc89954c5ee13070ca281b8d251cfb12b58296929e77a990a85b1bc497367a'),
	(383,'d1d0e881612f73026682e62b8444543b6f0228a65069b7b470088de09545a2e7'),
	(1728,'d1dc2b9c32a1b15c03d13ec016baa58444b6a1de157d92fbc29149098af972e9'),
	(754,'d229703609fe572aca25749bb0686793dc118d2be963370a47f0536bdeceaa0e'),
	(959,'d2756ec0848694333238b506e18af777eeddf05ba4915ff630f354e0dbd48591'),
	(1931,'d292dc437e4fd5a3bbd475104bec6533fe92b3a2f1f4e311df4a71c969956b55'),
	(1097,'d2a87ce0a8bdd8e5a5e1ad3c88851eeee77cdb1c1b2b22c1ec3777acf33aa0e7'),
	(391,'d2ce0dc46ddf6aae16ff4c2452d65dbb955bfb0d3ca7ebc8c5cac374a1f532db'),
	(1685,'d2d886e98d64da7f7af030bfb10a2c747080eb352cfc0e3f644f8dcaa6c1a183'),
	(1675,'d2edb400dda81d3ab06de2e4bbf3ad8a8c529b4ab23f41a0a110ee5830520043'),
	(802,'d30f9f2c7a853635117e1fd4ecc793b350933564189880520080bd252af161a6'),
	(1885,'d31e2e232802e10be8195399344afb5e65bb351fc41539206de5d67018d8d673'),
	(495,'d3208fecc4394c34b17df56e5f5f38cd8301fbf6bb668edc0ec5c507f523030d'),
	(498,'d36b3c3ff163223769aa4844a8ef2ce753cf1213fa7752ab6d270f31b5f71d28'),
	(1117,'d44f313534366108fcb0748478b9c7ef79f4b4fc470d783fc2b838c471b7c23e'),
	(470,'d4516aa162791511f16d461b4eeb061ac1c60a2a0dba898177a143b571704e05'),
	(1654,'d4573b1f9c50841f332d97e8b462760d4c4834ec90e52956998bbd21edf93ce9'),
	(1177,'d47e9972350b6d6270eef8eb09a4acd30fbd93f7cc5b71035ddc896e01a9eeb9'),
	(192,'d47fe473d01d633489db979f6d0e83b43b723ef15f5233dc5fcd1749b0997224'),
	(1026,'d4b2c79c592a65ec5253dec055241207fc491b7884cabbebd6909d95489ca5d8'),
	(68,'d50ae0c69bd8686d9bcba791f7ca6a8b8d12dbd76e68c0b5a5dc0cc33eb1dd00'),
	(377,'d50e39928bc6fa56b3de402d86533764a5a6dd57cf32e40cdacbe8eacd492355'),
	(590,'d52b8dabf5825cce8d9b9d42e845256228e8ac42bb4f561a0a3b859f953673ab'),
	(333,'d53da29e19a47c33218625c4a68e668557733c73758d0476a378fad604f7f3e1'),
	(1894,'d542eaadc8ced648036e45b42406b6dba858437c6a266b1610f5d6959e3e614f'),
	(1036,'d55382bc67160d597a0a8a57f90d63e92670b1266a42bfdecf53fb69f50d99de'),
	(1851,'d56e2b27344e14cae9648fe5f7567665e0281102e51053c39142eaefe74e944b'),
	(379,'d597f358d9b06eb24a0f2395e9ec944197402e80c89822146d9681b077fa5c76'),
	(1339,'d5f3c5cc2f283574354f6c6db8b8b1750e28c4631c49d4c943a11f6e9f990af9'),
	(1175,'d5fc9dfa95a1fbddc33ef97f7808b51d0be8a1c91715426aa04977886423f9e4'),
	(1035,'d601eae896db203f4c73843e300b666411983d3e370a8d7643e1acc3fc26ae0d'),
	(1531,'d64d91f691694970ef1125b3ed63b3c3d1a8eda04cffef67e4e40fc1f7b922f7'),
	(389,'d677bce7ef3504d4e6b28d3bf4a3cb0c99782b7003476b8bbed51dc3e912c13b'),
	(548,'d6899fbed0723285f01a7a4b906460ca043bbab96ccdd70943d7f4df2b33c700'),
	(1569,'d69c2f8640f98ee676bd9a3f03c114893e6cdce1c4ce910860d4e897cd3e97a7'),
	(1046,'d69f242a72b85ee15f6947a318f41fdc9b1e4da9fffe2d101b5a14f09ee300dd'),
	(1766,'d6b21287a45fa5a48157de4f4e98ddb037d3cdace6992c618aaeb3ee1300d6b4'),
	(1154,'d6c2207bd6e4dd067aa701e541101ab9ee800287c530db07703d2e19d4d1fde3'),
	(1815,'d6cd51b19037632065b5ed747b120612563089ddc6d6f86bda21cca254b3c5af'),
	(1871,'d745782973af6beb960aed08d6ff6d7ecd4a902d21d5b822cf97489177e97c1c'),
	(1348,'d747cd1db4168b0e36f6245ee814e042be1d0c25f9ef703e9162e15784be812f'),
	(574,'d74fa55abcb359d9cfb002ce288e3c39f68870d94ae2ba9e0d1882dec98ad978'),
	(437,'d776ceec65a8f5d1b5ced489f52e6a9205018fa05c925d45d8077e764da9817e'),
	(1424,'d7b6ce1a168bf954992dd6aad930eecaef35599cdc2f4b72c0ab245d0aae137b'),
	(1401,'d7cea04833d957278eca8462430b66da9ef36b6aeaa45393dd178d6586ce0b05'),
	(1050,'d7d90c12982b657e521d1f343619b034ed6ebbb165b6cff77e8b923a5ba1f327'),
	(471,'d7d930ac380a5f516c1b3aeb124a5579b3ff5e14c84ff57f8f9f7928e1dce5cd'),
	(1562,'d802a7318da230a34d6a709e4698b77b9f0c0b6d137b863836169d39e0c60306'),
	(1636,'d81b9b7847cf1f485ad96f94e58a9aad51ca62cbfb18777ccf4c54f2f56c3088'),
	(547,'d830527bddb1efbc5b78f717f486217be53d8f837d0694858e75252a4205e1e3'),
	(1902,'d83279320566ee0b78e66b55eb4b1d1e00d9c9056133a3f2288b99e639406c25'),
	(1896,'d887984620251d151385bf53f021331000f373e5abf36e44b5fa3a2716ed6a98'),
	(340,'d88d0616cfa2a4fd90b2fda957540f04e1159c9ec1a8c2f1514dbaad780c9e12'),
	(1913,'d89dfcbd23b95f5d7e5d8b9d00020ff3b31c894f3b6898ea5f3ade5b8d27eefc'),
	(1086,'d8d9c6d9d63f3ff421db26dcc65ca899e47f283865a0d16fb53f6f05eb46a190'),
	(132,'d917ef1bcfb0129e64b834f6ac670dcbe305c2a00ca89eb66147a711c494b055'),
	(429,'d9573b5dd4e49581671defa92b94b0b4f4718e42dd06ebcdee79c45f95db7999'),
	(524,'d9616acc61565a2a2f96f6fed460200ad7efcd77ddc7d5a23b6f8cbeca3ad74f'),
	(699,'d962710ff8234dec04fbad30ec30cabcdc8a3dbad8172f4a7a20c9c02afc8cb5'),
	(131,'d9713e023c08b4a2b391d8f3ee7e6eda1d99b3cd9d53fc77623c931077e4f67c'),
	(285,'d9761b626d3906a3922044817f7913beff6c354906c3522ad653e53e9cc81aef'),
	(967,'d97c633b64b62a56560e48c72ba80d511fbde4098a02d388c453ab78ba24158e'),
	(1186,'d9dddec93a0cc72d227bf7f8cd904627878c655c0f40538f912f2b12547199fb'),
	(1245,'da0a27f26fc9b06b3ee02d6fc624c4e5f7c773251a252c407d552c263975bd0b'),
	(1326,'da2b88ebf61e42da98a4d0215bad6881ea96e818846c73ced6f4d32ff91300fc'),
	(1605,'dad3e308eef3624fde890ea7ab8d396251d13b49b78e9d2c638b843c15e72e6c'),
	(1072,'daee5c9e1c785f7c84af4b946fafee4bd2bb92c7e89dae74a622e0ee2e91d259'),
	(1807,'db001e783eacc5cac3f8bc18693ceb0be3f4abeaa12fd2a6768d5f3621f3c051'),
	(1891,'db04509005a3b72f6389d43fa43c57deb56de0da01a41cbdfdde9dc1ea26edfd'),
	(709,'db178e5a0d66a07d76069775df59e69c0e8528d4d8beff51b83bb78f8da1cbd3'),
	(824,'db3075f75fd651d181bc40fbb8e2931a8b8e7df621a85c39379ca36f4dcac88e'),
	(1585,'db5286f65bd5d6d06564c324674c8ec773c5bd515aa9e4f505b826b044048033'),
	(1708,'db7674983155b999f20c74221a149d14153d64c90ab3eda3b7fce7adaa68e978'),
	(411,'db909f856e9a3fe29b8040efb4b21299ffa9b24910a055457f28237280b767b6'),
	(777,'dba0b2d991763cf4135d73bad1589ad9a403e19508fcb0f6ea9c4329575f06a1'),
	(1393,'dbd8a104cd111af394374584028de890ccae8409ef3a25ea909ffb4b1bc99100'),
	(1683,'dbdbff0238a452c748ac85bebad6fcfe6a88cd761b16a8b4ef0243c79dfb6d1e'),
	(1405,'dbea14eb127c9424ebf1d3013133f4911809653b9ed6a27250df17419630ddd8'),
	(946,'dbf0093c926fda7dbaaff93fbab5167d8f171ba738c5769b27810cb3f1c67c6f'),
	(1376,'dc2dc932173d2fba2b8487b5ef367e2dea21768c926967a6d4822cd8947e1f51'),
	(1889,'dc34cf0d5225e6f714ed4ddcca8447663e42b9c01d420ed71d15c2d85a1660e4'),
	(1294,'dc37746502da47d3a8a2a7e9b7f1f17f44ae3f80fe8f00186b80d3a2507dcf32'),
	(1008,'dc472a8dc0213795af62c54798a2a4ce0e7c606864dd908086b5f50480baa202'),
	(1603,'dc76232320f2936c6338ec1fcd56d11bbe83c0efed1c69de0f48da71cd059e47'),
	(1489,'dcbfce7dddfe6b451637251ab800ef7a084f821addf9223300337a5e66838832'),
	(889,'dcd9d1c28cb7f0c596038c5cda361dfcb9eb149e63baea1cf3ce7b71a2b53869'),
	(1526,'dceb7b0d9aa7820f882820bd90d6c5ba1ceb71c118523c9d28a4deeefcb53fd6'),
	(1888,'dd2e5244bdd25d263fe040251ccaf376a06add4717253920f5ee9fb13c57c0a2'),
	(1662,'dd5e53e63533f99a8c7dd12537c7834092bfd5252d9f5aa98de1e20efda27c3c'),
	(60,'dd5fe542d77cff72389106458adf906afbba4d0a0cebea5eea42f39a3e02eae5'),
	(1682,'ddc626b6699ed8465e5e7bcf8614872ee7d287b14cee00d12aff9d5d47744184'),
	(1425,'de1c63a9d2bafa6960a6d736e6698fce08b350e9081a41fb8293e1bdb9bc04bc'),
	(228,'de303c6005e4d87dedad1e75a1717f56ad87a4f518458e2ea050efdb475fc326'),
	(706,'de57f431b0c6b866d041626777f440013306db54685cce8e68a85de731e6a8ae'),
	(585,'deb32fa95ca3bc35aea0daf0d01124b0e95408150df00d50d0aca36c4b8ad00d'),
	(108,'dec12838f1d2358d03ae4192c94a767096eb8231f1ab6a8faa36619b303ca331'),
	(658,'dedbd22320ab8542b9ddcdd1afad5659b4e280c69708934f3d9d0097cf469bae'),
	(1627,'deee15004202f0b58df80ac0c8667c8841c88805bcf89e8ad1b8c04dc370260c'),
	(1269,'df0d43c981aab0fdf78c115db6531de8b76166201ea9322c3053acd056a8d749'),
	(1504,'df21a9456944f988c88ecb507d674159f802007b0eda977a5ce48b9aeb5b2eb5'),
	(1055,'df2a32081a5362ae51505817befd13adce0ce9c2ae87eab5505d64af5f796f15'),
	(1030,'df6d64f5f033e8d2239554afb54334550c7927e2b3e61ee3aa4452bd861d4f5d'),
	(1592,'df9064c3722aa6b52d856534b85fa4eb05af44e5db91dea7ed8e0631ba1a0c34'),
	(469,'e010e11bc65f89ed7d30682418d2251cee266981a99bbdcfc8ac7fcc77108d84'),
	(756,'e0151b1fe614508760f3ae985154514bb88e864f87bb86209657aa78214759de'),
	(1276,'e02a3501c4c9ed3db5816da4b4ef7a67fdd067cb681a222e8144391457934ab9'),
	(748,'e04fdf46baba785fe70eb39f0b622dd7d7fbfdba622d0401b3ab98cba29f0bc7'),
	(22,'e058eb20cb989374675d8db7f2b17b396a4df421c539388f29b3840f46712944'),
	(493,'e060fbe1cc16806414b809be3c1fcd62c70fd3d5af9d10494caac582ed0f9624'),
	(757,'e061b54fc9dbce637c5d5e173270ca5a55ea907dc8d55c3b0dbf588936c42039'),
	(512,'e08144e83e50a8780e43abeb88e3f6a7004e2b79e982c59a96b23388d9448beb'),
	(1445,'e093ed66791e76a455fd51493c0a0e9f8d7e3393dbe37ab09d269d28cb117180'),
	(308,'e0ab84ef4e35e9affba98606ee0964d223f5bdac75a2ecee70c80a3fc792c20c'),
	(1481,'e0e0b9c85339f30327ad0676127ad78aa185690c3c5d8a013eb1f5150a594474'),
	(1314,'e0f4765f9a96822ff156364c748dee51909101a97cbd4f906af9a040b8462c4e'),
	(1014,'e1325dca02bc7ce508e719de86385740bfc838a18d64cef85485ee669555c706'),
	(197,'e13c3c4d67a186e9c94394289f38a61767b5b81059a982441811908babf16f42'),
	(1225,'e14ba61bf568472fa93084575420da6a739e073f7cef91143766a53968a42f1a'),
	(1304,'e1521a85f7a0424d400258f4ca53d74c2d2135cf30f2b8a4368959f2dc18d3ce'),
	(1148,'e1716dcb15d265f2a06c7651e51f8dde6e9fd8db3b76dde3b38553ec0a31c887'),
	(1528,'e1ca7b0689d7937c74c5d7a5b325ac94b38045a72bb0b48de1ab765cb049814f'),
	(738,'e1f6e2ef7bf53826b677defe1c8452e495404f53283946b274277f7b2f541089'),
	(1862,'e2202b573f35a6c9c10e30e41249d0f533fb21dd8e6c5962c4fd31c83ad4d5ff'),
	(1373,'e230d046c146cbb7c247f67fcac2a0b44a3fbbb20978480beddac651dddd436c'),
	(1313,'e23fc64b85a624fd85fab98c952d6164c216f1f3c5d568da95b524f0555c5ef3'),
	(1484,'e2c03d5071e29ef3f87b5ce36868d457240a2a08286d982f80bdb46080eba520'),
	(472,'e2cba47928eabe10b65ccd32ec334346e9debaff0b79fd8c6106f2b8ce43b716'),
	(1938,'e2d7efd8b13fec6520cc48dd3f9d206ea87255e5a26f39ae78764be980261db9'),
	(323,'e2d8771fb93915dbd14afc52d2ab4654024f772e6af18e7e791561c2422f8b3f'),
	(1936,'e2dcd64efb8bf270f076ed715742a8e716ebccb33a436a68896c0989a6bb3f40'),
	(1486,'e3160637f1ed9afd380f0bc2dd148b80118ad67ca980c3c6f20887cb79a9b0e7'),
	(1651,'e31b6f706f0e97f589a67a32a0abc42983643592767c5b0b0852476aafeb5d1a'),
	(1111,'e32040fc83666141cb3b8b210ae96bd0909fa0241d990f7589b1d3c9f9a63f0c'),
	(523,'e324c64054ff9d4a1a165d2ca5c30fc85e7a414585264ebcd624b2fc2c04862b'),
	(403,'e375cd8ab998ea4dcf5bb0a3e9500c2a60578e1fb5a56a9adeeb0183eae8876f'),
	(1329,'e37c5c4eeec17587ae6484564cf5d368a7dc14078ac288801407a9055fccb470'),
	(997,'e39b63d6d0b4d8f9ebd70369f712a9a8df6bb9f23977c2e935e6473bd0e5f7c0'),
	(299,'e39da39fb38ed0e6a05e6fb22d5e1bc67c90eba5b8d4104a9a0a5783bc215b3f'),
	(12,'e3b0c44298fc1c149afbf4c8996fb92427ae41e4649b934ca495991b7852b855'),
	(837,'e3b45f198eafaaa10e96e24cb2372b7712ff8b6b708a52d39ce141f674041acf'),
	(787,'e3f2fd88e108218952f619db37e317fd4f00370f71aa0670985f7cb2b40b25dc'),
	(1312,'e3f6feee91f5b8650cb389a676fb4abc130498bbab3c87910aed718d14c86107'),
	(1211,'e4140832d8a319ddf621fb7d4fb266a35f7063aa84f791f7b17fe9a1375accb8'),
	(1618,'e443d1a97edc37356386a170f8da89b2945e90f7d041fcf0b2b86151b4a4d9f9'),
	(388,'e45c1914d8836385e897a6db458a8f792e986aa03ff9f861084cf6fc7438ef07'),
	(246,'e48f2ec893af6ba9e6bd8b174143cc6586ce05dcef83b4cc54d2e108ba73979a'),
	(526,'e4a3e671880cefc4affeef0423cf29a0448aab1296251b4b51a6974492572ce3'),
	(731,'e4af6df230c4e7a881dce7bc4019b978179adafe7082f4ce2cf01b101867b511'),
	(222,'e4c41da700dfa1eda60c483cf7697ba4104e03fc4915bd2f5b32b69c0c99dcbe'),
	(394,'e4cac3e537808fe6ad181e58fedeefa445d8a3fe162f0c09528fc3a54aac1d64'),
	(1104,'e4dc30558838ea25a3baadca8950e8a74d98d55ff6c8d065ccf9bdf332de1914'),
	(1611,'e4fe54df6179a2f82d72529e0b576fc39f4bf2036e6e6164c2fc7ed9c3c5ce71'),
	(1624,'e51ad4d80024fe9800db2bbdf12fedf9f3915a0c2834513c90e9892ce3b7b917'),
	(640,'e51fe81377b8051cea2fdccde452239d06b99bf221d16ad83b3d83a028ee4c14'),
	(350,'e55e09bcc83fe0b88a3dfa71c6a2fec8405abc18ddd06fbf902fc440758b64b9'),
	(820,'e56e4caa8acb1519f5ae673adb0006729500e878b0f1c76fddccc8dd5788dbfa'),
	(1248,'e573dafe379ac0368df721000a85e2350d363327983b3cbaa4958b4bbc5c5eb8'),
	(626,'e574bae4c6bf6d4df21a8b1ddf41d8239d0f9d7688969abb05f4ccce1c44a513'),
	(1352,'e5afb58e9a6608cf3f1431e8bf79dbe7dccb764e7bb8cbd240ab82b0f3708ad8'),
	(1510,'e5e75c77057dcb049b82a32daa6c6df9f37c629739717f43641acc01e943f6f9'),
	(1423,'e5f192b7a6fcf1d8934c316c9bd430186dd7d7aa47f2f90bfc323d3a2ac2626e'),
	(1371,'e608fdc2a94cfeffd79cadc73861c061fc151217e0bde9b76502a15bc7dabb13'),
	(1556,'e68656863a54b0139c9ea1add276a7b9282c3f1a2c0362571413a8b5936487a4'),
	(934,'e6b261d7659c00fbb84d3fb17318282f94149b6ce9529618efedebdff8eb6316'),
	(1085,'e6b2e1d3533b3ccb63e3a9f6723261f28fd648499da7a028452dcd303b1fe87f'),
	(775,'e70ec81cf564f84f475afcee086fd98c6b000538c41c796896236070d7fcc845'),
	(1914,'e71630417631dc56d6b30b1c4eb72af0129657b73caa76e8bd7dddea9557a3ed'),
	(704,'e78ba239cf539f2f1c6673c8708eb9ebf46a1caa483eea12e8acbee3117a8dfb'),
	(1474,'e7cacd0eeae1a451073e8cc3f05c42a0b25e4deca81321f15a411b7a1b9d954a'),
	(1300,'e7d12450ce7c1c7808138e9ab82ca2183652f6e07c2ba0b762c60810061eecf7'),
	(1522,'e7d1a302d9711c3847648451cc1bee385cbc595ea5ca84d0952b456b4062dbcb'),
	(1935,'e7ff2f360418d5fc57090cda73fbb175cfe945d1b9cf4564a0d83726830501ce'),
	(1903,'e81e4b5a7c1ccf04f89ee66377ed2ca1f1191472a470e44e09ddda43fb670b2f'),
	(1722,'e84db494228469484a5946d680f0a05e48076a6a8aaf215ea10836c7fb0cc3db'),
	(1190,'e85bb212080e7b8942a77680788e946db18a7a90b4b10e793983caf10ae0e2f5'),
	(866,'e89483588a7bbfb0780831996a69deea004c226a120ddbda26c279618adb0d99'),
	(620,'e8962cb062e3429382a39ee18b88d0654eb31b21b5c90d81c4a60c515c7e7e22'),
	(1089,'e8c89e4957b8d66730fc37af352f502d15dd36a6f67095bf1f7c661ccc7cd001'),
	(1644,'e8ce9f4c71f31b226077c4a5d413b5bdb2e81e0fe49ac470b2aefba039b68de3'),
	(1512,'e8ceb1a3296de75e6a458ecc10123ed409e5760895bbbd44f74f14673fae6168'),
	(1613,'e90f3e4b2b9230e43314252162873b96889b0087da2872f8c07940256f7fc714'),
	(1218,'e92546736e7310295feba0bbefc0528c649f5533d60730b6d355db6364f11202'),
	(1716,'e9a63d58724f73386b1dd164b7a2c10f0c085a605db6c8a3091ab137a19ddbd9'),
	(371,'e9e3596bcc348242c3a7b72725f543e4eaf31e795e1656fe0635e20a2327c631'),
	(1494,'ea015519ac150d84d1b983ac6cb0e64e1d6d80bc6d5410df226f7db6955b1454'),
	(693,'ea0db9901882eadbf93203d227c7e4fe44d981a3a5489bfd5ec63cabe9646a25'),
	(650,'ea5969d60948212e924a168bada153feb6e4fc5f749fca0283182e9e0d0fc51a'),
	(1574,'ea6fd33fadecd8988588246aafb66da9c6ed1bfcedc3bcb31b9acc4560bd02a2'),
	(1277,'ea830afd24d782d750d9ca9092bfb890c1a980767388b88a94e0105597b99993'),
	(402,'eade9bd8628f5db58bb70ca462569572bc212cbaae49dd57a7b9b9600a7fb7d6'),
	(1876,'eaef1b46d437ae4cf3f1ebda48f3f42c38b1bf2073129a664599330282bb1fe1'),
	(291,'eb6035f9b7c47192f6e385f1b2b82a0e2a3ed172cc91bf27d95c27e54c5531f4'),
	(1677,'eb6dff8bd5ca102335b9e089be061e74fffca4296a2edf57922501499d609264'),
	(1783,'eb6f334511e104cc530ef863bebd91ddc28edae3f0233c682fa3079e635ba78f'),
	(1034,'eb9bb388d018a7cd36b0a388faf6f3469840b759a38d48865aef56b36215e165'),
	(39,'ebbcfd6113d10b90d84867cd49934979bbe80092ad52c416a68752c8824833bb'),
	(1288,'ec006b3584b4c7f61dd44459a4ad1432148c1322bf8bd81de2729acbf1e68cf2'),
	(1607,'ec283c67b16b6ea61615ad7466a1ac766dbd1ae00261c5f8a40e679fb7799bb8'),
	(1153,'ec431f6aff7614b090da6f1fa48233728e5d0f16eec3d4d7bc4872d6ec51d5cc'),
	(122,'ec7789a64d6a9a5b27bce07c1501127defa04ed3fb6fa25a2fc130d95c3d6b1f'),
	(758,'ec7bdc53c2b08137309ac9cf4d46b0a1bc41a72b0af38647041c6758d8a11a76'),
	(1433,'ec7f244f866c3929a7569eb3e422fb91964948f6ac80d28734c155e8eacea511'),
	(105,'ec8de864711539ed360732c24e8765afc44424ce20b5d9a53a2a23046112c0aa'),
	(632,'ec94d1b85828f1e5e9a2c5c5ffd3c9e3c9fc1c6b97b4ce813d933f081b306a5b'),
	(818,'ec9af64807b5630c96b0916e3a9b927b29c9fd1834de585c9fd4d380752852de'),
	(174,'ecaf2a50d66bb8bf9059fbe7c26cc6b06f21d4f4b39a0b00e6a7fa505812ed9e'),
	(1666,'ecb8ccd21a7051810ebda58aec811f2771a7f5ba4dc8e0d9b4f928154a2fd1c3'),
	(139,'ecbc9da381b489db78aab5f907a8b0c67f887d6a6e011c1c97fc6219d4fc690b'),
	(1535,'eccca9640eec7b950f248da9ec34ab22f271ee650c7870c4cd62a8357f647c7e'),
	(1385,'ecdee8669918c2ab6454d8e383c0016885cf1aaa2be6d9598bb2d3d8d9999985'),
	(533,'ecf3b01fc065460a1f783c8ca3e0ecfd8f0cbf9fb9e8a9e01a371088ab3c34aa'),
	(1204,'ecf69dce78770819d84cef4f4081c9ba05b61476487672aa0c410eec84ddecfe'),
	(1810,'ed182b5307a73f3fa5443a0040f8d6ec29f37c4339c03e8d262ee6382517f2c6'),
	(987,'ed98dddc9afd37eb4d0c481a231fdaefe6f71c76f04e3f89afe32cb901aa31f6'),
	(1408,'edb8f594402cd21f454789b4bfa4a1e33fa4c6cddd89c19fcc647c2f5efdfe27'),
	(239,'edbecef5648583f94ce80b0d5fda7a0147026110ccfe7c9802ff7ec5cace2b84'),
	(1538,'edd49eeeb7015cb3e8e6056e4818de4af68d1842ace7947f91e933917e87aec8'),
	(1787,'ee11f01026518a32356328a9f4903c36666fb6249424e168975181247469f26d'),
	(1576,'ee1763d5f481e0e8f2c31eac020a9a2437b1d9c779aee84858be13091c0c673a'),
	(1606,'ee27d6a4c7f036f8e1a8fdbc48f9a1c8914efca006ee991f36894411434da8ae'),
	(1224,'ee2a22540ef3e987d96945ad8ee1c63d82ce0262e43f5d04aba2841604c2b092'),
	(1160,'ee5b2d5ba24f0a102b9eafe7881a10b3c59fe0e5f5f9ae27b22dc2fc33b7057d'),
	(1033,'eeab7ded54dc82f4da69423f7c7264c545f7b33d087e1dd676ecdf992958db58'),
	(1829,'eeb0df262abe34fcd8387926d7dcae37b3b02ab723d229dcadc648eb0409dd2a'),
	(935,'eec8cfd0ac8fd77b5ff6dfb51cff163d37f6c0aed495404093e8529d82935548'),
	(856,'eeca07898e329ed372d9da162920c70b734479f52274f80bdc398d22865ec05d'),
	(1852,'eefca2438e0f20d13f4b8f917cc3b967cf69d56b3d62514cea31a78bb7e12a6e'),
	(234,'ef11f33c5207474a4888a5d5cd640bbd19b0a687ced980f9ebdb760702eb1f20'),
	(1805,'ef596ce5da81643f1d7e9c3e294256d015f201bb19d581683bdb04d7dd3830f2'),
	(759,'ef8a7af71d87e3f5391c87b514b055c328a9472602a63f7598a275e4ae839627'),
	(1937,'efc6e40f65a75b7cd02a54900e370e65aa1316d12f552d1794b86b958f8dc775'),
	(912,'efd92640d1bbb3164def491a87c41a2ca3b943d3d1bc3f17e1a39c4e6cd15494'),
	(631,'efe9fb9defe8da6e8ba94f04c8054d90612d5bf44c91fec63c7638343adae519'),
	(1801,'eff8dd85d004b6f1eef732f3439f605a21582ed6ff76c4ec64295a792c5618e1'),
	(1553,'f02cc5042fb1794e9e3967b0575e9a549722fb8820b35654fbe3fe3c46682a98'),
	(1533,'f030889fdea26e9c11b298121059606bdc8aae5f442bdf4f58d12b021d0c6a9d'),
	(1395,'f0800d043fe1a1bc606ffc28dcbf3087ee12df4779d1afd3f3b31a6226f3691e'),
	(424,'f082581cba65af3070346e924a46e9b82900022a8f7923aa3aac81400a8bf455'),
	(1649,'f0a7cc4dab06bc6e22a090346c5542f303a495d30c9cf9829cd515028671914f'),
	(1356,'f0bd941c4f0db01c56f82f6f52ac36894a21b73adfaab6eec3924900422529d9'),
	(1437,'f0f58df0b52597f10501ec84eb8a978fc94c1696a04d497598ca06b452b9fc12'),
	(1724,'f0f91e2ce11b96dfb5927dff594e18904485e1b8097a19c762e97415b51548b9'),
	(1461,'f1092e21f439e1f4407a6d10d35feed33f508b151713e230f341678ca058c5ce'),
	(914,'f1120d4893933ffc75d7500bb852c10c4c1af2f1baa10a6321bd03f22352de2b'),
	(977,'f17229e2d4caecd16aa68f1eff6394d9b49cc5921f88b025d806a7cd3ccbc629'),
	(1480,'f17f4e569775f46fd7d9e97f44c6da898f199ebfc05564f2f7ac667354e2bee2'),
	(1658,'f185a0bfadafd5d6521555714c892b902e355102db94bfb1365fef1cdc2fae5d'),
	(1817,'f19380f242b6219c285e990820501cb58850ea56bbcf1ce4f62ff4eabf751ac9'),
	(261,'f1f38fd0754da900cd51c3aef04af592fbe7783df695cee887b5bf2286b67abc'),
	(962,'f1fa3abebf04d596b7d175eb3367a61085531d68c8635cb05b449bdb142a4d71'),
	(1122,'f211c9b68214b748b66d33c8247b557103c5d309e1a3632760171e24fb124ede'),
	(1641,'f21427b8fb3cf3b4c87e0618c1728cf99cfa2644bd0f891d6dedcc7c259af5c3'),
	(1776,'f220dc5fef2f21ad45be016c7f67012b32fbf8637f7ced913400c209bb3c927f'),
	(80,'f221c55e8880ad65456dae80939ba3f4942771a4a74c7d371e4430d877a63cf6'),
	(1932,'f22227a9e3f2628b32245713b243f83a72b16a4683fa050a8dfcae4f6d206c0c'),
	(1614,'f245b4aa69870c86655ba28e5bc1aec5750bdd4d6d1cd8cc20fa224abbba033c'),
	(1500,'f261e37597a8f32232ae2d642b7063f9a0d708b3d39ffd6de29f5762c16b91d7'),
	(357,'f2658360bbaeb9e7d86d90f52c646c78f19f1284edc7ffd183669f8b440376cb'),
	(1699,'f2a281cea6d7739a0ec493cb680070c2c9bd703bc6e4dfc7de4f760af9a8cb0b'),
	(1435,'f2b38ceb469571d9777bafe5e6d5c8774f9643706f6802e7a3e67371a937b409'),
	(1751,'f2c632f9ada019c1da4370b11e8f70a84e22859f7a9b61507ff92ecf60a64f31'),
	(561,'f2e3c35d74e20847980ee5fe9b94e51f8d819359a14bf2ede711d0322d677ddf'),
	(1321,'f2ece245b5719cb42a9da97a10d757c7750b8105e49e978651f807b8948b658a'),
	(863,'f2ff60ce98274148497a7322faf9d71497523ccf19869cb75af317aedd90d091'),
	(1375,'f32313c8983959d709cfc6470f632028bce9d127784755268b0c8c606acb723c'),
	(714,'f3321db7375d528ea22bb6090552c865f64fd0a43104078ee2ce0edad4ff4f09'),
	(915,'f33e6d092f79501f2479a5ec78271aa9cb5a1b3f4eec24ac6a7453664c2dfbdb'),
	(582,'f3436e8dac73e68ba774a4ea9e6824ea24149082fdf8a84494374ef7ae57f641'),
	(579,'f36ae8299b160873aa1b42780c4214727f50634b3f403235a9e1bd4750b64ffc'),
	(1419,'f37ee4ca339e59e0871825f260d05f49df42652d499776701c0e8f1cd6dad7cb'),
	(622,'f394d068c1ee58348b88e5acd59496db98c23a6bdb92313d1137c662f5277a8a'),
	(181,'f3aab0c3a37d0fbbda4bda29fdf6fd5f7b66f735f0a0fa1bfd29e8e06b464f04'),
	(697,'f3b48b39cc21457a4d9da1cb8e83f04c677076dce4d0b5264965b960933e0ebe'),
	(511,'f3d1917c3b5c728eff72a03a5e86db2a030008f030547e01e39a1c2b771f9e08'),
	(1191,'f3f79a2974fde6e5dc7dd8acdbd74dc590cb177aecc2031c63cb95b52dd762ee'),
	(1625,'f40027a1a0ad9fa48234bed92b5da1c5bc5155c2fb7e38e300be13b9406efb5b'),
	(458,'f4615e63f327de51cfe50199b72ad95273b28dc29db334cad04362957d0a0a20'),
	(605,'f466129b930a6bfc0d95fe6e27d50a2ba6cbed5894a36c15745c2a35e6689af2'),
	(1680,'f4c62a3aa1c175bca196e5f386bfe7479ed2a623fad83d3c3ee776a3366da250'),
	(253,'f4cd1fd764b4080dd85bc7cf59c21cdf57ddb5a8e82725026976578c10a198fe'),
	(1452,'f51192f67a20466985df90ba3b8523131f30a00ebbce9a0132067e3e059eb572'),
	(737,'f520417ea2f2e9453c191170897725cf0165069df20f6fc4f7b1756ec08393a7'),
	(1432,'f54cbe82cd94ea5691ef8d87a82ddfca0375b89aced6d766507c42517a45bb11'),
	(1792,'f56007cd52deee7ae72276796b754c99475cd9efd0eb3fda64e3215aa693c9a9'),
	(1387,'f5822b6e14990146b4eff75f134bf69b1abc1f740fa156b47ea3e213c87ce400'),
	(306,'f5832f4e2d0e3f64bb605f0c2e686063a0b71670bba2460379db5617a57d8fbb'),
	(1642,'f5a1136034c9d7f27551abf5f42fb056515b1ade9f9a18cf5a3d02c6749247ef'),
	(784,'f5fca344894b98b5b81c47e9208feb76b9837ebea81b0d3756b8f0922d7619a9'),
	(314,'f5ff6a09faf24a86ccdd8b8afc6d8d03275cea27989a427e6026a3ba313ea639'),
	(1922,'f6041144f4f9e8576476ab8a43d9e8cba848db26162c13d30e7545b0e6caaff5'),
	(337,'f6226a97ec8507a31cf799b3f4b097185bbe858bca9843dd95cd0ff67a3f6406'),
	(1467,'f631834e694546db6c4e8c699d58d72e796dd6cb41d9861dfb6fbe8bba66ec24'),
	(1184,'f63c2a56c68de68883199195e99338d2aab3d59d39503c317138219b0d389c1f'),
	(398,'f6602b62dae562f15f6efe48858c30a230060415630246bf493ffc1f5815c123'),
	(668,'f66d526456a8691f4d562b39c2c6f0899f4757939db12d545b1e07f872b78120'),
	(283,'f67447dead8af6f0dc5e1d2031ff2c587de2b9c284d5aed087e8ebfe0f90aef7'),
	(1786,'f683e6847646cd18101a9036f066b2e7a1c17e45b12440f6ce6c190e57a1026f'),
	(9,'f6ab2ade3535b63061bd18f64667e014f97eb5596964aa0941f5e58218ab96c3'),
	(665,'f70989f7a3dde5785acb1f444c4a1f99883d70e1a7a0547d886d8dc4749d32a9'),
	(825,'f70a8f2646b317b509940d22eb6e9f94cee301fd28e5575e1291eda7bb875dfe'),
	(182,'f72ccbaa747d3b71fb3caf8f741e5f11dca8f8d45d2c484c3fa3606f1801adf3'),
	(1626,'f75a93907854b1520119e3de194f30c66e382b2e270b58fe9d233894009124c9'),
	(2,'f7af569061053a4a46f3b5bf2899ba54e35f59cc012c8a52a584c57c63403048'),
	(1927,'f7b474079d7ea85bcbf86144e90c73f9b212f437bf6b071a8e14d1c82b11c486'),
	(645,'f7b6ec6d3129cc62839a764c2314a8aa45a3d80a309a3cb456f5f2410176e95e'),
	(433,'f7c82a9218dd46cf78ebe621442d596a0aa0a4aa917a86d7c683e4715309e1f6'),
	(1901,'f7e1b679f31f75e62e2f4e578fc454bbec2eab2d845cab13e1bcef3c33ccfb30'),
	(827,'f7ec409f6a516f8988a828d4b361546ce1283e6a43236d13c5b07e54a5e25ac6'),
	(1623,'f7f2d9006ba268a18d2e0035b00e078dd6d757d13da8007319b9a79f4b98962c'),
	(643,'f7fd0be559dc8eca6fab4187d5a736186302c4c08afc71f56575c7377e24f558'),
	(1272,'f808c1e6e0a291c2a10cfc1a1f2a40df1c02e2cdc4fa72be030ab65903d2ca0d'),
	(1440,'f812837bd8296a90f8d5ee9a48b91a6cbc7e723ce50a9dfe5d8b41abad4b7c3e'),
	(614,'f84ab908998bbb65ada82b125401ebb3929f25dfa9e906914c7c635c29480e02'),
	(1570,'f86f33ecc484a8032d581965d648463e68da6953d6fafbe74d5611393e023b7d'),
	(1165,'f87384bf34967d3d9d76b7fa046946e51d090b80b7cec93eeb2bc2265f5f431a'),
	(679,'f883dab10c5543d8a3c418f9fcba207c5f555351bf299d63cc3b16c4fdddd794'),
	(772,'f886d5ab9077745ddab88661ea99f4e73b62054903545ee5dc0383456ad79155'),
	(972,'f8a6c8082aa28bee63ce9e415c910cf5b63bbd983c828ad16c8f4e04b529feed'),
	(57,'f8c108a572a7a651ef8ac71bee9e4c2767ed1e6dafd1032b682eb2903da27811'),
	(778,'f8c9276f156a6abf0365088db99b812b89659e1bf490e9b75d3ec12640ab788e'),
	(937,'f8d4e6e57e5f9bcdc9677bcd6a669884d5d04b73d9fca08beb4997cc3efee2f6'),
	(153,'f8da2cbb8acee917d206ca63040fa67daacdebe4abfa1e447dee9382e4033883'),
	(646,'f94411f598d8273aee99f038ed54e9c5c3f55ef4e88d8711257aea461d8468f0'),
	(1091,'f978108cdb8676da170bb31e4a67489c4514cc01a1d87b8b93b7b50fe2a02191'),
	(255,'f9831d359b02f2f474c641d3b960a208d9ceef9cfcb8f2b83cb5e10cba4a4cf4'),
	(235,'f987559ab37a1fdba9f4dec2248dfd016b3a52eece6ef817e08033e2826b1f54'),
	(296,'f99fd68a16b1ef40a6c4fe20e13f9d0eaff1544da15971640904bbe182e38313'),
	(438,'f9cbbf154a55b05e1233ff61512fa8907b5d252cb581b1a8033dfc46b7e2d22c'),
	(72,'f9f8e49a4b4f48b5118211edf340e87748dbee0cf7a02b4c377d6d48eb5fb7e3'),
	(28,'fa062a24b9be75ba31c21739bbd968acb6230fee180f0bedc5cf6d5d435631b0'),
	(733,'fa08a58b9865a0ec5b8112c92077361ae99a6ddf56a52b98ffd935902e034bdb'),
	(1217,'fa6f02ae5ce85fb94fb77c7e166d09b85f57ae0d02e4e19dd0c0e19124f51b85'),
	(64,'fabbb7cc2a314f0b89e54913bb1a95c40bb46ff329806b2cb6e2c59093de230b'),
	(359,'fad524ff927f0f6ca013110faaabf9c1344c6dfb01449c3ed7e20b3bf2c5c03b'),
	(1782,'faf4072fe108db6cb894bacdbed48055f6639bdd2136450b99dd3b1596f25363'),
	(335,'fb2d6e4ed57f5a41b888225bfb8a9e88ef17d71a50cbcc75a1df6df6ba5249f8'),
	(1818,'fb74d1617135bb91c88574673b90fe687aceefbe218f6af2f553e9bf01641a2e'),
	(90,'fb9f743795bc31abcb2b9b4946aa2eb1c17456a5744df69b14c91d447a7581c8'),
	(1394,'fbd64f6f58f6bf648b9de854ae90cf8212dcf614ad249e30a2da3ea644df2186'),
	(1918,'fbf707fe78356dad1134356d83833daf8c5c803b42ff196ef9d0b7a52079d386'),
	(1102,'fc14a6436a0ff09e2b9d10baca0da5dc440fe520e8226dcbb0f77c3ec45222d6'),
	(116,'fc591eb53765a8765bd57cafeef637c70b1e37146cc5b6083481e0ab63ac9c2e'),
	(1237,'fc682c8a59aaa1549966fdf0ef1405305dda4071cabed879295879f28c604978'),
	(1870,'fca66b7bdac9503efd067d13be9abac52e64c3a250da199c509b773f6cac8946'),
	(53,'fca7ce12e9809ef98ff9eec745bec7de5b8c12cea6028561bcbf01e90895fc42'),
	(1872,'fcef5cf7f76065c2a376ca9d6e9c487b6286d27c264c4ee07117ce8557ad9f07'),
	(639,'fd5a6f768c524f6a10da1d5d90b92316acf1805df60b833df4ac43f9f567efb7'),
	(1337,'fd73270d557f6a106e5403f85e1a67a5f7fd39c231fd38567c2e4ccb5ad95208'),
	(1652,'fd73b0670df79e67a57c399a2a63dd7dcb538f892d9335a527e0b56d987e740d'),
	(1011,'fd9fd36ee1a70606f515b8ee7638068e52cf859ba37befbe567c9bf6b59218ee'),
	(130,'fe4e39a35b4d58ed93cdc575226983869171ccf097715fcf96dae7224ad199a4'),
	(27,'fe4f76f79d52232961ac9220769a3f6b0a9c7097f813bd67a8efe79937442774'),
	(355,'fe6dd91def4b6d46f9826d833ba68c1e8f81972e41be3f546f11c6b5042c2a31'),
	(633,'fe9416ac523aa753ce68ae8b2b99ec8df749d5c19bdc47b3f474c216f6fa116f'),
	(1334,'fe9d4797a3db93e0406f77d13554ec83dac2963aaf5ce267e79d200f6bda9cbe'),
	(175,'feb3d613368f9dd4d3d6c8b2feceb67c7e7bbed8b174cfd10a13441657badfee'),
	(1656,'ff4d84c297b37149a6443d54c300a0e02a8d12fde962aea2c187eb7c48c1aaf2'),
	(1697,'ff61a85b1084df43c84e1170583c0df0324a29ac295c87c4e0849f749f3f717d'),
	(1042,'ffda7d4968d5bfe92ffc2ca91e30614347250bff5c8e3340294e3cf78de2c96b');

/*!40000 ALTER TABLE `kryptonit3_counter_visitor` ENABLE KEYS */;
UNLOCK TABLES;


# Volcado de tabla migrations
# ------------------------------------------------------------

DROP TABLE IF EXISTS `migrations`;

CREATE TABLE `migrations` (
  `migration` varchar(255) COLLATE utf8_unicode_ci NOT NULL,
  `batch` int(11) NOT NULL
) ENGINE=InnoDB DEFAULT CHARSET=utf8 COLLATE=utf8_unicode_ci;

LOCK TABLES `migrations` WRITE;
/*!40000 ALTER TABLE `migrations` DISABLE KEYS */;

INSERT INTO `migrations` (`migration`, `batch`)
VALUES
	('2014_02_09_225721_create_visitor_registry',1),
	('2014_10_12_000000_create_users_table',1),
	('2014_10_12_100000_create_password_resets_table',1),
	('2016_11_01_154448_create_cache_table',1),
	('2015_06_21_181359_create_kryptonit3_counter_page_table',2),
	('2015_06_21_193003_create_kryptonit3_counter_visitor_table',2),
	('2015_06_21_193059_create_kryptonit3_counter_page_visitor_table',2),
	('2016_06_01_000001_create_oauth_auth_codes_table',3),
	('2016_06_01_000002_create_oauth_access_tokens_table',3),
	('2016_06_01_000003_create_oauth_refresh_tokens_table',3),
	('2016_06_01_000004_create_oauth_clients_table',3),
	('2016_06_01_000005_create_oauth_personal_access_clients_table',3);

/*!40000 ALTER TABLE `migrations` ENABLE KEYS */;
UNLOCK TABLES;


# Volcado de tabla multimedia
# ------------------------------------------------------------

DROP TABLE IF EXISTS `multimedia`;

CREATE TABLE `multimedia` (
  `id_multimedia` int(11) NOT NULL AUTO_INCREMENT,
  `nombre_multimedia` varchar(100) COLLATE utf8_unicode_ci NOT NULL,
  `url_multimedia` varchar(300) COLLATE utf8_unicode_ci NOT NULL,
  `tipo_multimedia` int(11) NOT NULL,
  `noticia_multimedia` int(11) DEFAULT NULL,
  `galeria_multimedia` int(11) DEFAULT NULL,
  PRIMARY KEY (`id_multimedia`),
  UNIQUE KEY `nombre_multimedia_UNIQUE` (`nombre_multimedia`),
  KEY `fk_multimedia_noticia1_idx` (`noticia_multimedia`),
  KEY `fk_multimedia_tipo_multimedia1_idx` (`tipo_multimedia`),
  KEY `fk_multimedia_galeria1_idx` (`galeria_multimedia`),
  CONSTRAINT `fk_multimedia_tipo_multimedia1` FOREIGN KEY (`tipo_multimedia`) REFERENCES `tipo_multimedia` (`id_tipo_multimedia`) ON DELETE NO ACTION ON UPDATE NO ACTION,
  CONSTRAINT `multimedia_ibfk_1` FOREIGN KEY (`noticia_multimedia`) REFERENCES `noticia` (`id_noticia`) ON DELETE CASCADE ON UPDATE CASCADE,
  CONSTRAINT `multimedia_ibfk_2` FOREIGN KEY (`galeria_multimedia`) REFERENCES `galeria` (`id_galeria`) ON DELETE CASCADE ON UPDATE CASCADE
) ENGINE=InnoDB DEFAULT CHARSET=utf8 COLLATE=utf8_unicode_ci;

LOCK TABLES `multimedia` WRITE;
/*!40000 ALTER TABLE `multimedia` DISABLE KEYS */;

INSERT INTO `multimedia` (`id_multimedia`, `nombre_multimedia`, `url_multimedia`, `tipo_multimedia`, `noticia_multimedia`, `galeria_multimedia`)
VALUES
	(56,'GaleriaComercio1.jpg','',1,NULL,4),
	(57,'GaleriaContabilidad1.jpg','',1,NULL,5),
	(58,'GaleriaTransporte1.jpg','',1,NULL,6),
	(59,'GaleriaFinanciera1.jpg','',1,NULL,7),
	(67,'GaleriaMarketing1.jpg','',1,NULL,2),
	(68,'GaleriaEmpresas1.jpg','',1,NULL,1),
	(69,'Img07-Empresas-banner.jpg','',1,NULL,1),
	(72,'girawolfram2018-notweb.png','',1,5,NULL),
	(74,'1.jpg','',1,6,NULL),
	(79,'copa_2019.jpeg','',1,7,NULL),
	(80,'info_COPA_FADE_2019.pdf','',3,7,NULL),
	(81,'inauguracion copa fade.jpeg','',1,12,NULL),
	(82,'basketball2.png','',1,13,NULL),
	(84,'Gran-final-Futbol.jpeg','',1,14,NULL),
	(85,'14-01.jpg','',1,15,NULL),
	(86,'1-01.jpg','',1,15,NULL),
	(88,'9-01.jpg','',1,15,NULL),
	(89,'7-01.jpg','',1,15,NULL),
	(90,'16-01.jpg','',1,15,NULL),
	(93,'WhatsApp Image 2019-10-30 at 12.20.14 PM (2).jpeg','',1,16,NULL),
	(94,'WhatsApp Image 2019-10-30 at 12.20.14 PM (1).jpeg','',1,16,NULL),
	(95,'WhatsApp Image 2019-10-30 at 12.20.14 PM.jpeg','',1,16,NULL),
	(96,'WhatsApp Image 2019-10-30 at 12.16.12 PM.jpeg','',1,16,NULL),
	(97,'Mesa de trabajo 14.png','',1,17,NULL),
	(98,'Mesa de trabajo 21.png','',1,17,NULL),
	(99,'Mesa de trabajo 27.png','',1,17,NULL),
	(100,'WhatsApp Image 2020-01-30 at 11.56.20 AM (1).jpeg','',1,18,NULL),
	(101,'WhatsApp Image 2020-01-30 at 11.56.20 AM.jpeg','',1,18,NULL),
	(102,'WhatsApp Image 2020-01-30 at 11.56.16 AM.jpeg','',1,18,NULL),
	(103,'WhatsApp Image 2020-01-30 at 11.56.21 AM (2).jpeg','',1,19,NULL),
	(104,'WhatsApp Image 2020-01-30 at 11.56.21 AM.jpeg','',1,19,NULL),
	(105,'WhatsApp Image 2020-01-30 at 11.56.22 AM.jpeg','',1,19,NULL),
	(106,'foro_internacional.jpeg','',1,6,NULL),
	(109,'foro_internacional_2.jpeg','',1,21,NULL),
	(111,'seminario_internacional_1.jpeg','',1,22,NULL),
	(112,'seminario_internacional_2.jpeg','',1,22,NULL),
	(113,'rol_mujeres_crisis.jpeg','',1,23,NULL),
	(114,'cciaf 2020.jpeg','',1,24,NULL),
	(115,'tertulias.jpeg','',1,25,NULL),
	(116,'WhatsApp Image 2020-07-15 at 09.03.47.jpeg','',1,23,NULL),
	(121,'https://url2.cl/fg95b','https://url2.cl/fg95b',2,26,NULL),
	(124,'WhatsApp Image 2020-07-15.png','',1,26,NULL),
	(125,'condolencia-01.jpg','',1,27,NULL);

/*!40000 ALTER TABLE `multimedia` ENABLE KEYS */;
UNLOCK TABLES;


# Volcado de tabla noticia
# ------------------------------------------------------------

DROP TABLE IF EXISTS `noticia`;

CREATE TABLE `noticia` (
  `id_noticia` int(11) NOT NULL AUTO_INCREMENT,
  `titulo_noticia` varchar(250) COLLATE utf8_unicode_ci NOT NULL,
  `contenido_noticia` text COLLATE utf8_unicode_ci NOT NULL,
  `publicacion_noticia` date NOT NULL,
  `estado_noticia` tinyint(1) NOT NULL,
  `modificacion_noticia` date DEFAULT NULL,
  `tipo_noticia` int(11) NOT NULL,
  `facultad_noticia` int(11) NOT NULL,
  `escuela_noticia` int(11) DEFAULT NULL,
  `asociacion_noticia` int(11) DEFAULT NULL,
  `alias_noticia` varchar(150) COLLATE utf8_unicode_ci NOT NULL,
  PRIMARY KEY (`id_noticia`),
  UNIQUE KEY `titulo_noticia_UNIQUE` (`titulo_noticia`),
  KEY `fk_noticia_escuela1_idx` (`escuela_noticia`),
  KEY `fk_noticia_asociacion1_idx` (`asociacion_noticia`),
  KEY `fk_noticia_tipo_noticia1_idx` (`tipo_noticia`),
  KEY `fk_noticia_facultad1_idx` (`facultad_noticia`),
  CONSTRAINT `fk_noticia_asociacion1` FOREIGN KEY (`asociacion_noticia`) REFERENCES `asociacion` (`id_asociacion`) ON DELETE NO ACTION ON UPDATE NO ACTION,
  CONSTRAINT `fk_noticia_escuela1` FOREIGN KEY (`escuela_noticia`) REFERENCES `escuela` (`id_escuela`) ON DELETE NO ACTION ON UPDATE NO ACTION,
  CONSTRAINT `fk_noticia_facultad1` FOREIGN KEY (`facultad_noticia`) REFERENCES `facultad` (`id_facultad`) ON DELETE NO ACTION ON UPDATE NO ACTION,
  CONSTRAINT `noticia_ibfk_1` FOREIGN KEY (`tipo_noticia`) REFERENCES `tipo_noticia` (`id_tipo_noticia`) ON DELETE CASCADE ON UPDATE CASCADE
) ENGINE=InnoDB DEFAULT CHARSET=utf8 COLLATE=utf8_unicode_ci;

LOCK TABLES `noticia` WRITE;
/*!40000 ALTER TABLE `noticia` DISABLE KEYS */;

INSERT INTO `noticia` (`id_noticia`, `titulo_noticia`, `contenido_noticia`, `publicacion_noticia`, `estado_noticia`, `modificacion_noticia`, `tipo_noticia`, `facultad_noticia`, `escuela_noticia`, `asociacion_noticia`, `alias_noticia`)
VALUES
	(5,'Gira Wolfram 2018 región sierra-norte','Reciban un saludo cordial, exteriorizo la cordial invitación al evento denominado \"Gira Wolfram 2018 región sierra-norte\", a realizarse eñ viernes 05 de octubre a las 15h00, en el Auditorio de la Facultad, la temática es sobre \"El usp de las Tecnologías Wolfram en Ciencas Aplicadas y en la Educación\"; a la vez, se le otorgará la activación de licencias WOLFRAM, dirigida por Roy Álvarez-Gerente de Desrrollos Internacionales de Wolfram para América Latina y el Caribe.  Por la asistencia al evento, anticipo mi agradecimiento.','2018-10-02',1,'2020-05-26',1,1,NULL,NULL,'Wolfram'),
	(6,'FADE - ARTICULACIÓN SOCIAL, ACADEMIA E INVESTIGACIÓN','La Facultad de Administración de Empresas se vistió de Gala la mañana de este viernes para la presentación y entrega de los: “planes de negocios a emprendedores de organizaciones de pequeños productores”.  En su intervención, La decana de la Facultad Dra. Jenny Basantes explicó el trabajo colaborativo que se ha venido desarrollando en los últimos meses, manifestó que actividades como estas dan a conocer la verdadera vocación del maestro, que el día de hoy al hacer la entrega de los planes de negocios que se realizaron por parte de los tesistas con los pequeños productores, dan muestra del aprendizaje continuo que puede rendir frutos maravillosos. Que, La academia se ve reflejada como la responsabilidad social que la Escuela Superior Politécnica de Chimborazo evidencia a través de la vinculación, uno de los ejes sustantivos de la Educación Superior. Decía en una frase bastante real, “El trabajo dignifica a los pueblos, la educación libera a los hombres, el trabajo y la educación logran pueblos grandes y libres”. La Facultad de Administración de Empresas se siente honrada con la presencia del Dr. Byron Vaca Rector de la Espoch y el Dr. Luis Fiallos Vicerrector de Investigación y Postgrado quienes siempre han apoyado los proyectos de vinculación y esto es precisamente la muestra de aquello, que la academia pueda dar frutos muy productivos y el apoyo a los pequeños productores. Los planes de negocios se van a convertir en lo que dice el eslogan de TRIAS: “los sueños merecen grandes oportunidades”, es grato para la facultad ser partícipes activos de este proyecto tan importante.   El convenio entre la ESPOCH, FADE y TRIAS Sudamérica es valioso para el desarrollo no solo de la ciudad, sino de la provincia y otros sectores estratégicos. La vinculación de la academia con estudiantes, docentes y tesistas forman parte de un gran equipo que busca hacer de este convenio de cooperación uno de los más importantes del centro del país. Comisión de Comunicación FADE','2019-04-12',1,NULL,1,1,NULL,NULL,'NOTICIA-DE-HOY'),
	(7,'I Campeonato Confraternidad COPA FADE 2019','Se hace una cordial invitación al personal docente y administrativo de la Facultad de Administración de Empresas a participar representando a cada una de sus carreras en el Primer Campeonato de Confraternidad COPA FADE 2019. Las disciplinas que intervendrán en el campeonato son: Deportes 1ra ETAPA (Mayo): Fulbito varones (5 equipos), Básquet damas (5 equipos), Tenis de campo (abierto). Deportes 2da etapa: Básquet varones (5 equipos), Fulbito damas (5 equipos), Ecuavoley (5 equipos), Atletismo FADE 5K (Abierto). Organizadores: Docentes de Educación Física de la FADE: Ms Santiago Trujillo 0984435382; Ms. Alfredo Sánchez 0987067919; Ms. Iván Bonifaz 0995387439. No es la voluntad de ganar lo que importa, todo el mundo la tiene,  es la voluntad de prepararse para ganar lo que importa. Paul Bryant. Para Mayor información descargar el archivo adjunto.','2019-04-30',1,'2019-04-30',1,1,NULL,NULL,'I-campeonato-confraternidad'),
	(12,'Inauguración Campeonato Confraternidad COPA FADE 2019','Se extiende una cordial invitación a la inauguración del 1er Campeonato de Confraterniadad el día Viernes 10 de Mayo a las 11:00 horas.','2019-05-08',1,'2019-05-08',1,1,NULL,NULL,'inauguracion-copa-fade-2019'),
	(13,'Final de Básquet Femenino','Ven y disfruta de la Gran Final de Básquet Femenino del I Campeonato Confraterniadad COPA FADE 2019 en el que se enfrentarán las Escuelas de Contabilidad vs Empresas.','2019-05-28',1,NULL,1,1,NULL,NULL,'final-basquet-femenino'),
	(14,'Final de Fútbol','Gran Final de Fútbol: Empresas vs Transporte. El día de hoy Lunes 10 de Junio del 2019','2019-06-10',1,NULL,1,1,NULL,NULL,'final-futbol-COPA-FADE-2019'),
	(15,'Nuevo período académico.','Con mucha satisfacción estamos terminando las adecuaciones para empezar un nuevo período académico. Estamos dejando bonita nuestra casa, gracias al apoyo de las autoridades centrales recibiremos a estudiantes, docentes, empleados, trabajadores y autoridades para trabajar con más ánimo, orgullosos de pertenecer a una de las instituciones más grandes y prestigiosas del país.','2020-01-30',1,'2020-01-30',1,1,NULL,NULL,'NUEVO PERÍODO ACADÉMICO.'),
	(16,'Minga en la Facultad de Administración de Empresas.','Estamos comprometidos con mucha alegría y optimismo, los objetivos serán alcanzados y seguiremos siendo una de las mejores universidades del País! #Espoch te queremos todos acreditada!!!','2020-01-30',1,NULL,1,1,NULL,NULL,'Minga en la Facultad de Administración de Empresas.'),
	(17,'CACES.','Con mucha alegría y responsabilidad las autoridades de la Facultad de Administración de Empresas, docentes, personal administrativo, estudiantes y trabajadores recibieron al CACES. Evaluando a nuestra querida facultad sin contratiempos. Todo esto gracias al apoyo de todos y todas quienes pusieron un granito de arena para que la FADE pase sin inconvenientes la evaluación. #somos_fade #fade_oficial #Espoch_somos_todos','2020-01-30',1,NULL,1,1,NULL,NULL,'CACES.'),
	(18,'Adecuación edificio de Finanzas.','Tras varias semanas de trabajo el edificio de Finanzas, emblema de la facultad está terminado, las últimas adecuaciones fueron unas persianas que completan la infraestructura y elegancia del moderno edificio.','2020-01-30',1,NULL,1,1,NULL,NULL,'Adecuación edificio de Finanzas.'),
	(19,'Conmemoración del Día del Contador Ecuatoriano.','<p>Con mucha alegr&iacute;a se festej&oacute; el d&iacute;a del Contador Ecuatoriano en la Facultad de Administraci&oacute;n de Empresas, motivo por el cual se rindi&oacute; un justo homenaje a todos los hombres y mujeres que diariamente realizan una labor invaluable para el crecimiento financiero y corporativo de la empresa. <tt><em>FELIZ D&Iacute;A DEL CONTADOR ECUATORIANO.</em></tt></p>','2020-01-30',1,'2020-05-29',1,1,NULL,NULL,'Conmemoración del Día del Contador Ecuatoriano.'),
	(21,'FADE Foro Internacional Administrando la Nueva Normalidad','<p>La Facultad de Administraci&oacute;n de Empresas con motivo de la celebraci&oacute;n de sus 42 a&ntilde;os de creaci&oacute;n desarrollar&aacute; el foro internacional <strong>&quot;Administrando la Nueva Normalidad &ndash; Un Di&aacute;logo Latinoamericano&quot;</strong> con la participaci&oacute;n de ponentes de M&eacute;xico y Colombia, adem&aacute;s contaremos con la presencia del Dr. Byron Vaca Barahona RECTOR de la ESPOCH y la Dra. Jenny Basantes Decana; invitada toda la comunidad a formar parte de tan importante evento, detalles del ingreso&nbsp;</p><p><a href=\"https://www.facebook.com/386278805294205/photos/a.392576691331083/629301360991947/?type=3&amp;theater\"><strong>Aqu&iacute;</strong></a></p>','2020-06-15',1,'2020-06-18',1,1,NULL,NULL,'fadeforointerna'),
	(22,'Seminario Virtual Internacional','<p>Con &eacute;xito se desarroll&oacute; el &quot;Seminario Virtual Internacional: Retos de la seguridad vial y movilidad en Am&eacute;rica Andina&quot; organizado por la Carrera de Gesti&oacute;n del Transporte y el Observatorio Ciudadano de Movilidad Espoch los dias 17 y 18 de junio como parte de la celebraci&oacute;n del Aniversario 42 de creaci&oacute;n de la Faculta de Administraci&oacute;n de Empresas, participa este evento en</p><ul><li>Observatorio Ciudadano de Movilidad Espoch:<a href=\"https://www.facebook.com/ObservatorioCiudadanodeMovilidadEspoch/\"> Enlace aqu&iacute;</a></li><li>Carrera Gesti&oacute;n del Transporte: <a href=\"https://www.facebook.com/EGTESPOCH/\">Enlace aqu&iacute;</a></li></ul>','2020-06-18',1,NULL,1,1,NULL,NULL,'seminariovirtua'),
	(23,'42 Aniversario de la creación FADE - Cierre','<p>Cerrando con broche de oro la celebraci&oacute;n de la primera semana del&nbsp;<strong>42 Aniversario de creaci&oacute;n de la Facultad de Administraci&oacute;n de Empresas </strong>se desarrollar&aacute; este d&iacute;a <strong>viernes 19 de junio a las 15:00 </strong>el foro &quot;El Rol de las Mujeres en Tiempos de Crisis&quot; con la participaci&oacute;n de destacadas figuras del contexto local; para m&aacute;s informaci&oacute;n del ingreso a la conferencia visita el siguiente enlace<strong><em>:</em></strong></p><p><a href=\"https://www.facebook.com/Fade-Oficial-386278805294205/\">M&aacute;s Informaci&oacute;n</a></p>','2020-06-18',1,'2020-06-23',1,1,NULL,NULL,'42aniversariode'),
	(24,'CONGRESO CIENTÍFICO INTERNACIONAL CCICAF 2020','<p>La Facultad de Administraci&oacute;n de Empresas invita a formar parte del <strong>4TO</strong> <strong>CONGRESO CIENT&Iacute;FICO INTERNACIONAL DE LAS CIENCIAS ADMINISTRATIVAS Y FINANCIERAS FADE-2020</strong></p><p><strong>Fecha:</strong> Del 04 al 06 de Noviembre del 2020<br />En <strong>MODALIDAD ONLINE</strong></p><p><br />Env&iacute;a tus ponencias a: <a href=\"https://easychair.org/cfp/4CCICAF\">https://easychair.org/cfp/4CCICAF</a><br />Para mayor informaci&oacute;n: <a href=\"http://congresofade.espoch.edu.ec/\">http://congresofade.espoch.edu.ec/</a></p>','2020-06-25',1,'2020-06-25',1,1,NULL,NULL,'congresocientÍ'),
	(25,'Tertulias Académicas','<p>En el marco de las actividades por los 42 a&ntilde;os de creaci&oacute;n de la Facultad de Administraci&oacute;n de Empresas, este Jueves 25 de junio estaremos presentando las Tertulias Acad&eacute;micas. Contaremos con la participaci&oacute;n de ponentes de gran trayectoria.</p><p>&nbsp;</p><p>Unirse a la reuni&oacute;n Zoom<br /><a href=\"https://cedia.zoom.us/j/91633259870\">https://cedia.zoom.us/j/91633259870</a><br />ID de reuni&oacute;n: 916 3325 9870</p><p>Unirse mediante SIP<br />91633259870@201.159.221.76</p><p>Unirse mediante H.323<br />201.159.221.76<br />ID de reuni&oacute;n: 916 3325 9870<br />Unirse mediante Skype Empresarial<br /><a href=\"https://cedia.zoom.us/skype/91633259870\">https://cedia.zoom.us/skype/91633259870</a></p>','2020-06-25',1,'2020-06-25',1,1,NULL,NULL,'tertuliasacadé'),
	(26,'Curso Virtual con el tema: “EMPRENDIMIENTO, GESTIÓN EMPRESARIAL Y TELETRABAJO POS COVID- 19”','<p>La Facultad de Administraci&oacute;n de Empresas a trav&eacute;s de la carrera de&nbsp;Administraci&oacute;n de Empresas invita al curso virtual con el tema:&nbsp;<strong>&ldquo;EMPRENDIMIENTO, GESTI&Oacute;N EMPRESARIAL Y TELETRABAJO POS COVID -&nbsp;19&rdquo;</strong>, que se realizar&aacute; desde el lunes 20 hasta el 31 de julio de 2020 en el horario de 15H00&nbsp;a 17H00, mediante encuentros virtuales con miras a&nbsp;conocer la realidad en diferentes&nbsp;contextos y situaciones de graduados y empleadores.&nbsp;Ser&aacute;n&nbsp;jornadas acad&eacute;micas de intercambio de experiencias sociales, econ&oacute;micas, culturales y&nbsp;pol&iacute;ticas que nos permitir&aacute; integrarnos y&nbsp;apoyarnos en esta nueva realidad de vida.</p>','2020-07-17',1,'2020-07-17',4,1,NULL,NULL,'cursovirtualcon'),
	(27,'Nota luctuosa','<p>Lamentamos profundamente el fallecimiento de la Se&ntilde;ora Flor Mar&iacute;a Merino Rivera y&nbsp;expresamos&nbsp;un&nbsp;sentido p&eacute;same a nuestros apreciados compa&ntilde;eros Ing. Ra&uacute;l Andrade Ph.D, e Ing. Mauro Adrade.&nbsp;Paz a sus restos y resignaci&oacute;n a sus familiares en estos momentos de dolor.</p>','2020-07-23',1,NULL,1,1,NULL,NULL,'notaluctuosa');

/*!40000 ALTER TABLE `noticia` ENABLE KEYS */;
UNLOCK TABLES;


# Volcado de tabla oauth_access_tokens
# ------------------------------------------------------------

DROP TABLE IF EXISTS `oauth_access_tokens`;

CREATE TABLE `oauth_access_tokens` (
  `id` varchar(100) COLLATE utf8mb4_unicode_ci NOT NULL,
  `user_id` int(11) DEFAULT NULL,
  `client_id` int(11) NOT NULL,
  `name` varchar(255) COLLATE utf8mb4_unicode_ci DEFAULT NULL,
  `scopes` text COLLATE utf8mb4_unicode_ci,
  `revoked` tinyint(1) NOT NULL,
  `created_at` timestamp NULL DEFAULT NULL,
  `updated_at` timestamp NULL DEFAULT NULL,
  `expires_at` datetime DEFAULT NULL,
  PRIMARY KEY (`id`),
  KEY `oauth_access_tokens_user_id_index` (`user_id`)
) ENGINE=InnoDB DEFAULT CHARSET=utf8mb4 COLLATE=utf8mb4_unicode_ci;

LOCK TABLES `oauth_access_tokens` WRITE;
/*!40000 ALTER TABLE `oauth_access_tokens` DISABLE KEYS */;

INSERT INTO `oauth_access_tokens` (`id`, `user_id`, `client_id`, `name`, `scopes`, `revoked`, `created_at`, `updated_at`, `expires_at`)
VALUES
	('18d541f33b5b9aaa366d516738b5ab59fc5ae56a88a2ccaebec062eef5ea70c67d0fadb5ebb1d0b2',1,3,'MyApp','[]',0,'2018-12-18 15:07:32','2018-12-18 15:07:32','2019-12-18 15:07:32'),
	('aa940589bfa7a735ffbac053d069b8b4da6c53807f28bdceb3f90b53122619bda138a12c6fb1d7e4',1,3,'MyApp','[]',0,'2018-12-18 15:27:40','2018-12-18 15:27:40','2019-12-18 15:27:40');

/*!40000 ALTER TABLE `oauth_access_tokens` ENABLE KEYS */;
UNLOCK TABLES;


# Volcado de tabla oauth_auth_codes
# ------------------------------------------------------------

DROP TABLE IF EXISTS `oauth_auth_codes`;

CREATE TABLE `oauth_auth_codes` (
  `id` varchar(100) COLLATE utf8mb4_unicode_ci NOT NULL,
  `user_id` int(11) NOT NULL,
  `client_id` int(11) NOT NULL,
  `scopes` text COLLATE utf8mb4_unicode_ci,
  `revoked` tinyint(1) NOT NULL,
  `expires_at` datetime DEFAULT NULL,
  PRIMARY KEY (`id`)
) ENGINE=InnoDB DEFAULT CHARSET=utf8mb4 COLLATE=utf8mb4_unicode_ci;



# Volcado de tabla oauth_clients
# ------------------------------------------------------------

DROP TABLE IF EXISTS `oauth_clients`;

CREATE TABLE `oauth_clients` (
  `id` int(10) unsigned NOT NULL AUTO_INCREMENT,
  `user_id` int(11) DEFAULT NULL,
  `name` varchar(255) COLLATE utf8mb4_unicode_ci NOT NULL,
  `secret` varchar(100) COLLATE utf8mb4_unicode_ci NOT NULL,
  `redirect` text COLLATE utf8mb4_unicode_ci NOT NULL,
  `personal_access_client` tinyint(1) NOT NULL,
  `password_client` tinyint(1) NOT NULL,
  `revoked` tinyint(1) NOT NULL,
  `created_at` timestamp NULL DEFAULT NULL,
  `updated_at` timestamp NULL DEFAULT NULL,
  PRIMARY KEY (`id`),
  KEY `oauth_clients_user_id_index` (`user_id`)
) ENGINE=InnoDB DEFAULT CHARSET=utf8mb4 COLLATE=utf8mb4_unicode_ci;

LOCK TABLES `oauth_clients` WRITE;
/*!40000 ALTER TABLE `oauth_clients` DISABLE KEYS */;

INSERT INTO `oauth_clients` (`id`, `user_id`, `name`, `secret`, `redirect`, `personal_access_client`, `password_client`, `revoked`, `created_at`, `updated_at`)
VALUES
	(1,NULL,'Laravel Personal Access Client','D1fd3UeGkkSWd1c13oPjEXKTxMXegb0dNQIIfXNd','http://localhost',1,0,0,'2018-12-14 17:22:01','2018-12-14 17:22:01'),
	(2,NULL,'Laravel Password Grant Client','8uJauEDAomAA4qUMeXDuGkVHIqsG1aAtjubaUjGi','http://localhost',0,1,0,'2018-12-14 17:22:01','2018-12-14 17:22:01'),
	(3,NULL,'Laravel Personal Access Client','LHUfykWI6PyX65WQ7l7H5xJaIn9Xk6UrBYYcitrg','http://localhost',1,0,0,'2018-12-18 14:01:54','2018-12-18 14:01:54'),
	(4,NULL,'Laravel Password Grant Client','iIDjCPdQiovuv1ohw1FFlI58Y3dJhu1TAkpchV0i','http://localhost',0,1,0,'2018-12-18 14:01:54','2018-12-18 14:01:54');

/*!40000 ALTER TABLE `oauth_clients` ENABLE KEYS */;
UNLOCK TABLES;


# Volcado de tabla oauth_personal_access_clients
# ------------------------------------------------------------

DROP TABLE IF EXISTS `oauth_personal_access_clients`;

CREATE TABLE `oauth_personal_access_clients` (
  `id` int(10) unsigned NOT NULL AUTO_INCREMENT,
  `client_id` int(11) NOT NULL,
  `created_at` timestamp NULL DEFAULT NULL,
  `updated_at` timestamp NULL DEFAULT NULL,
  PRIMARY KEY (`id`),
  KEY `oauth_personal_access_clients_client_id_index` (`client_id`)
) ENGINE=InnoDB DEFAULT CHARSET=utf8mb4 COLLATE=utf8mb4_unicode_ci;

LOCK TABLES `oauth_personal_access_clients` WRITE;
/*!40000 ALTER TABLE `oauth_personal_access_clients` DISABLE KEYS */;

INSERT INTO `oauth_personal_access_clients` (`id`, `client_id`, `created_at`, `updated_at`)
VALUES
	(1,1,'2018-12-14 17:22:01','2018-12-14 17:22:01'),
	(2,3,'2018-12-18 14:01:54','2018-12-18 14:01:54');

/*!40000 ALTER TABLE `oauth_personal_access_clients` ENABLE KEYS */;
UNLOCK TABLES;


# Volcado de tabla oauth_refresh_tokens
# ------------------------------------------------------------

DROP TABLE IF EXISTS `oauth_refresh_tokens`;

CREATE TABLE `oauth_refresh_tokens` (
  `id` varchar(100) COLLATE utf8mb4_unicode_ci NOT NULL,
  `access_token_id` varchar(100) COLLATE utf8mb4_unicode_ci NOT NULL,
  `revoked` tinyint(1) NOT NULL,
  `expires_at` datetime DEFAULT NULL,
  PRIMARY KEY (`id`),
  KEY `oauth_refresh_tokens_access_token_id_index` (`access_token_id`)
) ENGINE=InnoDB DEFAULT CHARSET=utf8mb4 COLLATE=utf8mb4_unicode_ci;



# Volcado de tabla password_resets
# ------------------------------------------------------------

DROP TABLE IF EXISTS `password_resets`;

CREATE TABLE `password_resets` (
  `email` varchar(255) COLLATE utf8_unicode_ci NOT NULL,
  `token` varchar(255) COLLATE utf8_unicode_ci NOT NULL,
  `created_at` timestamp NOT NULL DEFAULT CURRENT_TIMESTAMP ON UPDATE CURRENT_TIMESTAMP,
  KEY `password_resets_email_index` (`email`),
  KEY `password_resets_token_index` (`token`)
) ENGINE=InnoDB DEFAULT CHARSET=utf8 COLLATE=utf8_unicode_ci;



# Volcado de tabla quejas
# ------------------------------------------------------------

DROP TABLE IF EXISTS `quejas`;

CREATE TABLE `quejas` (
  `id_queja` int(10) NOT NULL AUTO_INCREMENT,
  `tipo_queja` varchar(11) NOT NULL,
  `escuela_pertenece` varchar(100) NOT NULL,
  `descripcion_queja` text NOT NULL,
  `created_at` timestamp NOT NULL DEFAULT CURRENT_TIMESTAMP,
  `cedula_usuario` varchar(11) NOT NULL,
  `nomb_apell_usuario` varchar(100) NOT NULL,
  `correo_usuario` varchar(100) NOT NULL,
  PRIMARY KEY (`id_queja`),
  KEY `fk_quejas_tipo_queja1_idx` (`tipo_queja`) USING BTREE
) ENGINE=InnoDB DEFAULT CHARSET=utf8;



# Volcado de tabla red_social
# ------------------------------------------------------------

DROP TABLE IF EXISTS `red_social`;

CREATE TABLE `red_social` (
  `id_red_social` int(11) NOT NULL AUTO_INCREMENT,
  `nombre_red_social` varchar(45) COLLATE utf8_unicode_ci NOT NULL,
  `url_red_social` varchar(300) COLLATE utf8_unicode_ci NOT NULL,
  `facultad_red_social` int(11) NOT NULL,
  `escuela_red_social` int(11) DEFAULT NULL,
  PRIMARY KEY (`id_red_social`),
  UNIQUE KEY `nombre_red_social_UNIQUE` (`nombre_red_social`),
  KEY `fk_red_social_escuela1_idx` (`escuela_red_social`),
  KEY `fk_red_social_facultad1_idx` (`facultad_red_social`),
  CONSTRAINT `fk_red_social_escuela1` FOREIGN KEY (`escuela_red_social`) REFERENCES `escuela` (`id_escuela`) ON DELETE NO ACTION ON UPDATE NO ACTION,
  CONSTRAINT `fk_red_social_facultad1` FOREIGN KEY (`facultad_red_social`) REFERENCES `facultad` (`id_facultad`) ON DELETE NO ACTION ON UPDATE NO ACTION
) ENGINE=InnoDB DEFAULT CHARSET=utf8 COLLATE=utf8_unicode_ci;

LOCK TABLES `red_social` WRITE;
/*!40000 ALTER TABLE `red_social` DISABLE KEYS */;

INSERT INTO `red_social` (`id_red_social`, `nombre_red_social`, `url_red_social`, `facultad_red_social`, `escuela_red_social`)
VALUES
	(1,'Facebook','https://www.facebook.com/fade.espoch1/',1,NULL);

/*!40000 ALTER TABLE `red_social` ENABLE KEYS */;
UNLOCK TABLES;


# Volcado de tabla slider
# ------------------------------------------------------------

DROP TABLE IF EXISTS `slider`;

CREATE TABLE `slider` (
  `slider_id` int(11) NOT NULL AUTO_INCREMENT,
  `slider_name` char(250) DEFAULT NULL,
  `slider_description` char(250) DEFAULT NULL,
  `slider_update` timestamp NOT NULL DEFAULT CURRENT_TIMESTAMP,
  `slider_create` timestamp NOT NULL DEFAULT CURRENT_TIMESTAMP,
  `slider_image` char(250) NOT NULL,
  PRIMARY KEY (`slider_id`)
) ENGINE=InnoDB DEFAULT CHARSET=utf8;

LOCK TABLES `slider` WRITE;
/*!40000 ALTER TABLE `slider` DISABLE KEYS */;

INSERT INTO `slider` (`slider_id`, `slider_name`, `slider_description`, `slider_update`, `slider_create`, `slider_image`)
VALUES
	(19,'Panorámica Lateral','contenido panorámica','2020-06-12 04:20:28','2020-06-12 02:28:05','VistaLateral.png'),
	(20,'Panorámica Frontal','contenido panorámica','2020-06-12 04:20:34','2020-06-12 02:29:29','Vista principal.png');

/*!40000 ALTER TABLE `slider` ENABLE KEYS */;
UNLOCK TABLES;


# Volcado de tabla tipo_autoridad
# ------------------------------------------------------------

DROP TABLE IF EXISTS `tipo_autoridad`;

CREATE TABLE `tipo_autoridad` (
  `id_tipo_autoridad` int(11) NOT NULL AUTO_INCREMENT,
  `descripcion_tipo_autoridad` varchar(100) COLLATE utf8_unicode_ci NOT NULL,
  PRIMARY KEY (`id_tipo_autoridad`),
  UNIQUE KEY `descripcion_tipo_autoridad_UNIQUE` (`descripcion_tipo_autoridad`)
) ENGINE=InnoDB DEFAULT CHARSET=utf8 COLLATE=utf8_unicode_ci;

LOCK TABLES `tipo_autoridad` WRITE;
/*!40000 ALTER TABLE `tipo_autoridad` DISABLE KEYS */;

INSERT INTO `tipo_autoridad` (`id_tipo_autoridad`, `descripcion_tipo_autoridad`)
VALUES
	(12,''),
	(8,'Decana'),
	(4,'Director Escuela de Administración de Empresas'),
	(3,'Director Escuela de Contabilidad y Auditoría'),
	(10,'Director Escuela de Ingeniería Financiera y Comercio Exterior'),
	(9,'Director Escuela de Marketing'),
	(11,'Director Escuela Gestión de Transportes'),
	(14,'Director Unidad de Educación a Distancia'),
	(13,'Vicedecano');

/*!40000 ALTER TABLE `tipo_autoridad` ENABLE KEYS */;
UNLOCK TABLES;


# Volcado de tabla tipo_integrante
# ------------------------------------------------------------

DROP TABLE IF EXISTS `tipo_integrante`;

CREATE TABLE `tipo_integrante` (
  `id_tipo_integrante` int(11) NOT NULL AUTO_INCREMENT,
  `descripcion_tipo_integrante` varchar(100) COLLATE utf8_unicode_ci NOT NULL,
  PRIMARY KEY (`id_tipo_integrante`),
  UNIQUE KEY `descripcion_tipo_integrante_UNIQUE` (`descripcion_tipo_integrante`)
) ENGINE=InnoDB DEFAULT CHARSET=utf8 COLLATE=utf8_unicode_ci;

LOCK TABLES `tipo_integrante` WRITE;
/*!40000 ALTER TABLE `tipo_integrante` DISABLE KEYS */;

INSERT INTO `tipo_integrante` (`id_tipo_integrante`, `descripcion_tipo_integrante`)
VALUES
	(9,'Delegado de Secretaria de Inclusión y Equidad de Género'),
	(5,'Delegado Principal Comité Ejecutivo Fepoch'),
	(11,'Delegado Suplente Comité Ejecutivo Fepoch'),
	(7,'LDP Principal '),
	(8,'LDP Suplente '),
	(1,'Presidente'),
	(12,'Rep. Federación Alterno'),
	(3,'Secretario'),
	(6,'Suplente Comite FEPOCH'),
	(4,'Tesorero'),
	(10,'Vicepresidente');

/*!40000 ALTER TABLE `tipo_integrante` ENABLE KEYS */;
UNLOCK TABLES;


# Volcado de tabla tipo_multimedia
# ------------------------------------------------------------

DROP TABLE IF EXISTS `tipo_multimedia`;

CREATE TABLE `tipo_multimedia` (
  `id_tipo_multimedia` int(11) NOT NULL AUTO_INCREMENT,
  `descripcion_tipo_multimedia` varchar(45) COLLATE utf8_unicode_ci NOT NULL,
  PRIMARY KEY (`id_tipo_multimedia`),
  UNIQUE KEY `descripcion_tipo_multimedia_UNIQUE` (`descripcion_tipo_multimedia`)
) ENGINE=InnoDB DEFAULT CHARSET=utf8 COLLATE=utf8_unicode_ci;

LOCK TABLES `tipo_multimedia` WRITE;
/*!40000 ALTER TABLE `tipo_multimedia` DISABLE KEYS */;

INSERT INTO `tipo_multimedia` (`id_tipo_multimedia`, `descripcion_tipo_multimedia`)
VALUES
	(3,'Archivos'),
	(2,'Enlace'),
	(1,'Fotografía');

/*!40000 ALTER TABLE `tipo_multimedia` ENABLE KEYS */;
UNLOCK TABLES;


# Volcado de tabla tipo_noticia
# ------------------------------------------------------------

DROP TABLE IF EXISTS `tipo_noticia`;

CREATE TABLE `tipo_noticia` (
  `id_tipo_noticia` int(11) NOT NULL AUTO_INCREMENT,
  `descripcion_tipo_noticia` varchar(45) COLLATE utf8_unicode_ci NOT NULL,
  PRIMARY KEY (`id_tipo_noticia`),
  UNIQUE KEY `descripcion_tipo_noticia_UNIQUE` (`descripcion_tipo_noticia`)
) ENGINE=InnoDB DEFAULT CHARSET=utf8 COLLATE=utf8_unicode_ci;

LOCK TABLES `tipo_noticia` WRITE;
/*!40000 ALTER TABLE `tipo_noticia` DISABLE KEYS */;

INSERT INTO `tipo_noticia` (`id_tipo_noticia`, `descripcion_tipo_noticia`)
VALUES
	(4,'Capacitaciones'),
	(3,'Convenios'),
	(2,'Eventos'),
	(1,'Noticia');

/*!40000 ALTER TABLE `tipo_noticia` ENABLE KEYS */;
UNLOCK TABLES;


# Volcado de tabla tipo_queja
# ------------------------------------------------------------

DROP TABLE IF EXISTS `tipo_queja`;

CREATE TABLE `tipo_queja` (
  `id_tipo_queja` int(10) NOT NULL,
  `nombre_tipo_queja` varchar(11) NOT NULL,
  `descripcion_tipo_queja` varchar(500) NOT NULL,
  PRIMARY KEY (`id_tipo_queja`),
  UNIQUE KEY `nombre_tipo_queja_UNIQUE` (`nombre_tipo_queja`) USING BTREE
) ENGINE=InnoDB DEFAULT CHARSET=utf8;



# Volcado de tabla tipo_usuario
# ------------------------------------------------------------

DROP TABLE IF EXISTS `tipo_usuario`;

CREATE TABLE `tipo_usuario` (
  `id_tipo_usuario` int(11) NOT NULL AUTO_INCREMENT,
  `descripcion_tipo_usuario` varchar(100) COLLATE utf8_unicode_ci NOT NULL,
  PRIMARY KEY (`id_tipo_usuario`),
  UNIQUE KEY `descripcion_tipo_usuario_UNIQUE` (`descripcion_tipo_usuario`)
) ENGINE=InnoDB DEFAULT CHARSET=utf8 COLLATE=utf8_unicode_ci;

LOCK TABLES `tipo_usuario` WRITE;
/*!40000 ALTER TABLE `tipo_usuario` DISABLE KEYS */;

INSERT INTO `tipo_usuario` (`id_tipo_usuario`, `descripcion_tipo_usuario`)
VALUES
	(1,'Administrador'),
	(4,'Asociacion'),
	(2,'Editor de Noticias');

/*!40000 ALTER TABLE `tipo_usuario` ENABLE KEYS */;
UNLOCK TABLES;


# Volcado de tabla usuario
# ------------------------------------------------------------

DROP TABLE IF EXISTS `usuario`;

CREATE TABLE `usuario` (
  `id_usuario` int(11) NOT NULL AUTO_INCREMENT,
  `nombres_usuario` varchar(100) COLLATE utf8_unicode_ci NOT NULL,
  `apellidos_usuario` varchar(100) COLLATE utf8_unicode_ci NOT NULL,
  `registro_usuario` date NOT NULL,
  `correo_usuario` varchar(45) COLLATE utf8_unicode_ci NOT NULL,
  `password` varchar(255) COLLATE utf8_unicode_ci NOT NULL,
  `foto_usuario` varchar(200) COLLATE utf8_unicode_ci DEFAULT NULL,
  `telefono_usuario` int(11) DEFAULT NULL,
  `remember_token` varchar(100) COLLATE utf8_unicode_ci DEFAULT NULL,
  `baja_usuario` date DEFAULT NULL,
  `tipo_usuario` int(11) NOT NULL,
  `facultad_usuario` int(11) NOT NULL,
  `escuela_usuario` int(11) DEFAULT NULL,
  PRIMARY KEY (`id_usuario`),
  UNIQUE KEY `correo_usuario_UNIQUE` (`correo_usuario`),
  UNIQUE KEY `nombres_usuario_UNIQUE` (`nombres_usuario`),
  UNIQUE KEY `apellidos_usuario_UNIQUE` (`apellidos_usuario`),
  UNIQUE KEY `foto_usuario_UNIQUE` (`foto_usuario`),
  KEY `fk_usuario_tipo_usuario1_idx` (`tipo_usuario`),
  KEY `fk_usuario_facultad1_idx` (`facultad_usuario`),
  KEY `fk_usuario_escuela1_idx` (`escuela_usuario`),
  CONSTRAINT `fk_usuario_escuela1` FOREIGN KEY (`escuela_usuario`) REFERENCES `escuela` (`id_escuela`) ON DELETE NO ACTION ON UPDATE NO ACTION,
  CONSTRAINT `fk_usuario_facultad1` FOREIGN KEY (`facultad_usuario`) REFERENCES `facultad` (`id_facultad`) ON DELETE NO ACTION ON UPDATE NO ACTION,
  CONSTRAINT `fk_usuario_tipo_usuario1` FOREIGN KEY (`tipo_usuario`) REFERENCES `tipo_usuario` (`id_tipo_usuario`) ON DELETE NO ACTION ON UPDATE NO ACTION
) ENGINE=InnoDB DEFAULT CHARSET=utf8 COLLATE=utf8_unicode_ci;

LOCK TABLES `usuario` WRITE;
/*!40000 ALTER TABLE `usuario` DISABLE KEYS */;

INSERT INTO `usuario` (`id_usuario`, `nombres_usuario`, `apellidos_usuario`, `registro_usuario`, `correo_usuario`, `password`, `foto_usuario`, `telefono_usuario`, `remember_token`, `baja_usuario`, `tipo_usuario`, `facultad_usuario`, `escuela_usuario`)
VALUES
	(1,'Cimogsys','ESPOCH','2016-10-25','direccion@cimogsys.com','$2y$10$b0w0AG8OLMXY9j3f/jT.Me9gfz1CLXuvDRuJ/H/eZgdSeyQz.OrNi',NULL,NULL,'gVBnTqpxAwTN91Il0UodXwndpDehUuSmk9O3at4wspnSqN2fdR7RLRncJpyf',NULL,1,1,NULL),
	(2,'Usuario','FADE','2018-05-02','fade@espoch.edu.ec','$2y$12$W791s4u5GtzCdCkM/3GupuySTX2T6wxaxLlWftx41yY6T1Be9O.V.',NULL,NULL,'FTRF8QjRjGX7whls8i628WQwwKhSnaC2A99bd6nBvt5LmGI8cihmsWBqgWMx',NULL,2,1,NULL);

/*!40000 ALTER TABLE `usuario` ENABLE KEYS */;
UNLOCK TABLES;


# Volcado de tabla visitor_registry
# ------------------------------------------------------------

DROP TABLE IF EXISTS `visitor_registry`;

CREATE TABLE `visitor_registry` (
  `id` int(10) unsigned NOT NULL AUTO_INCREMENT,
  `ip` varchar(32) COLLATE utf8_unicode_ci NOT NULL,
  `country` varchar(4) COLLATE utf8_unicode_ci DEFAULT NULL,
  `clicks` int(10) unsigned NOT NULL DEFAULT '0',
  `created_at` timestamp NULL DEFAULT NULL,
  `updated_at` timestamp NULL DEFAULT NULL,
  PRIMARY KEY (`id`)
) ENGINE=InnoDB DEFAULT CHARSET=utf8 COLLATE=utf8_unicode_ci;




/*!40111 SET SQL_NOTES=@OLD_SQL_NOTES */;
/*!40101 SET SQL_MODE=@OLD_SQL_MODE */;
/*!40014 SET FOREIGN_KEY_CHECKS=@OLD_FOREIGN_KEY_CHECKS */;
/*!40101 SET CHARACTER_SET_CLIENT=@OLD_CHARACTER_SET_CLIENT */;
/*!40101 SET CHARACTER_SET_RESULTS=@OLD_CHARACTER_SET_RESULTS */;
/*!40101 SET COLLATION_CONNECTION=@OLD_COLLATION_CONNECTION */;
